<?xml version="1.0" encoding="UTF-8"?>
<kml xmlns="http://www.opengis.net/kml/2.2">
  <Document>
    <name>Tracks 2026 participant only</name>
    <Style id="line-E65100-1969-normal">
      <LineStyle>
        <color>ff0051e6</color>
        <width>1.969</width>
      </LineStyle>
    </Style>
    <Style id="line-E65100-1969-highlight">
      <LineStyle>
        <color>ff0051e6</color>
        <width>2.9535</width>
      </LineStyle>
    </Style>
    <StyleMap id="line-E65100-1969">
      <Pair>
        <key>normal</key>
        <styleUrl>#line-E65100-1969-normal</styleUrl>
      </Pair>
      <Pair>
        <key>highlight</key>
        <styleUrl>#line-E65100-1969-highlight</styleUrl>
      </Pair>
    </StyleMap>
    <Placemark>
      <name>Deniliquin Road</name>
      <description><![CDATA[description: <br>fid: 1<br>FType: 0<br>Owner: Other<br>Usage: Motorised<br>Status: In Use<br>Surface: Sealed<br>Restriction: General<br>Lanes: 2<br>GlobalID: {3E7C9EF6-1D8A-4C74-8B8F-A1E4121089EE}<br>created_user: NWellsAU<br>last_edited_user: WELNIG<br>VehicleTravel: Passing Possible<br>VehicleRequirement: No Requirements<br>VehicleLimitation: Small and Large Vehicles<br>SHAPE_Length: 755.83479314<br>Source: ]]></description>
      <styleUrl>#line-E65100-1969</styleUrl>
      <ExtendedData>
        <Data name="description">
          <value/>
        </Data>
        <Data name="fid">
          <value>1</value>
        </Data>
        <Data name="FType">
          <value>0</value>
        </Data>
        <Data name="Owner">
          <value>Other</value>
        </Data>
        <Data name="Usage">
          <value>Motorised</value>
        </Data>
        <Data name="Status">
          <value>In Use</value>
        </Data>
        <Data name="Surface">
          <value>Sealed</value>
        </Data>
        <Data name="Restriction">
          <value>General</value>
        </Data>
        <Data name="Lanes">
          <value>2</value>
        </Data>
        <Data name="GlobalID">
          <value>{3E7C9EF6-1D8A-4C74-8B8F-A1E4121089EE}</value>
        </Data>
        <Data name="created_user">
          <value>NWellsAU</value>
        </Data>
        <Data name="last_edited_user">
          <value>WELNIG</value>
        </Data>
        <Data name="VehicleTravel">
          <value>Passing Possible</value>
        </Data>
        <Data name="VehicleRequirement">
          <value>No Requirements</value>
        </Data>
        <Data name="VehicleLimitation">
          <value>Small and Large Vehicles</value>
        </Data>
        <Data name="SHAPE_Length">
          <value>755.83479314</value>
        </Data>
        <Data name="Source">
          <value/>
        </Data>
      </ExtendedData>
      <LineString>
        <tessellate>1</tessellate>
        <coordinates>
          144.154319,-35.131936,0
          144.154747,-35.132543,0
          144.15556,-35.133674,0
          144.156358,-35.134631,0
          144.15817,-35.136497,0
        </coordinates>
      </LineString>
    </Placemark>
    <Placemark>
      <name>Sunset Drive</name>
      <description><![CDATA[description: <br>fid: 2<br>FType: 0<br>Owner: DTE<br>Usage: Motorised<br>Status: In Use<br>Surface: Sand<br>Restriction: General<br>Lanes: 2<br>GlobalID: {75BABD10-74D1-4141-8C09-DD5C903CB769}<br>created_user: NWellsAU<br>last_edited_user: WELNIG<br>VehicleTravel: Passing Possible<br>VehicleRequirement: No Requirements<br>VehicleLimitation: Small and Large Vehicles<br>SHAPE_Length: 895.555018421<br>Source: ]]></description>
      <styleUrl>#line-E65100-1969</styleUrl>
      <ExtendedData>
        <Data name="description">
          <value/>
        </Data>
        <Data name="fid">
          <value>2</value>
        </Data>
        <Data name="FType">
          <value>0</value>
        </Data>
        <Data name="Owner">
          <value>DTE</value>
        </Data>
        <Data name="Usage">
          <value>Motorised</value>
        </Data>
        <Data name="Status">
          <value>In Use</value>
        </Data>
        <Data name="Surface">
          <value>Sand</value>
        </Data>
        <Data name="Restriction">
          <value>General</value>
        </Data>
        <Data name="Lanes">
          <value>2</value>
        </Data>
        <Data name="GlobalID">
          <value>{75BABD10-74D1-4141-8C09-DD5C903CB769}</value>
        </Data>
        <Data name="created_user">
          <value>NWellsAU</value>
        </Data>
        <Data name="last_edited_user">
          <value>WELNIG</value>
        </Data>
        <Data name="VehicleTravel">
          <value>Passing Possible</value>
        </Data>
        <Data name="VehicleRequirement">
          <value>No Requirements</value>
        </Data>
        <Data name="VehicleLimitation">
          <value>Small and Large Vehicles</value>
        </Data>
        <Data name="SHAPE_Length">
          <value>895.555018421</value>
        </Data>
        <Data name="Source">
          <value/>
        </Data>
      </ExtendedData>
      <LineString>
        <tessellate>1</tessellate>
        <coordinates>
          144.154186,-35.135701,0
          144.153651,-35.135817,0
          144.152546,-35.136104,0
          144.151494,-35.136395,0
          144.150977,-35.136527,0
          144.15071,-35.13658,0
          144.150181,-35.136663,0
          144.149771,-35.136716,0
          144.14951,-35.13674,0
          144.149153,-35.136736,0
          144.14891,-35.136736,0
          144.148708,-35.136736,0
          144.148559,-35.136755,0
          144.148345,-35.136809,0
          144.148048,-35.13693,0
          144.147745,-35.137061,0
          144.147406,-35.137226,0
          144.147038,-35.137406,0
          144.146699,-35.137581,0
          144.146606,-35.137633,0
        </coordinates>
      </LineString>
    </Placemark>
    <Placemark>
      <name>NULL</name>
      <description><![CDATA[description: <br>fid: 4<br>FType: 0<br>Owner: DTE<br>Usage: Motorised<br>Status: In Use<br>Surface: Bare<br>Restriction: Staff<br>Lanes: 2<br>GlobalID: {2D6393FA-C685-4710-8E9A-AD231EBF3897}<br>created_user: NWellsAU<br>last_edited_user: WELNIG<br>VehicleTravel: Passing Possible<br>VehicleRequirement: No Requirements<br>VehicleLimitation: Small and Large Vehicles<br>SHAPE_Length: 20.4047143813<br>Source: ]]></description>
      <styleUrl>#line-E65100-1969</styleUrl>
      <ExtendedData>
        <Data name="description">
          <value/>
        </Data>
        <Data name="fid">
          <value>4</value>
        </Data>
        <Data name="FType">
          <value>0</value>
        </Data>
        <Data name="Owner">
          <value>DTE</value>
        </Data>
        <Data name="Usage">
          <value>Motorised</value>
        </Data>
        <Data name="Status">
          <value>In Use</value>
        </Data>
        <Data name="Surface">
          <value>Bare</value>
        </Data>
        <Data name="Restriction">
          <value>Staff</value>
        </Data>
        <Data name="Lanes">
          <value>2</value>
        </Data>
        <Data name="GlobalID">
          <value>{2D6393FA-C685-4710-8E9A-AD231EBF3897}</value>
        </Data>
        <Data name="created_user">
          <value>NWellsAU</value>
        </Data>
        <Data name="last_edited_user">
          <value>WELNIG</value>
        </Data>
        <Data name="VehicleTravel">
          <value>Passing Possible</value>
        </Data>
        <Data name="VehicleRequirement">
          <value>No Requirements</value>
        </Data>
        <Data name="VehicleLimitation">
          <value>Small and Large Vehicles</value>
        </Data>
        <Data name="SHAPE_Length">
          <value>20.4047143813</value>
        </Data>
        <Data name="Source">
          <value/>
        </Data>
      </ExtendedData>
      <LineString>
        <tessellate>1</tessellate>
        <coordinates>
          144.146057,-35.138048,0
          144.146073,-35.137898,0
        </coordinates>
      </LineString>
    </Placemark>
    <Placemark>
      <name>NULL</name>
      <description><![CDATA[description: <br>fid: 6<br>FType: 0<br>Owner: DTE<br>Usage: Motorised<br>Status: In Use<br>Surface: Bare<br>Restriction: Staff<br>Lanes: 2<br>GlobalID: {648B39AC-CE4B-4A72-A540-A7B123669F0C}<br>created_user: NWellsAU<br>last_edited_user: WELNIG<br>VehicleTravel: Passing Possible<br>VehicleRequirement: No Requirements<br>VehicleLimitation: Small and Large Vehicles<br>SHAPE_Length: 38.6288584676<br>Source: ]]></description>
      <styleUrl>#line-E65100-1969</styleUrl>
      <ExtendedData>
        <Data name="description">
          <value/>
        </Data>
        <Data name="fid">
          <value>6</value>
        </Data>
        <Data name="FType">
          <value>0</value>
        </Data>
        <Data name="Owner">
          <value>DTE</value>
        </Data>
        <Data name="Usage">
          <value>Motorised</value>
        </Data>
        <Data name="Status">
          <value>In Use</value>
        </Data>
        <Data name="Surface">
          <value>Bare</value>
        </Data>
        <Data name="Restriction">
          <value>Staff</value>
        </Data>
        <Data name="Lanes">
          <value>2</value>
        </Data>
        <Data name="GlobalID">
          <value>{648B39AC-CE4B-4A72-A540-A7B123669F0C}</value>
        </Data>
        <Data name="created_user">
          <value>NWellsAU</value>
        </Data>
        <Data name="last_edited_user">
          <value>WELNIG</value>
        </Data>
        <Data name="VehicleTravel">
          <value>Passing Possible</value>
        </Data>
        <Data name="VehicleRequirement">
          <value>No Requirements</value>
        </Data>
        <Data name="VehicleLimitation">
          <value>Small and Large Vehicles</value>
        </Data>
        <Data name="SHAPE_Length">
          <value>38.6288584676</value>
        </Data>
        <Data name="Source">
          <value/>
        </Data>
      </ExtendedData>
      <LineString>
        <tessellate>1</tessellate>
        <coordinates>
          144.146073,-35.137898,0
          144.146078,-35.137799,0
          144.146062,-35.137615,0
        </coordinates>
      </LineString>
    </Placemark>
    <Placemark>
      <name>NULL</name>
      <description><![CDATA[description: <br>fid: 7<br>FType: 0<br>Owner: DTE<br>Usage: Mixed<br>Status: In Use<br>Surface: Sand<br>Restriction: General<br>Lanes: 2<br>GlobalID: {B4495751-C076-419A-956F-2975315BBC67}<br>created_user: NWellsAU<br>last_edited_user: WELNIG<br>VehicleTravel: Passing Possible<br>VehicleRequirement: No Requirements<br>VehicleLimitation: Small and Large Vehicles<br>SHAPE_Length: 61.14766082<br>Source: ]]></description>
      <styleUrl>#line-E65100-1969</styleUrl>
      <ExtendedData>
        <Data name="description">
          <value/>
        </Data>
        <Data name="fid">
          <value>7</value>
        </Data>
        <Data name="FType">
          <value>0</value>
        </Data>
        <Data name="Owner">
          <value>DTE</value>
        </Data>
        <Data name="Usage">
          <value>Mixed</value>
        </Data>
        <Data name="Status">
          <value>In Use</value>
        </Data>
        <Data name="Surface">
          <value>Sand</value>
        </Data>
        <Data name="Restriction">
          <value>General</value>
        </Data>
        <Data name="Lanes">
          <value>2</value>
        </Data>
        <Data name="GlobalID">
          <value>{B4495751-C076-419A-956F-2975315BBC67}</value>
        </Data>
        <Data name="created_user">
          <value>NWellsAU</value>
        </Data>
        <Data name="last_edited_user">
          <value>WELNIG</value>
        </Data>
        <Data name="VehicleTravel">
          <value>Passing Possible</value>
        </Data>
        <Data name="VehicleRequirement">
          <value>No Requirements</value>
        </Data>
        <Data name="VehicleLimitation">
          <value>Small and Large Vehicles</value>
        </Data>
        <Data name="SHAPE_Length">
          <value>61.14766082</value>
        </Data>
        <Data name="Source">
          <value/>
        </Data>
      </ExtendedData>
      <LineString>
        <tessellate>1</tessellate>
        <coordinates>
          144.146606,-35.137633,0
          144.146467,-35.13765,0
          144.146314,-35.13765,0
          144.14626,-35.137646,0
          144.146209,-35.137637,0
          144.146062,-35.137615,0
        </coordinates>
      </LineString>
    </Placemark>
    <Placemark>
      <name>NULL</name>
      <description><![CDATA[description: <br>fid: 38<br>FType: 0<br>Owner: DTE<br>Usage: Motorised<br>Status: In Use<br>Surface: Bare<br>Restriction: Staff<br>Lanes: 2<br>GlobalID: {F7A4D274-F853-4D27-9B65-52EF8B189D1E}<br>created_user: WELNIG<br>last_edited_user: WELNIG<br>VehicleTravel: Passing Possible<br>VehicleRequirement: No Requirements<br>VehicleLimitation: Small and Large Vehicles<br>SHAPE_Length: 69.4913853939<br>Source: ]]></description>
      <styleUrl>#line-E65100-1969</styleUrl>
      <ExtendedData>
        <Data name="description">
          <value/>
        </Data>
        <Data name="fid">
          <value>38</value>
        </Data>
        <Data name="FType">
          <value>0</value>
        </Data>
        <Data name="Owner">
          <value>DTE</value>
        </Data>
        <Data name="Usage">
          <value>Motorised</value>
        </Data>
        <Data name="Status">
          <value>In Use</value>
        </Data>
        <Data name="Surface">
          <value>Bare</value>
        </Data>
        <Data name="Restriction">
          <value>Staff</value>
        </Data>
        <Data name="Lanes">
          <value>2</value>
        </Data>
        <Data name="GlobalID">
          <value>{F7A4D274-F853-4D27-9B65-52EF8B189D1E}</value>
        </Data>
        <Data name="created_user">
          <value>WELNIG</value>
        </Data>
        <Data name="last_edited_user">
          <value>WELNIG</value>
        </Data>
        <Data name="VehicleTravel">
          <value>Passing Possible</value>
        </Data>
        <Data name="VehicleRequirement">
          <value>No Requirements</value>
        </Data>
        <Data name="VehicleLimitation">
          <value>Small and Large Vehicles</value>
        </Data>
        <Data name="SHAPE_Length">
          <value>69.4913853939</value>
        </Data>
        <Data name="Source">
          <value/>
        </Data>
      </ExtendedData>
      <LineString>
        <tessellate>1</tessellate>
        <coordinates>
          144.146606,-35.137633,0
          144.146533,-35.137673,0
          144.146313,-35.13779,0
          144.146152,-35.137868,0
          144.146073,-35.137898,0
        </coordinates>
      </LineString>
    </Placemark>
    <Placemark>
      <name>NULL</name>
      <description><![CDATA[description: <br>fid: 39<br>FType: 0<br>Owner: DTE<br>Usage: Mixed<br>Status: In Use<br>Surface: Sand<br>Restriction: General<br>Lanes: 2<br>GlobalID: {8A9190A1-1A54-491E-A23E-FDB3EA8F5DA5}<br>created_user: WELNIG<br>last_edited_user: WELNIG<br>VehicleTravel: Passing Possible<br>VehicleRequirement: No Requirements<br>VehicleLimitation: Small and Large Vehicles<br>SHAPE_Length: 36.7358264057<br>Source: ]]></description>
      <styleUrl>#line-E65100-1969</styleUrl>
      <ExtendedData>
        <Data name="description">
          <value/>
        </Data>
        <Data name="fid">
          <value>39</value>
        </Data>
        <Data name="FType">
          <value>0</value>
        </Data>
        <Data name="Owner">
          <value>DTE</value>
        </Data>
        <Data name="Usage">
          <value>Mixed</value>
        </Data>
        <Data name="Status">
          <value>In Use</value>
        </Data>
        <Data name="Surface">
          <value>Sand</value>
        </Data>
        <Data name="Restriction">
          <value>General</value>
        </Data>
        <Data name="Lanes">
          <value>2</value>
        </Data>
        <Data name="GlobalID">
          <value>{8A9190A1-1A54-491E-A23E-FDB3EA8F5DA5}</value>
        </Data>
        <Data name="created_user">
          <value>WELNIG</value>
        </Data>
        <Data name="last_edited_user">
          <value>WELNIG</value>
        </Data>
        <Data name="VehicleTravel">
          <value>Passing Possible</value>
        </Data>
        <Data name="VehicleRequirement">
          <value>No Requirements</value>
        </Data>
        <Data name="VehicleLimitation">
          <value>Small and Large Vehicles</value>
        </Data>
        <Data name="SHAPE_Length">
          <value>36.7358264057</value>
        </Data>
        <Data name="Source">
          <value/>
        </Data>
      </ExtendedData>
      <LineString>
        <tessellate>1</tessellate>
        <coordinates>
          144.146062,-35.137615,0
          144.145968,-35.137549,0
          144.145831,-35.137423,0
        </coordinates>
      </LineString>
    </Placemark>
    <Placemark>
      <name>NULL</name>
      <description><![CDATA[description: <br>fid: 61<br>FType: 0<br>Owner: DTE<br>Usage: Motorised<br>Status: In Use<br>Surface: Bare<br>Restriction: Staff<br>Lanes: 1<br>GlobalID: {5D193594-D56C-4DA9-BBAB-D584D2911768}<br>created_user: WELNIG<br>last_edited_user: WELNIG<br>VehicleTravel: Passing Possible<br>VehicleRequirement: No Requirements<br>VehicleLimitation: Small and Large Vehicles<br>SHAPE_Length: 152.137512514<br>Source: ]]></description>
      <styleUrl>#line-E65100-1969</styleUrl>
      <ExtendedData>
        <Data name="description">
          <value/>
        </Data>
        <Data name="fid">
          <value>61</value>
        </Data>
        <Data name="FType">
          <value>0</value>
        </Data>
        <Data name="Owner">
          <value>DTE</value>
        </Data>
        <Data name="Usage">
          <value>Motorised</value>
        </Data>
        <Data name="Status">
          <value>In Use</value>
        </Data>
        <Data name="Surface">
          <value>Bare</value>
        </Data>
        <Data name="Restriction">
          <value>Staff</value>
        </Data>
        <Data name="Lanes">
          <value>1</value>
        </Data>
        <Data name="GlobalID">
          <value>{5D193594-D56C-4DA9-BBAB-D584D2911768}</value>
        </Data>
        <Data name="created_user">
          <value>WELNIG</value>
        </Data>
        <Data name="last_edited_user">
          <value>WELNIG</value>
        </Data>
        <Data name="VehicleTravel">
          <value>Passing Possible</value>
        </Data>
        <Data name="VehicleRequirement">
          <value>No Requirements</value>
        </Data>
        <Data name="VehicleLimitation">
          <value>Small and Large Vehicles</value>
        </Data>
        <Data name="SHAPE_Length">
          <value>152.137512514</value>
        </Data>
        <Data name="Source">
          <value/>
        </Data>
      </ExtendedData>
      <LineString>
        <tessellate>1</tessellate>
        <coordinates>
          144.154553,-35.133384,0
          144.15446,-35.133433,0
          144.154391,-35.133467,0
          144.154303,-35.133524,0
          144.15423,-35.133611,0
          144.154218,-35.133689,0
          144.154236,-35.133838,0
          144.154294,-35.134011,0
          144.154331,-35.134158,0
          144.15437,-35.134362,0
        </coordinates>
      </LineString>
    </Placemark>
    <Placemark>
      <name>NULL</name>
      <description><![CDATA[description: <br>fid: 62<br>FType: 0<br>Owner: DTE<br>Usage: Motorised<br>Status: In Use<br>Surface: Bare<br>Restriction: Staff<br>Lanes: 1<br>GlobalID: {D3179FD1-D6D1-40FB-9DE8-183F70428C75}<br>created_user: WELNIG<br>last_edited_user: WELNIG<br>VehicleTravel: Passing Possible<br>VehicleRequirement: No Requirements<br>VehicleLimitation: Small and Large Vehicles<br>SHAPE_Length: 337.398675902<br>Source: ]]></description>
      <styleUrl>#line-E65100-1969</styleUrl>
      <ExtendedData>
        <Data name="description">
          <value/>
        </Data>
        <Data name="fid">
          <value>62</value>
        </Data>
        <Data name="FType">
          <value>0</value>
        </Data>
        <Data name="Owner">
          <value>DTE</value>
        </Data>
        <Data name="Usage">
          <value>Motorised</value>
        </Data>
        <Data name="Status">
          <value>In Use</value>
        </Data>
        <Data name="Surface">
          <value>Bare</value>
        </Data>
        <Data name="Restriction">
          <value>Staff</value>
        </Data>
        <Data name="Lanes">
          <value>1</value>
        </Data>
        <Data name="GlobalID">
          <value>{D3179FD1-D6D1-40FB-9DE8-183F70428C75}</value>
        </Data>
        <Data name="created_user">
          <value>WELNIG</value>
        </Data>
        <Data name="last_edited_user">
          <value>WELNIG</value>
        </Data>
        <Data name="VehicleTravel">
          <value>Passing Possible</value>
        </Data>
        <Data name="VehicleRequirement">
          <value>No Requirements</value>
        </Data>
        <Data name="VehicleLimitation">
          <value>Small and Large Vehicles</value>
        </Data>
        <Data name="SHAPE_Length">
          <value>337.398675902</value>
        </Data>
        <Data name="Source">
          <value/>
        </Data>
      </ExtendedData>
      <LineString>
        <tessellate>1</tessellate>
        <coordinates>
          144.15446,-35.133433,0
          144.154438,-35.133479,0
          144.154426,-35.133557,0
          144.154452,-35.133653,0
          144.154454,-35.1338,0
          144.154434,-35.13397,0
          144.15437,-35.134362,0
          144.15431,-35.134849,0
          144.154223,-35.135253,0
          144.154134,-35.135426,0
          144.154004,-35.13562,0
          144.153806,-35.135783,0
        </coordinates>
      </LineString>
    </Placemark>
    <Placemark>
      <name>NULL</name>
      <description><![CDATA[description: <br>fid: 86<br>FType: 0<br>Owner: Other<br>Usage: Motorised<br>Status: In Use<br>Surface: Sand<br>Restriction: General<br>Lanes: 2<br>GlobalID: {E4F3B4F7-8339-4BBA-AE87-C47446215E5A}<br>created_user: WELNIG<br>last_edited_user: WELNIG<br>VehicleTravel: Passing Possible<br>VehicleRequirement: No Requirements<br>VehicleLimitation: Small and Large Vehicles<br>SHAPE_Length: 72.3855581679<br>Source: ]]></description>
      <styleUrl>#line-E65100-1969</styleUrl>
      <ExtendedData>
        <Data name="description">
          <value/>
        </Data>
        <Data name="fid">
          <value>86</value>
        </Data>
        <Data name="FType">
          <value>0</value>
        </Data>
        <Data name="Owner">
          <value>Other</value>
        </Data>
        <Data name="Usage">
          <value>Motorised</value>
        </Data>
        <Data name="Status">
          <value>In Use</value>
        </Data>
        <Data name="Surface">
          <value>Sand</value>
        </Data>
        <Data name="Restriction">
          <value>General</value>
        </Data>
        <Data name="Lanes">
          <value>2</value>
        </Data>
        <Data name="GlobalID">
          <value>{E4F3B4F7-8339-4BBA-AE87-C47446215E5A}</value>
        </Data>
        <Data name="created_user">
          <value>WELNIG</value>
        </Data>
        <Data name="last_edited_user">
          <value>WELNIG</value>
        </Data>
        <Data name="VehicleTravel">
          <value>Passing Possible</value>
        </Data>
        <Data name="VehicleRequirement">
          <value>No Requirements</value>
        </Data>
        <Data name="VehicleLimitation">
          <value>Small and Large Vehicles</value>
        </Data>
        <Data name="SHAPE_Length">
          <value>72.3855581679</value>
        </Data>
        <Data name="Source">
          <value/>
        </Data>
      </ExtendedData>
      <LineString>
        <tessellate>1</tessellate>
        <coordinates>
          144.156358,-35.134631,0
          144.155831,-35.13491,0
          144.155813,-35.13492,0
        </coordinates>
      </LineString>
    </Placemark>
    <Placemark>
      <name>Sunset Drive</name>
      <description><![CDATA[description: <br>fid: 87<br>FType: 0<br>Owner: DTE<br>Usage: Motorised<br>Status: In Use<br>Surface: Sand<br>Restriction: General<br>Lanes: 2<br>GlobalID: {F2E8370A-C996-4199-ADBD-5506FD2416D0}<br>created_user: WELNIG<br>last_edited_user: WELNIG<br>VehicleTravel: Passing Possible<br>VehicleRequirement: No Requirements<br>VehicleLimitation: Small and Large Vehicles<br>SHAPE_Length: 212.891036108<br>Source: ]]></description>
      <styleUrl>#line-E65100-1969</styleUrl>
      <ExtendedData>
        <Data name="description">
          <value/>
        </Data>
        <Data name="fid">
          <value>87</value>
        </Data>
        <Data name="FType">
          <value>0</value>
        </Data>
        <Data name="Owner">
          <value>DTE</value>
        </Data>
        <Data name="Usage">
          <value>Motorised</value>
        </Data>
        <Data name="Status">
          <value>In Use</value>
        </Data>
        <Data name="Surface">
          <value>Sand</value>
        </Data>
        <Data name="Restriction">
          <value>General</value>
        </Data>
        <Data name="Lanes">
          <value>2</value>
        </Data>
        <Data name="GlobalID">
          <value>{F2E8370A-C996-4199-ADBD-5506FD2416D0}</value>
        </Data>
        <Data name="created_user">
          <value>WELNIG</value>
        </Data>
        <Data name="last_edited_user">
          <value>WELNIG</value>
        </Data>
        <Data name="VehicleTravel">
          <value>Passing Possible</value>
        </Data>
        <Data name="VehicleRequirement">
          <value>No Requirements</value>
        </Data>
        <Data name="VehicleLimitation">
          <value>Small and Large Vehicles</value>
        </Data>
        <Data name="SHAPE_Length">
          <value>212.891036108</value>
        </Data>
        <Data name="Source">
          <value/>
        </Data>
      </ExtendedData>
      <LineString>
        <tessellate>1</tessellate>
        <coordinates>
          144.155813,-35.13492,0
          144.155226,-35.135258,0
          144.154941,-35.135433,0
          144.154673,-35.135579,0
          144.154519,-35.135647,0
          144.154465,-35.135667,0
          144.154186,-35.135701,0
        </coordinates>
      </LineString>
    </Placemark>
    <Placemark>
      <name>NULL</name>
      <description><![CDATA[description: <br>fid: 88<br>FType: 0<br>Owner: Other<br>Usage: Motorised<br>Status: In Use<br>Surface: Bare<br>Restriction: Staff<br>Lanes: 1<br>GlobalID: {027F8B64-F892-4D9A-9FF1-24C7097A877D}<br>created_user: WELNIG<br>last_edited_user: WELNIG<br>VehicleTravel: Passing Possible<br>VehicleRequirement: No Requirements<br>VehicleLimitation: Small and Large Vehicles<br>SHAPE_Length: 17.3414439497<br>Source: ]]></description>
      <styleUrl>#line-E65100-1969</styleUrl>
      <ExtendedData>
        <Data name="description">
          <value/>
        </Data>
        <Data name="fid">
          <value>88</value>
        </Data>
        <Data name="FType">
          <value>0</value>
        </Data>
        <Data name="Owner">
          <value>Other</value>
        </Data>
        <Data name="Usage">
          <value>Motorised</value>
        </Data>
        <Data name="Status">
          <value>In Use</value>
        </Data>
        <Data name="Surface">
          <value>Bare</value>
        </Data>
        <Data name="Restriction">
          <value>Staff</value>
        </Data>
        <Data name="Lanes">
          <value>1</value>
        </Data>
        <Data name="GlobalID">
          <value>{027F8B64-F892-4D9A-9FF1-24C7097A877D}</value>
        </Data>
        <Data name="created_user">
          <value>WELNIG</value>
        </Data>
        <Data name="last_edited_user">
          <value>WELNIG</value>
        </Data>
        <Data name="VehicleTravel">
          <value>Passing Possible</value>
        </Data>
        <Data name="VehicleRequirement">
          <value>No Requirements</value>
        </Data>
        <Data name="VehicleLimitation">
          <value>Small and Large Vehicles</value>
        </Data>
        <Data name="SHAPE_Length">
          <value>17.3414439497</value>
        </Data>
        <Data name="Source">
          <value/>
        </Data>
      </ExtendedData>
      <LineString>
        <tessellate>1</tessellate>
        <coordinates>
          144.154553,-35.133384,0
          144.154704,-35.133354,0
        </coordinates>
      </LineString>
    </Placemark>
    <Placemark>
      <name>NULL</name>
      <description><![CDATA[description: <br>fid: 89<br>FType: 0<br>Owner: Other<br>Usage: Motorised<br>Status: In Use<br>Surface: Bare<br>Restriction: Staff<br>Lanes: 1<br>GlobalID: {8C4184E6-2D32-4BBD-9EE4-186AFC0493C6}<br>created_user: WELNIG<br>last_edited_user: WELNIG<br>VehicleTravel: Passing Possible<br>VehicleRequirement: No Requirements<br>VehicleLimitation: Small and Large Vehicles<br>SHAPE_Length: 111.283727055<br>Source: ]]></description>
      <styleUrl>#line-E65100-1969</styleUrl>
      <ExtendedData>
        <Data name="description">
          <value/>
        </Data>
        <Data name="fid">
          <value>89</value>
        </Data>
        <Data name="FType">
          <value>0</value>
        </Data>
        <Data name="Owner">
          <value>Other</value>
        </Data>
        <Data name="Usage">
          <value>Motorised</value>
        </Data>
        <Data name="Status">
          <value>In Use</value>
        </Data>
        <Data name="Surface">
          <value>Bare</value>
        </Data>
        <Data name="Restriction">
          <value>Staff</value>
        </Data>
        <Data name="Lanes">
          <value>1</value>
        </Data>
        <Data name="GlobalID">
          <value>{8C4184E6-2D32-4BBD-9EE4-186AFC0493C6}</value>
        </Data>
        <Data name="created_user">
          <value>WELNIG</value>
        </Data>
        <Data name="last_edited_user">
          <value>WELNIG</value>
        </Data>
        <Data name="VehicleTravel">
          <value>Passing Possible</value>
        </Data>
        <Data name="VehicleRequirement">
          <value>No Requirements</value>
        </Data>
        <Data name="VehicleLimitation">
          <value>Small and Large Vehicles</value>
        </Data>
        <Data name="SHAPE_Length">
          <value>111.283727055</value>
        </Data>
        <Data name="Source">
          <value/>
        </Data>
      </ExtendedData>
      <LineString>
        <tessellate>1</tessellate>
        <coordinates>
          144.154704,-35.133354,0
          144.154751,-35.133156,0
          144.154716,-35.132919,0
          144.154747,-35.132543,0
        </coordinates>
      </LineString>
    </Placemark>
    <Placemark>
      <name>NULL</name>
      <description><![CDATA[description: <br>fid: 90<br>FType: 0<br>Owner: Other<br>Usage: Motorised<br>Status: In Use<br>Surface: Bare<br>Restriction: Staff<br>Lanes: 1<br>GlobalID: {46C6761E-264E-46E4-9D17-F8673F7EE7FA}<br>created_user: WELNIG<br>last_edited_user: WELNIG<br>VehicleTravel: Passing Possible<br>VehicleRequirement: No Requirements<br>VehicleLimitation: Small and Large Vehicles<br>SHAPE_Length: 105.768739358<br>Source: ]]></description>
      <styleUrl>#line-E65100-1969</styleUrl>
      <ExtendedData>
        <Data name="description">
          <value/>
        </Data>
        <Data name="fid">
          <value>90</value>
        </Data>
        <Data name="FType">
          <value>0</value>
        </Data>
        <Data name="Owner">
          <value>Other</value>
        </Data>
        <Data name="Usage">
          <value>Motorised</value>
        </Data>
        <Data name="Status">
          <value>In Use</value>
        </Data>
        <Data name="Surface">
          <value>Bare</value>
        </Data>
        <Data name="Restriction">
          <value>Staff</value>
        </Data>
        <Data name="Lanes">
          <value>1</value>
        </Data>
        <Data name="GlobalID">
          <value>{46C6761E-264E-46E4-9D17-F8673F7EE7FA}</value>
        </Data>
        <Data name="created_user">
          <value>WELNIG</value>
        </Data>
        <Data name="last_edited_user">
          <value>WELNIG</value>
        </Data>
        <Data name="VehicleTravel">
          <value>Passing Possible</value>
        </Data>
        <Data name="VehicleRequirement">
          <value>No Requirements</value>
        </Data>
        <Data name="VehicleLimitation">
          <value>Small and Large Vehicles</value>
        </Data>
        <Data name="SHAPE_Length">
          <value>105.768739358</value>
        </Data>
        <Data name="Source">
          <value/>
        </Data>
      </ExtendedData>
      <LineString>
        <tessellate>1</tessellate>
        <coordinates>
          144.154704,-35.133354,0
          144.155031,-35.133448,0
          144.155276,-35.133511,0
          144.15556,-35.133674,0
        </coordinates>
      </LineString>
    </Placemark>
    <Placemark>
      <name>Friendship Drive</name>
      <description><![CDATA[description: <br>fid: 93<br>FType: 0<br>Owner: DTE<br>Usage: Unknown<br>Status: Unknown<br>Surface: Unknown<br>Restriction: Staff<br>Lanes: 0<br>GlobalID: {DD2C8AB5-CCBA-4DE2-BDD5-335CFFCFF08A}<br>created_user: WELNIG<br>last_edited_user: WELNIG<br>VehicleTravel: Unknown<br>VehicleRequirement: Unknown<br>VehicleLimitation: Unknown<br>SHAPE_Length: 334.363714643<br>Source: ]]></description>
      <styleUrl>#line-E65100-1969</styleUrl>
      <ExtendedData>
        <Data name="description">
          <value/>
        </Data>
        <Data name="fid">
          <value>93</value>
        </Data>
        <Data name="FType">
          <value>0</value>
        </Data>
        <Data name="Owner">
          <value>DTE</value>
        </Data>
        <Data name="Usage">
          <value>Unknown</value>
        </Data>
        <Data name="Status">
          <value>Unknown</value>
        </Data>
        <Data name="Surface">
          <value>Unknown</value>
        </Data>
        <Data name="Restriction">
          <value>Staff</value>
        </Data>
        <Data name="Lanes">
          <value>0</value>
        </Data>
        <Data name="GlobalID">
          <value>{DD2C8AB5-CCBA-4DE2-BDD5-335CFFCFF08A}</value>
        </Data>
        <Data name="created_user">
          <value>WELNIG</value>
        </Data>
        <Data name="last_edited_user">
          <value>WELNIG</value>
        </Data>
        <Data name="VehicleTravel">
          <value>Unknown</value>
        </Data>
        <Data name="VehicleRequirement">
          <value>Unknown</value>
        </Data>
        <Data name="VehicleLimitation">
          <value>Unknown</value>
        </Data>
        <Data name="SHAPE_Length">
          <value>334.363714643</value>
        </Data>
        <Data name="Source">
          <value/>
        </Data>
      </ExtendedData>
      <LineString>
        <tessellate>1</tessellate>
        <coordinates>
          144.146057,-35.138048,0
          144.146051,-35.138111,0
          144.14601,-35.138237,0
          144.145909,-35.138431,0
          144.145784,-35.138704,0
          144.145606,-35.139019,0
          144.145481,-35.139262,0
          144.145285,-35.139578,0
          144.145124,-35.13986,0
          144.145041,-35.14004,0
          144.145006,-35.140186,0
          144.145059,-35.140322,0
        </coordinates>
      </LineString>
    </Placemark>
    <Placemark>
      <name>Freedom Road</name>
      <description><![CDATA[description: <br>fid: 100<br>FType: 0<br>Owner: DTE<br>Usage: Unknown<br>Status: Unknown<br>Surface: Unknown<br>Restriction: Staff<br>Lanes: 0<br>GlobalID: {00201D65-16F6-4B49-A218-EC92B33F3274}<br>created_user: WELNIG<br>last_edited_user: WELNIG<br>VehicleTravel: Unknown<br>VehicleRequirement: Unknown<br>VehicleLimitation: Unknown<br>SHAPE_Length: 271.632253986<br>Source: ]]></description>
      <styleUrl>#line-E65100-1969</styleUrl>
      <ExtendedData>
        <Data name="description">
          <value/>
        </Data>
        <Data name="fid">
          <value>100</value>
        </Data>
        <Data name="FType">
          <value>0</value>
        </Data>
        <Data name="Owner">
          <value>DTE</value>
        </Data>
        <Data name="Usage">
          <value>Unknown</value>
        </Data>
        <Data name="Status">
          <value>Unknown</value>
        </Data>
        <Data name="Surface">
          <value>Unknown</value>
        </Data>
        <Data name="Restriction">
          <value>Staff</value>
        </Data>
        <Data name="Lanes">
          <value>0</value>
        </Data>
        <Data name="GlobalID">
          <value>{00201D65-16F6-4B49-A218-EC92B33F3274}</value>
        </Data>
        <Data name="created_user">
          <value>WELNIG</value>
        </Data>
        <Data name="last_edited_user">
          <value>WELNIG</value>
        </Data>
        <Data name="VehicleTravel">
          <value>Unknown</value>
        </Data>
        <Data name="VehicleRequirement">
          <value>Unknown</value>
        </Data>
        <Data name="VehicleLimitation">
          <value>Unknown</value>
        </Data>
        <Data name="SHAPE_Length">
          <value>271.632253986</value>
        </Data>
        <Data name="Source">
          <value/>
        </Data>
      </ExtendedData>
      <LineString>
        <tessellate>1</tessellate>
        <coordinates>
          144.143277,-35.148521,0
          144.143342,-35.148555,0
          144.143469,-35.148622,0
          144.143577,-35.14872,0
          144.14359,-35.148767,0
          144.143584,-35.148859,0
          144.143606,-35.148936,0
          144.143809,-35.149206,0
          144.143991,-35.14948,0
          144.144002,-35.149538,0
          144.144012,-35.149856,0
          144.144055,-35.149975,0
          144.144166,-35.150025,0
          144.144305,-35.150028,0
          144.144412,-35.150028,0
          144.144487,-35.150057,0
          144.144565,-35.150121,0
          144.144711,-35.150241,0
          144.14479,-35.150372,0
          144.144847,-35.150456,0
          144.14495,-35.150583,0
          144.145136,-35.150708,0
          144.145383,-35.150825,0
          144.14556,-35.15092,0
          144.145749,-35.150961,0
          144.145995,-35.150972,0
          144.146226,-35.150952,0
          144.146568,-35.150927,0
          144.146772,-35.150836,0
          144.146904,-35.1508,0
          144.147303,-35.150649,0
          144.147553,-35.150532,0
        </coordinates>
      </LineString>
    </Placemark>
    <Placemark>
      <name>Friendship Drive (this section prev. Mislocation Road)</name>
      <description><![CDATA[description: <br>fid: 101<br>FType: 0<br>Owner: DTE<br>Usage: Unknown<br>Status: Unknown<br>Surface: Unknown<br>Restriction: Staff<br>Lanes: 0<br>GlobalID: {795CF653-2988-48F4-AD12-B32E11508A2C}<br>created_user: WELNIG<br>last_edited_user: WELNIG<br>VehicleTravel: Unknown<br>VehicleRequirement: Unknown<br>VehicleLimitation: Unknown<br>SHAPE_Length: 121.121877053<br>Source: ]]></description>
      <styleUrl>#line-E65100-1969</styleUrl>
      <ExtendedData>
        <Data name="description">
          <value/>
        </Data>
        <Data name="fid">
          <value>101</value>
        </Data>
        <Data name="FType">
          <value>0</value>
        </Data>
        <Data name="Owner">
          <value>DTE</value>
        </Data>
        <Data name="Usage">
          <value>Unknown</value>
        </Data>
        <Data name="Status">
          <value>Unknown</value>
        </Data>
        <Data name="Surface">
          <value>Unknown</value>
        </Data>
        <Data name="Restriction">
          <value>Staff</value>
        </Data>
        <Data name="Lanes">
          <value>0</value>
        </Data>
        <Data name="GlobalID">
          <value>{795CF653-2988-48F4-AD12-B32E11508A2C}</value>
        </Data>
        <Data name="created_user">
          <value>WELNIG</value>
        </Data>
        <Data name="last_edited_user">
          <value>WELNIG</value>
        </Data>
        <Data name="VehicleTravel">
          <value>Unknown</value>
        </Data>
        <Data name="VehicleRequirement">
          <value>Unknown</value>
        </Data>
        <Data name="VehicleLimitation">
          <value>Unknown</value>
        </Data>
        <Data name="SHAPE_Length">
          <value>121.121877053</value>
        </Data>
        <Data name="Source">
          <value/>
        </Data>
      </ExtendedData>
      <LineString>
        <tessellate>1</tessellate>
        <coordinates>
          144.147553,-35.150532,0
          144.147695,-35.150453,0
          144.147902,-35.150325,0
          144.14807,-35.150255,0
          144.148262,-35.150179,0
          144.148444,-35.150034,0
        </coordinates>
      </LineString>
    </Placemark>
    <Placemark>
      <name>NULL</name>
      <description><![CDATA[description: <br>fid: 103<br>FType: 0<br>Owner: DTE<br>Usage: Unknown<br>Status: Unknown<br>Surface: Unknown<br>Restriction: Staff<br>Lanes: 0<br>GlobalID: {CD68208E-C095-4CA8-82A4-4045FAF95F36}<br>created_user: WELNIG<br>last_edited_user: WELNIG<br>VehicleTravel: Unknown<br>VehicleRequirement: Unknown<br>VehicleLimitation: Unknown<br>SHAPE_Length: 94.0096096846<br>Source: ]]></description>
      <styleUrl>#line-E65100-1969</styleUrl>
      <ExtendedData>
        <Data name="description">
          <value/>
        </Data>
        <Data name="fid">
          <value>103</value>
        </Data>
        <Data name="FType">
          <value>0</value>
        </Data>
        <Data name="Owner">
          <value>DTE</value>
        </Data>
        <Data name="Usage">
          <value>Unknown</value>
        </Data>
        <Data name="Status">
          <value>Unknown</value>
        </Data>
        <Data name="Surface">
          <value>Unknown</value>
        </Data>
        <Data name="Restriction">
          <value>Staff</value>
        </Data>
        <Data name="Lanes">
          <value>0</value>
        </Data>
        <Data name="GlobalID">
          <value>{CD68208E-C095-4CA8-82A4-4045FAF95F36}</value>
        </Data>
        <Data name="created_user">
          <value>WELNIG</value>
        </Data>
        <Data name="last_edited_user">
          <value>WELNIG</value>
        </Data>
        <Data name="VehicleTravel">
          <value>Unknown</value>
        </Data>
        <Data name="VehicleRequirement">
          <value>Unknown</value>
        </Data>
        <Data name="VehicleLimitation">
          <value>Unknown</value>
        </Data>
        <Data name="SHAPE_Length">
          <value>94.0096096846</value>
        </Data>
        <Data name="Source">
          <value/>
        </Data>
      </ExtendedData>
      <LineString>
        <tessellate>1</tessellate>
        <coordinates>
          144.148444,-35.150034,0
          144.148576,-35.149722,0
          144.14869,-35.149374,0
        </coordinates>
      </LineString>
    </Placemark>
    <Placemark>
      <name/>
      <description><![CDATA[description: <br>fid: 104<br>FType: 0<br>Owner: DTE<br>Usage: Unknown<br>Status: Unknown<br>Surface: Unknown<br>Restriction: Staff<br>Lanes: 0<br>GlobalID: {8CB3435A-4448-430F-BEFC-BCFD3563FDB1}<br>created_user: WELNIG<br>last_edited_user: WELNIG<br>VehicleTravel: Unknown<br>VehicleRequirement: Unknown<br>VehicleLimitation: Unknown<br>SHAPE_Length: 224.141933432<br>Source: ]]></description>
      <styleUrl>#line-E65100-1969</styleUrl>
      <ExtendedData>
        <Data name="description">
          <value/>
        </Data>
        <Data name="fid">
          <value>104</value>
        </Data>
        <Data name="FType">
          <value>0</value>
        </Data>
        <Data name="Owner">
          <value>DTE</value>
        </Data>
        <Data name="Usage">
          <value>Unknown</value>
        </Data>
        <Data name="Status">
          <value>Unknown</value>
        </Data>
        <Data name="Surface">
          <value>Unknown</value>
        </Data>
        <Data name="Restriction">
          <value>Staff</value>
        </Data>
        <Data name="Lanes">
          <value>0</value>
        </Data>
        <Data name="GlobalID">
          <value>{8CB3435A-4448-430F-BEFC-BCFD3563FDB1}</value>
        </Data>
        <Data name="created_user">
          <value>WELNIG</value>
        </Data>
        <Data name="last_edited_user">
          <value>WELNIG</value>
        </Data>
        <Data name="VehicleTravel">
          <value>Unknown</value>
        </Data>
        <Data name="VehicleRequirement">
          <value>Unknown</value>
        </Data>
        <Data name="VehicleLimitation">
          <value>Unknown</value>
        </Data>
        <Data name="SHAPE_Length">
          <value>224.141933432</value>
        </Data>
        <Data name="Source">
          <value/>
        </Data>
      </ExtendedData>
      <LineString>
        <tessellate>1</tessellate>
        <coordinates>
          144.146772,-35.150836,0
          144.146755,-35.150631,0
          144.146662,-35.150396,0
          144.146567,-35.150259,0
          144.146455,-35.150114,0
          144.146351,-35.150013,0
          144.146284,-35.149893,0
          144.146241,-35.149687,0
          144.146199,-35.149523,0
          144.146095,-35.149328,0
        </coordinates>
      </LineString>
    </Placemark>
    <Placemark>
      <name>NULL</name>
      <description><![CDATA[description: <br>fid: 107<br>FType: 0<br>Owner: DTE<br>Usage: Unknown<br>Status: Unknown<br>Surface: Unknown<br>Restriction: Staff<br>Lanes: 0<br>GlobalID: {7029EE51-9E27-4ACB-A875-7C11F319D5BF}<br>created_user: WELNIG<br>last_edited_user: WELNIG<br>VehicleTravel: Unknown<br>VehicleRequirement: Unknown<br>VehicleLimitation: Unknown<br>SHAPE_Length: 150.573198379<br>Source: ]]></description>
      <styleUrl>#line-E65100-1969</styleUrl>
      <ExtendedData>
        <Data name="description">
          <value/>
        </Data>
        <Data name="fid">
          <value>107</value>
        </Data>
        <Data name="FType">
          <value>0</value>
        </Data>
        <Data name="Owner">
          <value>DTE</value>
        </Data>
        <Data name="Usage">
          <value>Unknown</value>
        </Data>
        <Data name="Status">
          <value>Unknown</value>
        </Data>
        <Data name="Surface">
          <value>Unknown</value>
        </Data>
        <Data name="Restriction">
          <value>Staff</value>
        </Data>
        <Data name="Lanes">
          <value>0</value>
        </Data>
        <Data name="GlobalID">
          <value>{7029EE51-9E27-4ACB-A875-7C11F319D5BF}</value>
        </Data>
        <Data name="created_user">
          <value>WELNIG</value>
        </Data>
        <Data name="last_edited_user">
          <value>WELNIG</value>
        </Data>
        <Data name="VehicleTravel">
          <value>Unknown</value>
        </Data>
        <Data name="VehicleRequirement">
          <value>Unknown</value>
        </Data>
        <Data name="VehicleLimitation">
          <value>Unknown</value>
        </Data>
        <Data name="SHAPE_Length">
          <value>150.573198379</value>
        </Data>
        <Data name="Source">
          <value/>
        </Data>
      </ExtendedData>
      <LineString>
        <tessellate>1</tessellate>
        <coordinates>
          144.148444,-35.150034,0
          144.148654,-35.149903,0
          144.148989,-35.149716,0
          144.149196,-35.149594,0
          144.149335,-35.149506,0
          144.149407,-35.149391,0
        </coordinates>
      </LineString>
    </Placemark>
    <Placemark>
      <name>Axis Pass</name>
      <description><![CDATA[description: <br>fid: 108<br>FType: 0<br>Owner: DTE<br>Usage: Unknown<br>Status: Unknown<br>Surface: Unknown<br>Restriction: Staff<br>Lanes: 0<br>GlobalID: {0B6350CA-2DE6-4320-9072-E4F4D0C6609C}<br>created_user: WELNIG<br>last_edited_user: WELNIG<br>VehicleTravel: Unknown<br>VehicleRequirement: Unknown<br>VehicleLimitation: Unknown<br>SHAPE_Length: 212.10026317<br>Source: ]]></description>
      <styleUrl>#line-E65100-1969</styleUrl>
      <ExtendedData>
        <Data name="description">
          <value/>
        </Data>
        <Data name="fid">
          <value>108</value>
        </Data>
        <Data name="FType">
          <value>0</value>
        </Data>
        <Data name="Owner">
          <value>DTE</value>
        </Data>
        <Data name="Usage">
          <value>Unknown</value>
        </Data>
        <Data name="Status">
          <value>Unknown</value>
        </Data>
        <Data name="Surface">
          <value>Unknown</value>
        </Data>
        <Data name="Restriction">
          <value>Staff</value>
        </Data>
        <Data name="Lanes">
          <value>0</value>
        </Data>
        <Data name="GlobalID">
          <value>{0B6350CA-2DE6-4320-9072-E4F4D0C6609C}</value>
        </Data>
        <Data name="created_user">
          <value>WELNIG</value>
        </Data>
        <Data name="last_edited_user">
          <value>WELNIG</value>
        </Data>
        <Data name="VehicleTravel">
          <value>Unknown</value>
        </Data>
        <Data name="VehicleRequirement">
          <value>Unknown</value>
        </Data>
        <Data name="VehicleLimitation">
          <value>Unknown</value>
        </Data>
        <Data name="SHAPE_Length">
          <value>212.10026317</value>
        </Data>
        <Data name="Source">
          <value/>
        </Data>
      </ExtendedData>
      <LineString>
        <tessellate>1</tessellate>
        <coordinates>
          144.145877,-35.149078,0
          144.145709,-35.14922,0
          144.145563,-35.149352,0
          144.145435,-35.149471,0
          144.145324,-35.149547,0
          144.145107,-35.14962,0
          144.145068,-35.149722,0
          144.145028,-35.149882,0
          144.144939,-35.149996,0
          144.144711,-35.150241,0
        </coordinates>
      </LineString>
    </Placemark>
    <Placemark>
      <name>NULL</name>
      <description><![CDATA[description: <br>fid: 110<br>FType: 0<br>Owner: DTE<br>Usage: Unknown<br>Status: Unknown<br>Surface: Unknown<br>Restriction: Staff<br>Lanes: 0<br>GlobalID: {E8E9E6C9-EC39-4584-92E7-0E20E846C9B2}<br>created_user: WELNIG<br>last_edited_user: WELNIG<br>VehicleTravel: Unknown<br>VehicleRequirement: Unknown<br>VehicleLimitation: Unknown<br>SHAPE_Length: 97.6175796253<br>Source: ]]></description>
      <styleUrl>#line-E65100-1969</styleUrl>
      <ExtendedData>
        <Data name="description">
          <value/>
        </Data>
        <Data name="fid">
          <value>110</value>
        </Data>
        <Data name="FType">
          <value>0</value>
        </Data>
        <Data name="Owner">
          <value>DTE</value>
        </Data>
        <Data name="Usage">
          <value>Unknown</value>
        </Data>
        <Data name="Status">
          <value>Unknown</value>
        </Data>
        <Data name="Surface">
          <value>Unknown</value>
        </Data>
        <Data name="Restriction">
          <value>Staff</value>
        </Data>
        <Data name="Lanes">
          <value>0</value>
        </Data>
        <Data name="GlobalID">
          <value>{E8E9E6C9-EC39-4584-92E7-0E20E846C9B2}</value>
        </Data>
        <Data name="created_user">
          <value>WELNIG</value>
        </Data>
        <Data name="last_edited_user">
          <value>WELNIG</value>
        </Data>
        <Data name="VehicleTravel">
          <value>Unknown</value>
        </Data>
        <Data name="VehicleRequirement">
          <value>Unknown</value>
        </Data>
        <Data name="VehicleLimitation">
          <value>Unknown</value>
        </Data>
        <Data name="SHAPE_Length">
          <value>97.6175796253</value>
        </Data>
        <Data name="Source">
          <value/>
        </Data>
      </ExtendedData>
      <LineString>
        <tessellate>1</tessellate>
        <coordinates>
          144.145877,-35.149078,0
          144.146082,-35.148819,0
        </coordinates>
      </LineString>
    </Placemark>
    <Placemark>
      <name/>
      <description><![CDATA[description: <br>fid: 119<br>FType: 0<br>Owner: DTE<br>Usage: Unknown<br>Status: Unknown<br>Surface: Unknown<br>Restriction: Staff<br>Lanes: 0<br>GlobalID: {F2C77AA0-5D44-49BC-A324-D8646CC95190}<br>created_user: WELNIG<br>last_edited_user: WELNIG<br>VehicleTravel: Unknown<br>VehicleRequirement: Unknown<br>VehicleLimitation: Unknown<br>SHAPE_Length: 192.840053472<br>Source: ]]></description>
      <styleUrl>#line-E65100-1969</styleUrl>
      <ExtendedData>
        <Data name="description">
          <value/>
        </Data>
        <Data name="fid">
          <value>119</value>
        </Data>
        <Data name="FType">
          <value>0</value>
        </Data>
        <Data name="Owner">
          <value>DTE</value>
        </Data>
        <Data name="Usage">
          <value>Unknown</value>
        </Data>
        <Data name="Status">
          <value>Unknown</value>
        </Data>
        <Data name="Surface">
          <value>Unknown</value>
        </Data>
        <Data name="Restriction">
          <value>Staff</value>
        </Data>
        <Data name="Lanes">
          <value>0</value>
        </Data>
        <Data name="GlobalID">
          <value>{F2C77AA0-5D44-49BC-A324-D8646CC95190}</value>
        </Data>
        <Data name="created_user">
          <value>WELNIG</value>
        </Data>
        <Data name="last_edited_user">
          <value>WELNIG</value>
        </Data>
        <Data name="VehicleTravel">
          <value>Unknown</value>
        </Data>
        <Data name="VehicleRequirement">
          <value>Unknown</value>
        </Data>
        <Data name="VehicleLimitation">
          <value>Unknown</value>
        </Data>
        <Data name="SHAPE_Length">
          <value>192.840053472</value>
        </Data>
        <Data name="Source">
          <value/>
        </Data>
      </ExtendedData>
      <LineString>
        <tessellate>1</tessellate>
        <coordinates>
          144.145843,-35.147514,0
          144.146144,-35.14745,0
          144.146371,-35.147371,0
          144.146505,-35.147127,0
          144.146942,-35.14674,0
          144.147408,-35.146372,0
          144.147322,-35.146702,0
        </coordinates>
      </LineString>
    </Placemark>
    <Placemark>
      <name>NULL</name>
      <description><![CDATA[description: <br>fid: 122<br>FType: 0<br>Owner: DTE<br>Usage: Unknown<br>Status: Unknown<br>Surface: Unknown<br>Restriction: Staff<br>Lanes: 0<br>GlobalID: {8DCF1B6F-B2A8-4F71-A4EF-AD508113E46F}<br>created_user: WELNIG<br>last_edited_user: WELNIG<br>VehicleTravel: Unknown<br>VehicleRequirement: Unknown<br>VehicleLimitation: Unknown<br>SHAPE_Length: 89.9214463752<br>Source: ]]></description>
      <styleUrl>#line-E65100-1969</styleUrl>
      <ExtendedData>
        <Data name="description">
          <value/>
        </Data>
        <Data name="fid">
          <value>122</value>
        </Data>
        <Data name="FType">
          <value>0</value>
        </Data>
        <Data name="Owner">
          <value>DTE</value>
        </Data>
        <Data name="Usage">
          <value>Unknown</value>
        </Data>
        <Data name="Status">
          <value>Unknown</value>
        </Data>
        <Data name="Surface">
          <value>Unknown</value>
        </Data>
        <Data name="Restriction">
          <value>Staff</value>
        </Data>
        <Data name="Lanes">
          <value>0</value>
        </Data>
        <Data name="GlobalID">
          <value>{8DCF1B6F-B2A8-4F71-A4EF-AD508113E46F}</value>
        </Data>
        <Data name="created_user">
          <value>WELNIG</value>
        </Data>
        <Data name="last_edited_user">
          <value>WELNIG</value>
        </Data>
        <Data name="VehicleTravel">
          <value>Unknown</value>
        </Data>
        <Data name="VehicleRequirement">
          <value>Unknown</value>
        </Data>
        <Data name="VehicleLimitation">
          <value>Unknown</value>
        </Data>
        <Data name="SHAPE_Length">
          <value>89.9214463752</value>
        </Data>
        <Data name="Source">
          <value/>
        </Data>
      </ExtendedData>
      <LineString>
        <tessellate>1</tessellate>
        <coordinates>
          144.147408,-35.146372,0
          144.147312,-35.14674,0
        </coordinates>
      </LineString>
    </Placemark>
    <Placemark>
      <name>NULL</name>
      <description><![CDATA[description: <br>fid: 126<br>FType: 0<br>Owner: DTE<br>Usage: Unknown<br>Status: Unknown<br>Surface: Unknown<br>Restriction: Staff<br>Lanes: 0<br>GlobalID: {C4890949-D5CF-43DE-8A13-D42DBB16A71C}<br>created_user: WELNIG<br>last_edited_user: WELNIG<br>VehicleTravel: Unknown<br>VehicleRequirement: Unknown<br>VehicleLimitation: Unknown<br>SHAPE_Length: 99.941047435<br>Source: ]]></description>
      <styleUrl>#line-E65100-1969</styleUrl>
      <ExtendedData>
        <Data name="description">
          <value/>
        </Data>
        <Data name="fid">
          <value>126</value>
        </Data>
        <Data name="FType">
          <value>0</value>
        </Data>
        <Data name="Owner">
          <value>DTE</value>
        </Data>
        <Data name="Usage">
          <value>Unknown</value>
        </Data>
        <Data name="Status">
          <value>Unknown</value>
        </Data>
        <Data name="Surface">
          <value>Unknown</value>
        </Data>
        <Data name="Restriction">
          <value>Staff</value>
        </Data>
        <Data name="Lanes">
          <value>0</value>
        </Data>
        <Data name="GlobalID">
          <value>{C4890949-D5CF-43DE-8A13-D42DBB16A71C}</value>
        </Data>
        <Data name="created_user">
          <value>WELNIG</value>
        </Data>
        <Data name="last_edited_user">
          <value>WELNIG</value>
        </Data>
        <Data name="VehicleTravel">
          <value>Unknown</value>
        </Data>
        <Data name="VehicleRequirement">
          <value>Unknown</value>
        </Data>
        <Data name="VehicleLimitation">
          <value>Unknown</value>
        </Data>
        <Data name="SHAPE_Length">
          <value>99.941047435</value>
        </Data>
        <Data name="Source">
          <value/>
        </Data>
      </ExtendedData>
      <LineString>
        <tessellate>1</tessellate>
        <coordinates>
          144.144706,-35.147529,0
          144.144661,-35.147004,0
          144.144875,-35.146538,0
        </coordinates>
      </LineString>
    </Placemark>
    <Placemark>
      <name>NULL</name>
      <description><![CDATA[description: <br>fid: 135<br>FType: 0<br>Owner: DTE<br>Usage: Unknown<br>Status: Unknown<br>Surface: Unknown<br>Restriction: Staff<br>Lanes: 0<br>GlobalID: {7B979683-3054-4F0F-94D9-12AB5154A87F}<br>created_user: WELNIG<br>last_edited_user: WELNIG<br>VehicleTravel: Unknown<br>VehicleRequirement: Unknown<br>VehicleLimitation: Unknown<br>SHAPE_Length: 0.359813977502<br>Source: ]]></description>
      <styleUrl>#line-E65100-1969</styleUrl>
      <ExtendedData>
        <Data name="description">
          <value/>
        </Data>
        <Data name="fid">
          <value>135</value>
        </Data>
        <Data name="FType">
          <value>0</value>
        </Data>
        <Data name="Owner">
          <value>DTE</value>
        </Data>
        <Data name="Usage">
          <value>Unknown</value>
        </Data>
        <Data name="Status">
          <value>Unknown</value>
        </Data>
        <Data name="Surface">
          <value>Unknown</value>
        </Data>
        <Data name="Restriction">
          <value>Staff</value>
        </Data>
        <Data name="Lanes">
          <value>0</value>
        </Data>
        <Data name="GlobalID">
          <value>{7B979683-3054-4F0F-94D9-12AB5154A87F}</value>
        </Data>
        <Data name="created_user">
          <value>WELNIG</value>
        </Data>
        <Data name="last_edited_user">
          <value>WELNIG</value>
        </Data>
        <Data name="VehicleTravel">
          <value>Unknown</value>
        </Data>
        <Data name="VehicleRequirement">
          <value>Unknown</value>
        </Data>
        <Data name="VehicleLimitation">
          <value>Unknown</value>
        </Data>
        <Data name="SHAPE_Length">
          <value>0.359813977502</value>
        </Data>
        <Data name="Source">
          <value/>
        </Data>
      </ExtendedData>
      <LineString>
        <tessellate>1</tessellate>
        <coordinates>
          144.143415,-35.146248,0
          144.143417,-35.146249,0
        </coordinates>
      </LineString>
    </Placemark>
    <Placemark>
      <name>Friendship Drive</name>
      <description><![CDATA[description: <br>fid: 148<br>FType: 0<br>Owner: DTE<br>Usage: Unknown<br>Status: Unknown<br>Surface: Unknown<br>Restriction: Staff<br>Lanes: 0<br>GlobalID: {7898ECB8-AFB5-48CF-BD49-9FF9AB589455}<br>created_user: WELNIG<br>last_edited_user: WELNIG<br>VehicleTravel: Unknown<br>VehicleRequirement: Unknown<br>VehicleLimitation: Unknown<br>SHAPE_Length: 998.092409705<br>Source: ]]></description>
      <styleUrl>#line-E65100-1969</styleUrl>
      <ExtendedData>
        <Data name="description">
          <value/>
        </Data>
        <Data name="fid">
          <value>148</value>
        </Data>
        <Data name="FType">
          <value>0</value>
        </Data>
        <Data name="Owner">
          <value>DTE</value>
        </Data>
        <Data name="Usage">
          <value>Unknown</value>
        </Data>
        <Data name="Status">
          <value>Unknown</value>
        </Data>
        <Data name="Surface">
          <value>Unknown</value>
        </Data>
        <Data name="Restriction">
          <value>Staff</value>
        </Data>
        <Data name="Lanes">
          <value>0</value>
        </Data>
        <Data name="GlobalID">
          <value>{7898ECB8-AFB5-48CF-BD49-9FF9AB589455}</value>
        </Data>
        <Data name="created_user">
          <value>WELNIG</value>
        </Data>
        <Data name="last_edited_user">
          <value>WELNIG</value>
        </Data>
        <Data name="VehicleTravel">
          <value>Unknown</value>
        </Data>
        <Data name="VehicleRequirement">
          <value>Unknown</value>
        </Data>
        <Data name="VehicleLimitation">
          <value>Unknown</value>
        </Data>
        <Data name="SHAPE_Length">
          <value>998.092409705</value>
        </Data>
        <Data name="Source">
          <value/>
        </Data>
      </ExtendedData>
      <LineString>
        <tessellate>1</tessellate>
        <coordinates>
          144.148892,-35.143606,0
          144.149064,-35.143665,0
          144.149248,-35.143699,0
          144.149486,-35.143718,0
          144.149789,-35.143747,0
          144.150062,-35.143772,0
          144.150252,-35.143791,0
          144.150431,-35.143801,0
          144.150594,-35.143837,0
          144.150721,-35.143912,0
          144.150776,-35.144039,0
          144.150793,-35.14418,0
          144.150728,-35.144408,0
          144.150609,-35.1447,0
          144.150544,-35.144879,0
          144.150454,-35.145108,0
          144.150342,-35.14537,0
          144.150229,-35.145608,0
          144.150145,-35.145807,0
          144.150062,-35.145948,0
          144.149961,-35.146118,0
          144.149819,-35.146366,0
          144.149694,-35.146575,0
          144.149593,-35.146779,0
          144.149474,-35.147041,0
          144.149385,-35.14728,0
          144.149308,-35.147508,0
          144.149207,-35.147761,0
          144.149147,-35.147979,0
          144.149064,-35.148212,0
          144.148826,-35.148931,0
          144.14869,-35.149374,0
        </coordinates>
      </LineString>
    </Placemark>
    <Placemark>
      <name>Friendship Drive</name>
      <description><![CDATA[description: <br>fid: 152<br>FType: 0<br>Owner: DTE<br>Usage: Unknown<br>Status: Unknown<br>Surface: Unknown<br>Restriction: Staff<br>Lanes: 0<br>GlobalID: {8A9A9782-61E4-4905-87E0-69665EA5712F}<br>created_user: WELNIG<br>last_edited_user: WELNIG<br>VehicleTravel: Unknown<br>VehicleRequirement: Unknown<br>VehicleLimitation: Unknown<br>SHAPE_Length: 565.736381095<br>Source: ]]></description>
      <styleUrl>#line-E65100-1969</styleUrl>
      <ExtendedData>
        <Data name="description">
          <value/>
        </Data>
        <Data name="fid">
          <value>152</value>
        </Data>
        <Data name="FType">
          <value>0</value>
        </Data>
        <Data name="Owner">
          <value>DTE</value>
        </Data>
        <Data name="Usage">
          <value>Unknown</value>
        </Data>
        <Data name="Status">
          <value>Unknown</value>
        </Data>
        <Data name="Surface">
          <value>Unknown</value>
        </Data>
        <Data name="Restriction">
          <value>Staff</value>
        </Data>
        <Data name="Lanes">
          <value>0</value>
        </Data>
        <Data name="GlobalID">
          <value>{8A9A9782-61E4-4905-87E0-69665EA5712F}</value>
        </Data>
        <Data name="created_user">
          <value>WELNIG</value>
        </Data>
        <Data name="last_edited_user">
          <value>WELNIG</value>
        </Data>
        <Data name="VehicleTravel">
          <value>Unknown</value>
        </Data>
        <Data name="VehicleRequirement">
          <value>Unknown</value>
        </Data>
        <Data name="VehicleLimitation">
          <value>Unknown</value>
        </Data>
        <Data name="SHAPE_Length">
          <value>565.736381095</value>
        </Data>
        <Data name="Source">
          <value/>
        </Data>
      </ExtendedData>
      <LineString>
        <tessellate>1</tessellate>
        <coordinates>
          144.145427,-35.140614,0
          144.145576,-35.14074,0
          144.145832,-35.140982,0
          144.146022,-35.141206,0
          144.146218,-35.141391,0
          144.146396,-35.141517,0
          144.146663,-35.141692,0
          144.146901,-35.141843,0
          144.14718,-35.142071,0
          144.14743,-35.142294,0
          144.147721,-35.142532,0
          144.14785,-35.142744,0
          144.147999,-35.142873,0
          144.148107,-35.142999,0
          144.148214,-35.14314,0
          144.148363,-35.143266,0
          144.148601,-35.143436,0
          144.148809,-35.143553,0
          144.148892,-35.143606,0
        </coordinates>
      </LineString>
    </Placemark>
    <Placemark>
      <name>NULL</name>
      <description><![CDATA[description: <br>fid: 153<br>FType: 0<br>Owner: DTE<br>Usage: Unknown<br>Status: Unknown<br>Surface: Unknown<br>Restriction: Staff<br>Lanes: 0<br>GlobalID: {8BC5350E-DC3B-4CAF-8B38-377A63BD1834}<br>created_user: WELNIG<br>last_edited_user: WELNIG<br>VehicleTravel: Unknown<br>VehicleRequirement: Unknown<br>VehicleLimitation: Unknown<br>SHAPE_Length: 57.1894042993<br>Source: ]]></description>
      <styleUrl>#line-E65100-1969</styleUrl>
      <ExtendedData>
        <Data name="description">
          <value/>
        </Data>
        <Data name="fid">
          <value>153</value>
        </Data>
        <Data name="FType">
          <value>0</value>
        </Data>
        <Data name="Owner">
          <value>DTE</value>
        </Data>
        <Data name="Usage">
          <value>Unknown</value>
        </Data>
        <Data name="Status">
          <value>Unknown</value>
        </Data>
        <Data name="Surface">
          <value>Unknown</value>
        </Data>
        <Data name="Restriction">
          <value>Staff</value>
        </Data>
        <Data name="Lanes">
          <value>0</value>
        </Data>
        <Data name="GlobalID">
          <value>{8BC5350E-DC3B-4CAF-8B38-377A63BD1834}</value>
        </Data>
        <Data name="created_user">
          <value>WELNIG</value>
        </Data>
        <Data name="last_edited_user">
          <value>WELNIG</value>
        </Data>
        <Data name="VehicleTravel">
          <value>Unknown</value>
        </Data>
        <Data name="VehicleRequirement">
          <value>Unknown</value>
        </Data>
        <Data name="VehicleLimitation">
          <value>Unknown</value>
        </Data>
        <Data name="SHAPE_Length">
          <value>57.1894042993</value>
        </Data>
        <Data name="Source">
          <value/>
        </Data>
      </ExtendedData>
      <LineString>
        <tessellate>1</tessellate>
        <coordinates>
          144.145059,-35.140322,0
          144.14519,-35.140433,0
          144.145374,-35.140569,0
          144.145427,-35.140614,0
        </coordinates>
      </LineString>
    </Placemark>
    <Placemark>
      <name/>
      <description><![CDATA[description: <br>fid: 210<br>FType: 0<br>Owner: DTE<br>Usage: Unknown<br>Status: <br>Surface: <br>Restriction: <br>Lanes: <br>GlobalID: <br>created_user: mattcen<br>last_edited_user: <br>VehicleTravel: <br>VehicleRequirement: <br>VehicleLimitation: <br>SHAPE_Length: <br>Source: Trevor]]></description>
      <styleUrl>#line-E65100-1969</styleUrl>
      <ExtendedData>
        <Data name="description">
          <value/>
        </Data>
        <Data name="fid">
          <value>210</value>
        </Data>
        <Data name="FType">
          <value>0</value>
        </Data>
        <Data name="Owner">
          <value>DTE</value>
        </Data>
        <Data name="Usage">
          <value>Unknown</value>
        </Data>
        <Data name="Status">
          <value/>
        </Data>
        <Data name="Surface">
          <value/>
        </Data>
        <Data name="Restriction">
          <value/>
        </Data>
        <Data name="Lanes">
          <value/>
        </Data>
        <Data name="GlobalID">
          <value/>
        </Data>
        <Data name="created_user">
          <value>mattcen</value>
        </Data>
        <Data name="last_edited_user">
          <value/>
        </Data>
        <Data name="VehicleTravel">
          <value/>
        </Data>
        <Data name="VehicleRequirement">
          <value/>
        </Data>
        <Data name="VehicleLimitation">
          <value/>
        </Data>
        <Data name="SHAPE_Length">
          <value/>
        </Data>
        <Data name="Source">
          <value>Trevor</value>
        </Data>
      </ExtendedData>
      <LineString>
        <tessellate>1</tessellate>
        <coordinates>
          144.142369,-35.147681,0
          144.142634,-35.147624,0
          144.142701,-35.147605,0
          144.142838,-35.1476,0
          144.142952,-35.14761,0
          144.14328,-35.147588,0
        </coordinates>
      </LineString>
    </Placemark>
    <Placemark>
      <name/>
      <description><![CDATA[description: <br>fid: 211<br>FType: 0<br>Owner: DTE<br>Usage: Unknown<br>Status: <br>Surface: <br>Restriction: <br>Lanes: <br>GlobalID: <br>created_user: mattcen<br>last_edited_user: <br>VehicleTravel: <br>VehicleRequirement: <br>VehicleLimitation: <br>SHAPE_Length: <br>Source: Trevor]]></description>
      <styleUrl>#line-E65100-1969</styleUrl>
      <ExtendedData>
        <Data name="description">
          <value/>
        </Data>
        <Data name="fid">
          <value>211</value>
        </Data>
        <Data name="FType">
          <value>0</value>
        </Data>
        <Data name="Owner">
          <value>DTE</value>
        </Data>
        <Data name="Usage">
          <value>Unknown</value>
        </Data>
        <Data name="Status">
          <value/>
        </Data>
        <Data name="Surface">
          <value/>
        </Data>
        <Data name="Restriction">
          <value/>
        </Data>
        <Data name="Lanes">
          <value/>
        </Data>
        <Data name="GlobalID">
          <value/>
        </Data>
        <Data name="created_user">
          <value>mattcen</value>
        </Data>
        <Data name="last_edited_user">
          <value/>
        </Data>
        <Data name="VehicleTravel">
          <value/>
        </Data>
        <Data name="VehicleRequirement">
          <value/>
        </Data>
        <Data name="VehicleLimitation">
          <value/>
        </Data>
        <Data name="SHAPE_Length">
          <value/>
        </Data>
        <Data name="Source">
          <value>Trevor</value>
        </Data>
      </ExtendedData>
      <LineString>
        <tessellate>1</tessellate>
        <coordinates>
          144.14328,-35.147588,0
          144.143269,-35.147441,0
          144.143285,-35.147416,0
          144.143325,-35.147403,0
          144.143427,-35.147413,0
          144.143486,-35.147432,0
          144.143611,-35.147534,0
          144.143738,-35.147587,0
        </coordinates>
      </LineString>
    </Placemark>
    <Placemark>
      <name/>
      <description><![CDATA[description: <br>fid: 212<br>FType: 0<br>Owner: DTE<br>Usage: Unknown<br>Status: <br>Surface: <br>Restriction: <br>Lanes: <br>GlobalID: <br>created_user: mattcen<br>last_edited_user: <br>VehicleTravel: <br>VehicleRequirement: <br>VehicleLimitation: <br>SHAPE_Length: <br>Source: Trevor]]></description>
      <styleUrl>#line-E65100-1969</styleUrl>
      <ExtendedData>
        <Data name="description">
          <value/>
        </Data>
        <Data name="fid">
          <value>212</value>
        </Data>
        <Data name="FType">
          <value>0</value>
        </Data>
        <Data name="Owner">
          <value>DTE</value>
        </Data>
        <Data name="Usage">
          <value>Unknown</value>
        </Data>
        <Data name="Status">
          <value/>
        </Data>
        <Data name="Surface">
          <value/>
        </Data>
        <Data name="Restriction">
          <value/>
        </Data>
        <Data name="Lanes">
          <value/>
        </Data>
        <Data name="GlobalID">
          <value/>
        </Data>
        <Data name="created_user">
          <value>mattcen</value>
        </Data>
        <Data name="last_edited_user">
          <value/>
        </Data>
        <Data name="VehicleTravel">
          <value/>
        </Data>
        <Data name="VehicleRequirement">
          <value/>
        </Data>
        <Data name="VehicleLimitation">
          <value/>
        </Data>
        <Data name="SHAPE_Length">
          <value/>
        </Data>
        <Data name="Source">
          <value>Trevor</value>
        </Data>
      </ExtendedData>
      <LineString>
        <tessellate>1</tessellate>
        <coordinates>
          144.14328,-35.147588,0
          144.143645,-35.147599,0
          144.143738,-35.147587,0
        </coordinates>
      </LineString>
    </Placemark>
    <Placemark>
      <name/>
      <description><![CDATA[description: <br>fid: 213<br>FType: 0<br>Owner: DTE<br>Usage: Unknown<br>Status: <br>Surface: <br>Restriction: <br>Lanes: <br>GlobalID: <br>created_user: mattcen<br>last_edited_user: <br>VehicleTravel: <br>VehicleRequirement: <br>VehicleLimitation: <br>SHAPE_Length: <br>Source: Trevor]]></description>
      <styleUrl>#line-E65100-1969</styleUrl>
      <ExtendedData>
        <Data name="description">
          <value/>
        </Data>
        <Data name="fid">
          <value>213</value>
        </Data>
        <Data name="FType">
          <value>0</value>
        </Data>
        <Data name="Owner">
          <value>DTE</value>
        </Data>
        <Data name="Usage">
          <value>Unknown</value>
        </Data>
        <Data name="Status">
          <value/>
        </Data>
        <Data name="Surface">
          <value/>
        </Data>
        <Data name="Restriction">
          <value/>
        </Data>
        <Data name="Lanes">
          <value/>
        </Data>
        <Data name="GlobalID">
          <value/>
        </Data>
        <Data name="created_user">
          <value>mattcen</value>
        </Data>
        <Data name="last_edited_user">
          <value/>
        </Data>
        <Data name="VehicleTravel">
          <value/>
        </Data>
        <Data name="VehicleRequirement">
          <value/>
        </Data>
        <Data name="VehicleLimitation">
          <value/>
        </Data>
        <Data name="SHAPE_Length">
          <value/>
        </Data>
        <Data name="Source">
          <value>Trevor</value>
        </Data>
      </ExtendedData>
      <LineString>
        <tessellate>1</tessellate>
        <coordinates>
          144.142154,-35.147483,0
          144.14222,-35.1476,0
          144.142349,-35.14767,0
          144.14241,-35.147728,0
        </coordinates>
      </LineString>
    </Placemark>
    <Placemark>
      <name/>
      <description><![CDATA[description: <br>fid: 214<br>FType: 0<br>Owner: DTE<br>Usage: Unknown<br>Status: <br>Surface: <br>Restriction: <br>Lanes: <br>GlobalID: <br>created_user: mattcen<br>last_edited_user: <br>VehicleTravel: <br>VehicleRequirement: <br>VehicleLimitation: <br>SHAPE_Length: <br>Source: Trevor]]></description>
      <styleUrl>#line-E65100-1969</styleUrl>
      <ExtendedData>
        <Data name="description">
          <value/>
        </Data>
        <Data name="fid">
          <value>214</value>
        </Data>
        <Data name="FType">
          <value>0</value>
        </Data>
        <Data name="Owner">
          <value>DTE</value>
        </Data>
        <Data name="Usage">
          <value>Unknown</value>
        </Data>
        <Data name="Status">
          <value/>
        </Data>
        <Data name="Surface">
          <value/>
        </Data>
        <Data name="Restriction">
          <value/>
        </Data>
        <Data name="Lanes">
          <value/>
        </Data>
        <Data name="GlobalID">
          <value/>
        </Data>
        <Data name="created_user">
          <value>mattcen</value>
        </Data>
        <Data name="last_edited_user">
          <value/>
        </Data>
        <Data name="VehicleTravel">
          <value/>
        </Data>
        <Data name="VehicleRequirement">
          <value/>
        </Data>
        <Data name="VehicleLimitation">
          <value/>
        </Data>
        <Data name="SHAPE_Length">
          <value/>
        </Data>
        <Data name="Source">
          <value>Trevor</value>
        </Data>
      </ExtendedData>
      <LineString>
        <tessellate>1</tessellate>
        <coordinates>
          144.14241,-35.147728,0
          144.142487,-35.14781,0
          144.142551,-35.147921,0
          144.142951,-35.147981,0
          144.142996,-35.148096,0
        </coordinates>
      </LineString>
    </Placemark>
    <Placemark>
      <name/>
      <description><![CDATA[description: <br>fid: 215<br>FType: 0<br>Owner: DTE<br>Usage: Unknown<br>Status: <br>Surface: <br>Restriction: <br>Lanes: <br>GlobalID: <br>created_user: mattcen<br>last_edited_user: <br>VehicleTravel: <br>VehicleRequirement: <br>VehicleLimitation: <br>SHAPE_Length: <br>Source: Trevor]]></description>
      <styleUrl>#line-E65100-1969</styleUrl>
      <ExtendedData>
        <Data name="description">
          <value/>
        </Data>
        <Data name="fid">
          <value>215</value>
        </Data>
        <Data name="FType">
          <value>0</value>
        </Data>
        <Data name="Owner">
          <value>DTE</value>
        </Data>
        <Data name="Usage">
          <value>Unknown</value>
        </Data>
        <Data name="Status">
          <value/>
        </Data>
        <Data name="Surface">
          <value/>
        </Data>
        <Data name="Restriction">
          <value/>
        </Data>
        <Data name="Lanes">
          <value/>
        </Data>
        <Data name="GlobalID">
          <value/>
        </Data>
        <Data name="created_user">
          <value>mattcen</value>
        </Data>
        <Data name="last_edited_user">
          <value/>
        </Data>
        <Data name="VehicleTravel">
          <value/>
        </Data>
        <Data name="VehicleRequirement">
          <value/>
        </Data>
        <Data name="VehicleLimitation">
          <value/>
        </Data>
        <Data name="SHAPE_Length">
          <value/>
        </Data>
        <Data name="Source">
          <value>Trevor</value>
        </Data>
      </ExtendedData>
      <LineString>
        <tessellate>1</tessellate>
        <coordinates>
          144.142597,-35.148193,0
          144.142996,-35.148096,0
        </coordinates>
      </LineString>
    </Placemark>
    <Placemark>
      <name/>
      <description><![CDATA[description: <br>fid: 216<br>FType: 0<br>Owner: DTE<br>Usage: Unknown<br>Status: <br>Surface: <br>Restriction: <br>Lanes: <br>GlobalID: <br>created_user: mattcen<br>last_edited_user: <br>VehicleTravel: <br>VehicleRequirement: <br>VehicleLimitation: <br>SHAPE_Length: <br>Source: Trevor]]></description>
      <styleUrl>#line-E65100-1969</styleUrl>
      <ExtendedData>
        <Data name="description">
          <value/>
        </Data>
        <Data name="fid">
          <value>216</value>
        </Data>
        <Data name="FType">
          <value>0</value>
        </Data>
        <Data name="Owner">
          <value>DTE</value>
        </Data>
        <Data name="Usage">
          <value>Unknown</value>
        </Data>
        <Data name="Status">
          <value/>
        </Data>
        <Data name="Surface">
          <value/>
        </Data>
        <Data name="Restriction">
          <value/>
        </Data>
        <Data name="Lanes">
          <value/>
        </Data>
        <Data name="GlobalID">
          <value/>
        </Data>
        <Data name="created_user">
          <value>mattcen</value>
        </Data>
        <Data name="last_edited_user">
          <value/>
        </Data>
        <Data name="VehicleTravel">
          <value/>
        </Data>
        <Data name="VehicleRequirement">
          <value/>
        </Data>
        <Data name="VehicleLimitation">
          <value/>
        </Data>
        <Data name="SHAPE_Length">
          <value/>
        </Data>
        <Data name="Source">
          <value>Trevor</value>
        </Data>
      </ExtendedData>
      <LineString>
        <tessellate>1</tessellate>
        <coordinates>
          144.142547,-35.14792,0
          144.142597,-35.148193,0
        </coordinates>
      </LineString>
    </Placemark>
    <Placemark>
      <name/>
      <description><![CDATA[description: <br>fid: 217<br>FType: 0<br>Owner: DTE<br>Usage: Unknown<br>Status: <br>Surface: <br>Restriction: <br>Lanes: <br>GlobalID: <br>created_user: mattcen<br>last_edited_user: <br>VehicleTravel: <br>VehicleRequirement: <br>VehicleLimitation: <br>SHAPE_Length: <br>Source: Trevor]]></description>
      <styleUrl>#line-E65100-1969</styleUrl>
      <ExtendedData>
        <Data name="description">
          <value/>
        </Data>
        <Data name="fid">
          <value>217</value>
        </Data>
        <Data name="FType">
          <value>0</value>
        </Data>
        <Data name="Owner">
          <value>DTE</value>
        </Data>
        <Data name="Usage">
          <value>Unknown</value>
        </Data>
        <Data name="Status">
          <value/>
        </Data>
        <Data name="Surface">
          <value/>
        </Data>
        <Data name="Restriction">
          <value/>
        </Data>
        <Data name="Lanes">
          <value/>
        </Data>
        <Data name="GlobalID">
          <value/>
        </Data>
        <Data name="created_user">
          <value>mattcen</value>
        </Data>
        <Data name="last_edited_user">
          <value/>
        </Data>
        <Data name="VehicleTravel">
          <value/>
        </Data>
        <Data name="VehicleRequirement">
          <value/>
        </Data>
        <Data name="VehicleLimitation">
          <value/>
        </Data>
        <Data name="SHAPE_Length">
          <value/>
        </Data>
        <Data name="Source">
          <value>Trevor</value>
        </Data>
      </ExtendedData>
      <LineString>
        <tessellate>1</tessellate>
        <coordinates>
          144.142996,-35.148096,0
          144.143181,-35.148148,0
          144.143297,-35.148085,0
          144.143413,-35.148023,0
          144.143668,-35.147855,0
        </coordinates>
      </LineString>
    </Placemark>
    <Placemark>
      <name/>
      <description><![CDATA[description: <br>fid: 218<br>FType: 0<br>Owner: DTE<br>Usage: Unknown<br>Status: <br>Surface: <br>Restriction: <br>Lanes: <br>GlobalID: <br>created_user: mattcen<br>last_edited_user: <br>VehicleTravel: <br>VehicleRequirement: <br>VehicleLimitation: <br>SHAPE_Length: <br>Source: Trevor]]></description>
      <styleUrl>#line-E65100-1969</styleUrl>
      <ExtendedData>
        <Data name="description">
          <value/>
        </Data>
        <Data name="fid">
          <value>218</value>
        </Data>
        <Data name="FType">
          <value>0</value>
        </Data>
        <Data name="Owner">
          <value>DTE</value>
        </Data>
        <Data name="Usage">
          <value>Unknown</value>
        </Data>
        <Data name="Status">
          <value/>
        </Data>
        <Data name="Surface">
          <value/>
        </Data>
        <Data name="Restriction">
          <value/>
        </Data>
        <Data name="Lanes">
          <value/>
        </Data>
        <Data name="GlobalID">
          <value/>
        </Data>
        <Data name="created_user">
          <value>mattcen</value>
        </Data>
        <Data name="last_edited_user">
          <value/>
        </Data>
        <Data name="VehicleTravel">
          <value/>
        </Data>
        <Data name="VehicleRequirement">
          <value/>
        </Data>
        <Data name="VehicleLimitation">
          <value/>
        </Data>
        <Data name="SHAPE_Length">
          <value/>
        </Data>
        <Data name="Source">
          <value>Trevor</value>
        </Data>
      </ExtendedData>
      <LineString>
        <tessellate>1</tessellate>
        <coordinates>
          144.143668,-35.147855,0
          144.143747,-35.147751,0
          144.143775,-35.147687,0
          144.143778,-35.147631,0
          144.143738,-35.147587,0
        </coordinates>
      </LineString>
    </Placemark>
    <Placemark>
      <name/>
      <description><![CDATA[description: <br>fid: 219<br>FType: 0<br>Owner: DTE<br>Usage: Unknown<br>Status: <br>Surface: <br>Restriction: <br>Lanes: <br>GlobalID: <br>created_user: mattcen<br>last_edited_user: <br>VehicleTravel: <br>VehicleRequirement: <br>VehicleLimitation: <br>SHAPE_Length: <br>Source: Trevor]]></description>
      <styleUrl>#line-E65100-1969</styleUrl>
      <ExtendedData>
        <Data name="description">
          <value/>
        </Data>
        <Data name="fid">
          <value>219</value>
        </Data>
        <Data name="FType">
          <value>0</value>
        </Data>
        <Data name="Owner">
          <value>DTE</value>
        </Data>
        <Data name="Usage">
          <value>Unknown</value>
        </Data>
        <Data name="Status">
          <value/>
        </Data>
        <Data name="Surface">
          <value/>
        </Data>
        <Data name="Restriction">
          <value/>
        </Data>
        <Data name="Lanes">
          <value/>
        </Data>
        <Data name="GlobalID">
          <value/>
        </Data>
        <Data name="created_user">
          <value>mattcen</value>
        </Data>
        <Data name="last_edited_user">
          <value/>
        </Data>
        <Data name="VehicleTravel">
          <value/>
        </Data>
        <Data name="VehicleRequirement">
          <value/>
        </Data>
        <Data name="VehicleLimitation">
          <value/>
        </Data>
        <Data name="SHAPE_Length">
          <value/>
        </Data>
        <Data name="Source">
          <value>Trevor</value>
        </Data>
      </ExtendedData>
      <LineString>
        <tessellate>1</tessellate>
        <coordinates>
          144.143668,-35.147855,0
          144.143896,-35.14789,0
          144.14415,-35.147768,0
          144.14429,-35.147754,0
          144.144444,-35.147721,0
          144.144603,-35.147698,0
          144.14475,-35.147573,0
        </coordinates>
      </LineString>
    </Placemark>
    <Placemark>
      <name/>
      <description><![CDATA[description: <br>fid: 221<br>FType: 0<br>Owner: DTE<br>Usage: Unknown<br>Status: <br>Surface: <br>Restriction: <br>Lanes: <br>GlobalID: <br>created_user: mattcen<br>last_edited_user: <br>VehicleTravel: <br>VehicleRequirement: <br>VehicleLimitation: <br>SHAPE_Length: <br>Source: Trevor]]></description>
      <styleUrl>#line-E65100-1969</styleUrl>
      <ExtendedData>
        <Data name="description">
          <value/>
        </Data>
        <Data name="fid">
          <value>221</value>
        </Data>
        <Data name="FType">
          <value>0</value>
        </Data>
        <Data name="Owner">
          <value>DTE</value>
        </Data>
        <Data name="Usage">
          <value>Unknown</value>
        </Data>
        <Data name="Status">
          <value/>
        </Data>
        <Data name="Surface">
          <value/>
        </Data>
        <Data name="Restriction">
          <value/>
        </Data>
        <Data name="Lanes">
          <value/>
        </Data>
        <Data name="GlobalID">
          <value/>
        </Data>
        <Data name="created_user">
          <value>mattcen</value>
        </Data>
        <Data name="last_edited_user">
          <value/>
        </Data>
        <Data name="VehicleTravel">
          <value/>
        </Data>
        <Data name="VehicleRequirement">
          <value/>
        </Data>
        <Data name="VehicleLimitation">
          <value/>
        </Data>
        <Data name="SHAPE_Length">
          <value/>
        </Data>
        <Data name="Source">
          <value>Trevor</value>
        </Data>
      </ExtendedData>
      <LineString>
        <tessellate>1</tessellate>
        <coordinates>
          144.142597,-35.148193,0
          144.142513,-35.148235,0
          144.142459,-35.148247,0
          144.142337,-35.148238,0
          144.14216,-35.148198,0
          144.1421,-35.148205,0
          144.142058,-35.148226,0
          144.141882,-35.148406,0
          144.141834,-35.148492,0
          144.141844,-35.148532,0
          144.14193,-35.148663,0
        </coordinates>
      </LineString>
    </Placemark>
    <Placemark>
      <name/>
      <description><![CDATA[description: <br>fid: 222<br>FType: 0<br>Owner: DTE<br>Usage: Unknown<br>Status: <br>Surface: <br>Restriction: <br>Lanes: <br>GlobalID: <br>created_user: mattcen<br>last_edited_user: <br>VehicleTravel: <br>VehicleRequirement: <br>VehicleLimitation: <br>SHAPE_Length: <br>Source: Trevor]]></description>
      <styleUrl>#line-E65100-1969</styleUrl>
      <ExtendedData>
        <Data name="description">
          <value/>
        </Data>
        <Data name="fid">
          <value>222</value>
        </Data>
        <Data name="FType">
          <value>0</value>
        </Data>
        <Data name="Owner">
          <value>DTE</value>
        </Data>
        <Data name="Usage">
          <value>Unknown</value>
        </Data>
        <Data name="Status">
          <value/>
        </Data>
        <Data name="Surface">
          <value/>
        </Data>
        <Data name="Restriction">
          <value/>
        </Data>
        <Data name="Lanes">
          <value/>
        </Data>
        <Data name="GlobalID">
          <value/>
        </Data>
        <Data name="created_user">
          <value>mattcen</value>
        </Data>
        <Data name="last_edited_user">
          <value/>
        </Data>
        <Data name="VehicleTravel">
          <value/>
        </Data>
        <Data name="VehicleRequirement">
          <value/>
        </Data>
        <Data name="VehicleLimitation">
          <value/>
        </Data>
        <Data name="SHAPE_Length">
          <value/>
        </Data>
        <Data name="Source">
          <value>Trevor</value>
        </Data>
      </ExtendedData>
      <LineString>
        <tessellate>1</tessellate>
        <coordinates>
          144.141928,-35.14866,0
          144.141911,-35.148718,0
          144.141842,-35.148777,0
          144.141689,-35.148869,0
          144.141496,-35.148983,0
          144.141398,-35.149013,0
          144.140749,-35.148967,0
          144.140705,-35.148996,0
        </coordinates>
      </LineString>
    </Placemark>
    <Placemark>
      <name/>
      <description><![CDATA[description: <br>fid: 223<br>FType: 0<br>Owner: DTE<br>Usage: Unknown<br>Status: <br>Surface: <br>Restriction: <br>Lanes: <br>GlobalID: <br>created_user: mattcen<br>last_edited_user: <br>VehicleTravel: <br>VehicleRequirement: <br>VehicleLimitation: <br>SHAPE_Length: <br>Source: Trevor]]></description>
      <styleUrl>#line-E65100-1969</styleUrl>
      <ExtendedData>
        <Data name="description">
          <value/>
        </Data>
        <Data name="fid">
          <value>223</value>
        </Data>
        <Data name="FType">
          <value>0</value>
        </Data>
        <Data name="Owner">
          <value>DTE</value>
        </Data>
        <Data name="Usage">
          <value>Unknown</value>
        </Data>
        <Data name="Status">
          <value/>
        </Data>
        <Data name="Surface">
          <value/>
        </Data>
        <Data name="Restriction">
          <value/>
        </Data>
        <Data name="Lanes">
          <value/>
        </Data>
        <Data name="GlobalID">
          <value/>
        </Data>
        <Data name="created_user">
          <value>mattcen</value>
        </Data>
        <Data name="last_edited_user">
          <value/>
        </Data>
        <Data name="VehicleTravel">
          <value/>
        </Data>
        <Data name="VehicleRequirement">
          <value/>
        </Data>
        <Data name="VehicleLimitation">
          <value/>
        </Data>
        <Data name="SHAPE_Length">
          <value/>
        </Data>
        <Data name="Source">
          <value>Trevor</value>
        </Data>
      </ExtendedData>
      <LineString>
        <tessellate>1</tessellate>
        <coordinates>
          144.141928,-35.14866,0
          144.142017,-35.148696,0
          144.142435,-35.148659,0
          144.142483,-35.148641,0
          144.142484,-35.148602,0
        </coordinates>
      </LineString>
    </Placemark>
    <Placemark>
      <name/>
      <description><![CDATA[description: <br>fid: 224<br>FType: 0<br>Owner: DTE<br>Usage: Unknown<br>Status: <br>Surface: <br>Restriction: <br>Lanes: <br>GlobalID: <br>created_user: mattcen<br>last_edited_user: <br>VehicleTravel: <br>VehicleRequirement: <br>VehicleLimitation: <br>SHAPE_Length: <br>Source: Trevor]]></description>
      <styleUrl>#line-E65100-1969</styleUrl>
      <ExtendedData>
        <Data name="description">
          <value/>
        </Data>
        <Data name="fid">
          <value>224</value>
        </Data>
        <Data name="FType">
          <value>0</value>
        </Data>
        <Data name="Owner">
          <value>DTE</value>
        </Data>
        <Data name="Usage">
          <value>Unknown</value>
        </Data>
        <Data name="Status">
          <value/>
        </Data>
        <Data name="Surface">
          <value/>
        </Data>
        <Data name="Restriction">
          <value/>
        </Data>
        <Data name="Lanes">
          <value/>
        </Data>
        <Data name="GlobalID">
          <value/>
        </Data>
        <Data name="created_user">
          <value>mattcen</value>
        </Data>
        <Data name="last_edited_user">
          <value/>
        </Data>
        <Data name="VehicleTravel">
          <value/>
        </Data>
        <Data name="VehicleRequirement">
          <value/>
        </Data>
        <Data name="VehicleLimitation">
          <value/>
        </Data>
        <Data name="SHAPE_Length">
          <value/>
        </Data>
        <Data name="Source">
          <value>Trevor</value>
        </Data>
      </ExtendedData>
      <LineString>
        <tessellate>1</tessellate>
        <coordinates>
          144.142597,-35.148193,0
          144.142505,-35.148279,0
          144.142461,-35.148329,0
          144.142484,-35.148602,0
          144.142555,-35.148644,0
          144.142643,-35.14866,0
          144.142713,-35.148651,0
          144.142946,-35.148526,0
          144.143061,-35.148494,0
          144.143163,-35.14849,0
          144.143277,-35.148521,0
        </coordinates>
      </LineString>
    </Placemark>
    <Placemark>
      <name/>
      <description><![CDATA[description: <br>fid: 225<br>FType: 0<br>Owner: DTE<br>Usage: Unknown<br>Status: <br>Surface: <br>Restriction: <br>Lanes: <br>GlobalID: <br>created_user: mattcen<br>last_edited_user: <br>VehicleTravel: <br>VehicleRequirement: <br>VehicleLimitation: <br>SHAPE_Length: <br>Source: Trevor]]></description>
      <styleUrl>#line-E65100-1969</styleUrl>
      <ExtendedData>
        <Data name="description">
          <value/>
        </Data>
        <Data name="fid">
          <value>225</value>
        </Data>
        <Data name="FType">
          <value>0</value>
        </Data>
        <Data name="Owner">
          <value>DTE</value>
        </Data>
        <Data name="Usage">
          <value>Unknown</value>
        </Data>
        <Data name="Status">
          <value/>
        </Data>
        <Data name="Surface">
          <value/>
        </Data>
        <Data name="Restriction">
          <value/>
        </Data>
        <Data name="Lanes">
          <value/>
        </Data>
        <Data name="GlobalID">
          <value/>
        </Data>
        <Data name="created_user">
          <value>mattcen</value>
        </Data>
        <Data name="last_edited_user">
          <value/>
        </Data>
        <Data name="VehicleTravel">
          <value/>
        </Data>
        <Data name="VehicleRequirement">
          <value/>
        </Data>
        <Data name="VehicleLimitation">
          <value/>
        </Data>
        <Data name="SHAPE_Length">
          <value/>
        </Data>
        <Data name="Source">
          <value>Trevor</value>
        </Data>
      </ExtendedData>
      <LineString>
        <tessellate>1</tessellate>
        <coordinates>
          144.143277,-35.148521,0
          144.143293,-35.148293,0
          144.143364,-35.148175,0
          144.143413,-35.148023,0
        </coordinates>
      </LineString>
    </Placemark>
    <Placemark>
      <name>Battery Track</name>
      <description><![CDATA[description: <br>fid: 228<br>FType: 0<br>Owner: DTE<br>Usage: Unknown<br>Status: <br>Surface: <br>Restriction: <br>Lanes: <br>GlobalID: <br>created_user: mattcen<br>last_edited_user: <br>VehicleTravel: <br>VehicleRequirement: <br>VehicleLimitation: <br>SHAPE_Length: <br>Source: John]]></description>
      <styleUrl>#line-E65100-1969</styleUrl>
      <ExtendedData>
        <Data name="description">
          <value/>
        </Data>
        <Data name="fid">
          <value>228</value>
        </Data>
        <Data name="FType">
          <value>0</value>
        </Data>
        <Data name="Owner">
          <value>DTE</value>
        </Data>
        <Data name="Usage">
          <value>Unknown</value>
        </Data>
        <Data name="Status">
          <value/>
        </Data>
        <Data name="Surface">
          <value/>
        </Data>
        <Data name="Restriction">
          <value/>
        </Data>
        <Data name="Lanes">
          <value/>
        </Data>
        <Data name="GlobalID">
          <value/>
        </Data>
        <Data name="created_user">
          <value>mattcen</value>
        </Data>
        <Data name="last_edited_user">
          <value/>
        </Data>
        <Data name="VehicleTravel">
          <value/>
        </Data>
        <Data name="VehicleRequirement">
          <value/>
        </Data>
        <Data name="VehicleLimitation">
          <value/>
        </Data>
        <Data name="SHAPE_Length">
          <value/>
        </Data>
        <Data name="Source">
          <value>John</value>
        </Data>
      </ExtendedData>
      <LineString>
        <tessellate>1</tessellate>
        <coordinates>
          144.14944,-35.152776,0
          144.149455,-35.152804,0
          144.149446,-35.152848,0
          144.149418,-35.152887,0
          144.149335,-35.152929,0
          144.149048,-35.15297,0
          144.148902,-35.152964,0
          144.148845,-35.152931,0
          144.148765,-35.152839,0
          144.148558,-35.152685,0
          144.148417,-35.152483,0
          144.148183,-35.152399,0
          144.14806,-35.152284,0
          144.147927,-35.152132,0
          144.147761,-35.152059,0
          144.147471,-35.151981,0
          144.147413,-35.151946,0
          144.147384,-35.151889,0
          144.147375,-35.15176,0
          144.147343,-35.151658,0
          144.147189,-35.151452,0
          144.14697,-35.151217,0
          144.146863,-35.151077,0
          144.146772,-35.150836,0
        </coordinates>
      </LineString>
    </Placemark>
    <Placemark>
      <name>Evolution Road</name>
      <description><![CDATA[description: <br>fid: 230<br>FType: 0<br>Owner: DTE<br>Usage: Unknown<br>Status: <br>Surface: <br>Restriction: <br>Lanes: <br>GlobalID: <br>created_user: mattcen<br>last_edited_user: <br>VehicleTravel: <br>VehicleRequirement: <br>VehicleLimitation: <br>SHAPE_Length: <br>Source: John]]></description>
      <styleUrl>#line-E65100-1969</styleUrl>
      <ExtendedData>
        <Data name="description">
          <value/>
        </Data>
        <Data name="fid">
          <value>230</value>
        </Data>
        <Data name="FType">
          <value>0</value>
        </Data>
        <Data name="Owner">
          <value>DTE</value>
        </Data>
        <Data name="Usage">
          <value>Unknown</value>
        </Data>
        <Data name="Status">
          <value/>
        </Data>
        <Data name="Surface">
          <value/>
        </Data>
        <Data name="Restriction">
          <value/>
        </Data>
        <Data name="Lanes">
          <value/>
        </Data>
        <Data name="GlobalID">
          <value/>
        </Data>
        <Data name="created_user">
          <value>mattcen</value>
        </Data>
        <Data name="last_edited_user">
          <value/>
        </Data>
        <Data name="VehicleTravel">
          <value/>
        </Data>
        <Data name="VehicleRequirement">
          <value/>
        </Data>
        <Data name="VehicleLimitation">
          <value/>
        </Data>
        <Data name="SHAPE_Length">
          <value/>
        </Data>
        <Data name="Source">
          <value>John</value>
        </Data>
      </ExtendedData>
      <LineString>
        <tessellate>1</tessellate>
        <coordinates>
          144.149435,-35.152762,0
          144.149473,-35.152726,0
          144.149584,-35.152617,0
          144.149673,-35.152555,0
          144.149785,-35.152518,0
          144.150012,-35.152471,0
          144.150336,-35.152353,0
          144.150404,-35.152315,0
          144.150425,-35.152259,0
          144.15038,-35.152103,0
          144.150345,-35.15204,0
          144.150271,-35.151953,0
          144.150229,-35.151815,0
          144.150177,-35.151708,0
          144.149963,-35.15137,0
          144.149857,-35.15125,0
          144.14981,-35.15114,0
          144.149824,-35.150942,0
          144.14989,-35.150756,0
          144.149917,-35.1506,0
          144.149858,-35.150275,0
          144.149846,-35.150069,0
          144.149824,-35.14999,0
          144.149602,-35.149681,0
          144.149374,-35.149443,0
        </coordinates>
      </LineString>
    </Placemark>
    <Placemark>
      <name>Tortoise Track</name>
      <description><![CDATA[description: <br>fid: 233<br>FType: 0<br>Owner: DTE<br>Usage: Unknown<br>Status: <br>Surface: <br>Restriction: <br>Lanes: <br>GlobalID: <br>created_user: mattcen<br>last_edited_user: <br>VehicleTravel: <br>VehicleRequirement: <br>VehicleLimitation: <br>SHAPE_Length: <br>Source: John]]></description>
      <styleUrl>#line-E65100-1969</styleUrl>
      <ExtendedData>
        <Data name="description">
          <value/>
        </Data>
        <Data name="fid">
          <value>233</value>
        </Data>
        <Data name="FType">
          <value>0</value>
        </Data>
        <Data name="Owner">
          <value>DTE</value>
        </Data>
        <Data name="Usage">
          <value>Unknown</value>
        </Data>
        <Data name="Status">
          <value/>
        </Data>
        <Data name="Surface">
          <value/>
        </Data>
        <Data name="Restriction">
          <value/>
        </Data>
        <Data name="Lanes">
          <value/>
        </Data>
        <Data name="GlobalID">
          <value/>
        </Data>
        <Data name="created_user">
          <value>mattcen</value>
        </Data>
        <Data name="last_edited_user">
          <value/>
        </Data>
        <Data name="VehicleTravel">
          <value/>
        </Data>
        <Data name="VehicleRequirement">
          <value/>
        </Data>
        <Data name="VehicleLimitation">
          <value/>
        </Data>
        <Data name="SHAPE_Length">
          <value/>
        </Data>
        <Data name="Source">
          <value>John</value>
        </Data>
      </ExtendedData>
      <LineString>
        <tessellate>1</tessellate>
        <coordinates>
          144.147553,-35.150532,0
          144.147622,-35.15058,0
          144.147816,-35.150721,0
          144.147916,-35.150789,0
          144.148058,-35.150863,0
          144.148172,-35.151015,0
          144.148283,-35.151131,0
          144.148363,-35.151205,0
          144.148384,-35.151301,0
          144.148386,-35.151573,0
          144.148508,-35.151699,0
          144.148648,-35.151763,0
          144.148734,-35.15184,0
          144.148869,-35.151916,0
          144.148981,-35.152028,0
          144.149035,-35.152104,0
          144.149079,-35.152246,0
          144.149127,-35.152288,0
          144.149276,-35.152368,0
          144.14932,-35.152463,0
          144.149427,-35.152589,0
          144.149441,-35.152654,0
          144.149431,-35.152752,0
          144.14944,-35.152776,0
        </coordinates>
      </LineString>
    </Placemark>
    <Placemark>
      <name/>
      <description><![CDATA[description: <br>fid: 256<br>FType: <br>Owner: <br>Usage: Unknown<br>Status: <br>Surface: <br>Restriction: <br>Lanes: <br>GlobalID: <br>created_user: <br>last_edited_user: <br>VehicleTravel: <br>VehicleRequirement: <br>VehicleLimitation: <br>SHAPE_Length: <br>Source: ]]></description>
      <styleUrl>#line-E65100-1969</styleUrl>
      <ExtendedData>
        <Data name="description">
          <value/>
        </Data>
        <Data name="fid">
          <value>256</value>
        </Data>
        <Data name="FType">
          <value/>
        </Data>
        <Data name="Owner">
          <value/>
        </Data>
        <Data name="Usage">
          <value>Unknown</value>
        </Data>
        <Data name="Status">
          <value/>
        </Data>
        <Data name="Surface">
          <value/>
        </Data>
        <Data name="Restriction">
          <value/>
        </Data>
        <Data name="Lanes">
          <value/>
        </Data>
        <Data name="GlobalID">
          <value/>
        </Data>
        <Data name="created_user">
          <value/>
        </Data>
        <Data name="last_edited_user">
          <value/>
        </Data>
        <Data name="VehicleTravel">
          <value/>
        </Data>
        <Data name="VehicleRequirement">
          <value/>
        </Data>
        <Data name="VehicleLimitation">
          <value/>
        </Data>
        <Data name="SHAPE_Length">
          <value/>
        </Data>
        <Data name="Source">
          <value/>
        </Data>
      </ExtendedData>
      <LineString>
        <tessellate>1</tessellate>
        <coordinates>
          144.145263,-35.150768,0
          144.145217,-35.150839,0
          144.145038,-35.15113,0
          144.145301,-35.151271,0
          144.14551,-35.151318,0
        </coordinates>
      </LineString>
    </Placemark>
    <Placemark>
      <name/>
      <description><![CDATA[description: <br>fid: 257<br>FType: <br>Owner: <br>Usage: Unknown<br>Status: <br>Surface: <br>Restriction: <br>Lanes: <br>GlobalID: <br>created_user: <br>last_edited_user: <br>VehicleTravel: <br>VehicleRequirement: <br>VehicleLimitation: <br>SHAPE_Length: <br>Source: ]]></description>
      <styleUrl>#line-E65100-1969</styleUrl>
      <ExtendedData>
        <Data name="description">
          <value/>
        </Data>
        <Data name="fid">
          <value>257</value>
        </Data>
        <Data name="FType">
          <value/>
        </Data>
        <Data name="Owner">
          <value/>
        </Data>
        <Data name="Usage">
          <value>Unknown</value>
        </Data>
        <Data name="Status">
          <value/>
        </Data>
        <Data name="Surface">
          <value/>
        </Data>
        <Data name="Restriction">
          <value/>
        </Data>
        <Data name="Lanes">
          <value/>
        </Data>
        <Data name="GlobalID">
          <value/>
        </Data>
        <Data name="created_user">
          <value/>
        </Data>
        <Data name="last_edited_user">
          <value/>
        </Data>
        <Data name="VehicleTravel">
          <value/>
        </Data>
        <Data name="VehicleRequirement">
          <value/>
        </Data>
        <Data name="VehicleLimitation">
          <value/>
        </Data>
        <Data name="SHAPE_Length">
          <value/>
        </Data>
        <Data name="Source">
          <value/>
        </Data>
      </ExtendedData>
      <LineString>
        <tessellate>1</tessellate>
        <coordinates>
          144.14551,-35.151318,0
          144.145884,-35.151476,0
        </coordinates>
      </LineString>
    </Placemark>
    <Placemark>
      <name/>
      <description><![CDATA[description: <br>fid: 258<br>FType: <br>Owner: <br>Usage: Unknown<br>Status: <br>Surface: <br>Restriction: <br>Lanes: <br>GlobalID: <br>created_user: <br>last_edited_user: <br>VehicleTravel: <br>VehicleRequirement: <br>VehicleLimitation: <br>SHAPE_Length: <br>Source: ]]></description>
      <styleUrl>#line-E65100-1969</styleUrl>
      <ExtendedData>
        <Data name="description">
          <value/>
        </Data>
        <Data name="fid">
          <value>258</value>
        </Data>
        <Data name="FType">
          <value/>
        </Data>
        <Data name="Owner">
          <value/>
        </Data>
        <Data name="Usage">
          <value>Unknown</value>
        </Data>
        <Data name="Status">
          <value/>
        </Data>
        <Data name="Surface">
          <value/>
        </Data>
        <Data name="Restriction">
          <value/>
        </Data>
        <Data name="Lanes">
          <value/>
        </Data>
        <Data name="GlobalID">
          <value/>
        </Data>
        <Data name="created_user">
          <value/>
        </Data>
        <Data name="last_edited_user">
          <value/>
        </Data>
        <Data name="VehicleTravel">
          <value/>
        </Data>
        <Data name="VehicleRequirement">
          <value/>
        </Data>
        <Data name="VehicleLimitation">
          <value/>
        </Data>
        <Data name="SHAPE_Length">
          <value/>
        </Data>
        <Data name="Source">
          <value/>
        </Data>
      </ExtendedData>
      <LineString>
        <tessellate>1</tessellate>
        <coordinates>
          144.145884,-35.151476,0
          144.145918,-35.151532,0
        </coordinates>
      </LineString>
    </Placemark>
    <Placemark>
      <name/>
      <description><![CDATA[description: <br>fid: 259<br>FType: <br>Owner: <br>Usage: Unknown<br>Status: <br>Surface: <br>Restriction: <br>Lanes: <br>GlobalID: <br>created_user: <br>last_edited_user: <br>VehicleTravel: <br>VehicleRequirement: <br>VehicleLimitation: <br>SHAPE_Length: <br>Source: ]]></description>
      <styleUrl>#line-E65100-1969</styleUrl>
      <ExtendedData>
        <Data name="description">
          <value/>
        </Data>
        <Data name="fid">
          <value>259</value>
        </Data>
        <Data name="FType">
          <value/>
        </Data>
        <Data name="Owner">
          <value/>
        </Data>
        <Data name="Usage">
          <value>Unknown</value>
        </Data>
        <Data name="Status">
          <value/>
        </Data>
        <Data name="Surface">
          <value/>
        </Data>
        <Data name="Restriction">
          <value/>
        </Data>
        <Data name="Lanes">
          <value/>
        </Data>
        <Data name="GlobalID">
          <value/>
        </Data>
        <Data name="created_user">
          <value/>
        </Data>
        <Data name="last_edited_user">
          <value/>
        </Data>
        <Data name="VehicleTravel">
          <value/>
        </Data>
        <Data name="VehicleRequirement">
          <value/>
        </Data>
        <Data name="VehicleLimitation">
          <value/>
        </Data>
        <Data name="SHAPE_Length">
          <value/>
        </Data>
        <Data name="Source">
          <value/>
        </Data>
      </ExtendedData>
      <LineString>
        <tessellate>1</tessellate>
        <coordinates>
          144.146505,-35.151569,0
          144.146234,-35.151516,0
          144.146016,-35.15129,0
        </coordinates>
      </LineString>
    </Placemark>
    <Placemark>
      <name/>
      <description><![CDATA[description: <br>fid: 260<br>FType: <br>Owner: <br>Usage: Unknown<br>Status: <br>Surface: <br>Restriction: <br>Lanes: <br>GlobalID: <br>created_user: <br>last_edited_user: <br>VehicleTravel: <br>VehicleRequirement: <br>VehicleLimitation: <br>SHAPE_Length: <br>Source: ]]></description>
      <styleUrl>#line-E65100-1969</styleUrl>
      <ExtendedData>
        <Data name="description">
          <value/>
        </Data>
        <Data name="fid">
          <value>260</value>
        </Data>
        <Data name="FType">
          <value/>
        </Data>
        <Data name="Owner">
          <value/>
        </Data>
        <Data name="Usage">
          <value>Unknown</value>
        </Data>
        <Data name="Status">
          <value/>
        </Data>
        <Data name="Surface">
          <value/>
        </Data>
        <Data name="Restriction">
          <value/>
        </Data>
        <Data name="Lanes">
          <value/>
        </Data>
        <Data name="GlobalID">
          <value/>
        </Data>
        <Data name="created_user">
          <value/>
        </Data>
        <Data name="last_edited_user">
          <value/>
        </Data>
        <Data name="VehicleTravel">
          <value/>
        </Data>
        <Data name="VehicleRequirement">
          <value/>
        </Data>
        <Data name="VehicleLimitation">
          <value/>
        </Data>
        <Data name="SHAPE_Length">
          <value/>
        </Data>
        <Data name="Source">
          <value/>
        </Data>
      </ExtendedData>
      <LineString>
        <tessellate>1</tessellate>
        <coordinates>
          144.145918,-35.151532,0
          144.146016,-35.15129,0
          144.146038,-35.151254,0
          144.145841,-35.151007,0
          144.145814,-35.150964,0
        </coordinates>
      </LineString>
    </Placemark>
    <Placemark>
      <name/>
      <description><![CDATA[description: <br>fid: 261<br>FType: <br>Owner: <br>Usage: Unknown<br>Status: <br>Surface: <br>Restriction: <br>Lanes: <br>GlobalID: <br>created_user: <br>last_edited_user: <br>VehicleTravel: <br>VehicleRequirement: <br>VehicleLimitation: <br>SHAPE_Length: <br>Source: ]]></description>
      <styleUrl>#line-E65100-1969</styleUrl>
      <ExtendedData>
        <Data name="description">
          <value/>
        </Data>
        <Data name="fid">
          <value>261</value>
        </Data>
        <Data name="FType">
          <value/>
        </Data>
        <Data name="Owner">
          <value/>
        </Data>
        <Data name="Usage">
          <value>Unknown</value>
        </Data>
        <Data name="Status">
          <value/>
        </Data>
        <Data name="Surface">
          <value/>
        </Data>
        <Data name="Restriction">
          <value/>
        </Data>
        <Data name="Lanes">
          <value/>
        </Data>
        <Data name="GlobalID">
          <value/>
        </Data>
        <Data name="created_user">
          <value/>
        </Data>
        <Data name="last_edited_user">
          <value/>
        </Data>
        <Data name="VehicleTravel">
          <value/>
        </Data>
        <Data name="VehicleRequirement">
          <value/>
        </Data>
        <Data name="VehicleLimitation">
          <value/>
        </Data>
        <Data name="SHAPE_Length">
          <value/>
        </Data>
        <Data name="Source">
          <value/>
        </Data>
      </ExtendedData>
      <LineString>
        <tessellate>1</tessellate>
        <coordinates>
          144.146608,-35.151233,0
          144.146851,-35.151046,0
        </coordinates>
      </LineString>
    </Placemark>
    <Placemark>
      <name/>
      <description><![CDATA[description: <br>fid: 262<br>FType: <br>Owner: <br>Usage: Unknown<br>Status: <br>Surface: <br>Restriction: <br>Lanes: <br>GlobalID: <br>created_user: <br>last_edited_user: <br>VehicleTravel: <br>VehicleRequirement: <br>VehicleLimitation: <br>SHAPE_Length: <br>Source: ]]></description>
      <styleUrl>#line-E65100-1969</styleUrl>
      <ExtendedData>
        <Data name="description">
          <value/>
        </Data>
        <Data name="fid">
          <value>262</value>
        </Data>
        <Data name="FType">
          <value/>
        </Data>
        <Data name="Owner">
          <value/>
        </Data>
        <Data name="Usage">
          <value>Unknown</value>
        </Data>
        <Data name="Status">
          <value/>
        </Data>
        <Data name="Surface">
          <value/>
        </Data>
        <Data name="Restriction">
          <value/>
        </Data>
        <Data name="Lanes">
          <value/>
        </Data>
        <Data name="GlobalID">
          <value/>
        </Data>
        <Data name="created_user">
          <value/>
        </Data>
        <Data name="last_edited_user">
          <value/>
        </Data>
        <Data name="VehicleTravel">
          <value/>
        </Data>
        <Data name="VehicleRequirement">
          <value/>
        </Data>
        <Data name="VehicleLimitation">
          <value/>
        </Data>
        <Data name="SHAPE_Length">
          <value/>
        </Data>
        <Data name="Source">
          <value/>
        </Data>
      </ExtendedData>
      <LineString>
        <tessellate>1</tessellate>
        <coordinates>
          144.146568,-35.150927,0
          144.146608,-35.151233,0
        </coordinates>
      </LineString>
    </Placemark>
    <Placemark>
      <name/>
      <description><![CDATA[description: <br>fid: 263<br>FType: <br>Owner: <br>Usage: Unknown<br>Status: <br>Surface: <br>Restriction: <br>Lanes: <br>GlobalID: <br>created_user: <br>last_edited_user: <br>VehicleTravel: <br>VehicleRequirement: <br>VehicleLimitation: <br>SHAPE_Length: <br>Source: ]]></description>
      <styleUrl>#line-E65100-1969</styleUrl>
      <ExtendedData>
        <Data name="description">
          <value/>
        </Data>
        <Data name="fid">
          <value>263</value>
        </Data>
        <Data name="FType">
          <value/>
        </Data>
        <Data name="Owner">
          <value/>
        </Data>
        <Data name="Usage">
          <value>Unknown</value>
        </Data>
        <Data name="Status">
          <value/>
        </Data>
        <Data name="Surface">
          <value/>
        </Data>
        <Data name="Restriction">
          <value/>
        </Data>
        <Data name="Lanes">
          <value/>
        </Data>
        <Data name="GlobalID">
          <value/>
        </Data>
        <Data name="created_user">
          <value/>
        </Data>
        <Data name="last_edited_user">
          <value/>
        </Data>
        <Data name="VehicleTravel">
          <value/>
        </Data>
        <Data name="VehicleRequirement">
          <value/>
        </Data>
        <Data name="VehicleLimitation">
          <value/>
        </Data>
        <Data name="SHAPE_Length">
          <value/>
        </Data>
        <Data name="Source">
          <value/>
        </Data>
      </ExtendedData>
      <LineString>
        <tessellate>1</tessellate>
        <coordinates>
          144.145998,-35.151736,0
          144.145918,-35.151532,0
        </coordinates>
      </LineString>
    </Placemark>
    <Placemark>
      <name/>
      <description><![CDATA[description: <br>fid: 264<br>FType: <br>Owner: <br>Usage: Unknown<br>Status: <br>Surface: <br>Restriction: <br>Lanes: <br>GlobalID: <br>created_user: <br>last_edited_user: <br>VehicleTravel: <br>VehicleRequirement: <br>VehicleLimitation: <br>SHAPE_Length: <br>Source: ]]></description>
      <styleUrl>#line-E65100-1969</styleUrl>
      <ExtendedData>
        <Data name="description">
          <value/>
        </Data>
        <Data name="fid">
          <value>264</value>
        </Data>
        <Data name="FType">
          <value/>
        </Data>
        <Data name="Owner">
          <value/>
        </Data>
        <Data name="Usage">
          <value>Unknown</value>
        </Data>
        <Data name="Status">
          <value/>
        </Data>
        <Data name="Surface">
          <value/>
        </Data>
        <Data name="Restriction">
          <value/>
        </Data>
        <Data name="Lanes">
          <value/>
        </Data>
        <Data name="GlobalID">
          <value/>
        </Data>
        <Data name="created_user">
          <value/>
        </Data>
        <Data name="last_edited_user">
          <value/>
        </Data>
        <Data name="VehicleTravel">
          <value/>
        </Data>
        <Data name="VehicleRequirement">
          <value/>
        </Data>
        <Data name="VehicleLimitation">
          <value/>
        </Data>
        <Data name="SHAPE_Length">
          <value/>
        </Data>
        <Data name="Source">
          <value/>
        </Data>
      </ExtendedData>
      <LineString>
        <tessellate>1</tessellate>
        <coordinates>
          144.147381,-35.151849,0
          144.146934,-35.151882,0
          144.146514,-35.152003,0
          144.146446,-35.151718,0
          144.146505,-35.151569,0
        </coordinates>
      </LineString>
    </Placemark>
    <Placemark>
      <name/>
      <description><![CDATA[description: <br>fid: 265<br>FType: <br>Owner: <br>Usage: Unknown<br>Status: <br>Surface: <br>Restriction: <br>Lanes: <br>GlobalID: <br>created_user: <br>last_edited_user: <br>VehicleTravel: <br>VehicleRequirement: <br>VehicleLimitation: <br>SHAPE_Length: <br>Source: ]]></description>
      <styleUrl>#line-E65100-1969</styleUrl>
      <ExtendedData>
        <Data name="description">
          <value/>
        </Data>
        <Data name="fid">
          <value>265</value>
        </Data>
        <Data name="FType">
          <value/>
        </Data>
        <Data name="Owner">
          <value/>
        </Data>
        <Data name="Usage">
          <value>Unknown</value>
        </Data>
        <Data name="Status">
          <value/>
        </Data>
        <Data name="Surface">
          <value/>
        </Data>
        <Data name="Restriction">
          <value/>
        </Data>
        <Data name="Lanes">
          <value/>
        </Data>
        <Data name="GlobalID">
          <value/>
        </Data>
        <Data name="created_user">
          <value/>
        </Data>
        <Data name="last_edited_user">
          <value/>
        </Data>
        <Data name="VehicleTravel">
          <value/>
        </Data>
        <Data name="VehicleRequirement">
          <value/>
        </Data>
        <Data name="VehicleLimitation">
          <value/>
        </Data>
        <Data name="SHAPE_Length">
          <value/>
        </Data>
        <Data name="Source">
          <value/>
        </Data>
      </ExtendedData>
      <LineString>
        <tessellate>1</tessellate>
        <coordinates>
          144.146446,-35.151718,0
          144.145998,-35.151736,0
          144.146234,-35.151516,0
        </coordinates>
      </LineString>
    </Placemark>
    <Placemark>
      <name/>
      <description><![CDATA[description: <br>fid: 266<br>FType: <br>Owner: <br>Usage: Unknown<br>Status: <br>Surface: <br>Restriction: <br>Lanes: <br>GlobalID: <br>created_user: <br>last_edited_user: <br>VehicleTravel: <br>VehicleRequirement: <br>VehicleLimitation: <br>SHAPE_Length: <br>Source: ]]></description>
      <styleUrl>#line-E65100-1969</styleUrl>
      <ExtendedData>
        <Data name="description">
          <value/>
        </Data>
        <Data name="fid">
          <value>266</value>
        </Data>
        <Data name="FType">
          <value/>
        </Data>
        <Data name="Owner">
          <value/>
        </Data>
        <Data name="Usage">
          <value>Unknown</value>
        </Data>
        <Data name="Status">
          <value/>
        </Data>
        <Data name="Surface">
          <value/>
        </Data>
        <Data name="Restriction">
          <value/>
        </Data>
        <Data name="Lanes">
          <value/>
        </Data>
        <Data name="GlobalID">
          <value/>
        </Data>
        <Data name="created_user">
          <value/>
        </Data>
        <Data name="last_edited_user">
          <value/>
        </Data>
        <Data name="VehicleTravel">
          <value/>
        </Data>
        <Data name="VehicleRequirement">
          <value/>
        </Data>
        <Data name="VehicleLimitation">
          <value/>
        </Data>
        <Data name="SHAPE_Length">
          <value/>
        </Data>
        <Data name="Source">
          <value/>
        </Data>
      </ExtendedData>
      <LineString>
        <tessellate>1</tessellate>
        <coordinates>
          144.149014,-35.149701,0
          144.14941,-35.150182,0
          144.149767,-35.15083,0
          144.149832,-35.15092,0
        </coordinates>
      </LineString>
    </Placemark>
    <Placemark>
      <name/>
      <description><![CDATA[description: <br>fid: 267<br>FType: <br>Owner: <br>Usage: Unknown<br>Status: <br>Surface: <br>Restriction: <br>Lanes: <br>GlobalID: <br>created_user: <br>last_edited_user: <br>VehicleTravel: <br>VehicleRequirement: <br>VehicleLimitation: <br>SHAPE_Length: <br>Source: ]]></description>
      <styleUrl>#line-E65100-1969</styleUrl>
      <ExtendedData>
        <Data name="description">
          <value/>
        </Data>
        <Data name="fid">
          <value>267</value>
        </Data>
        <Data name="FType">
          <value/>
        </Data>
        <Data name="Owner">
          <value/>
        </Data>
        <Data name="Usage">
          <value>Unknown</value>
        </Data>
        <Data name="Status">
          <value/>
        </Data>
        <Data name="Surface">
          <value/>
        </Data>
        <Data name="Restriction">
          <value/>
        </Data>
        <Data name="Lanes">
          <value/>
        </Data>
        <Data name="GlobalID">
          <value/>
        </Data>
        <Data name="created_user">
          <value/>
        </Data>
        <Data name="last_edited_user">
          <value/>
        </Data>
        <Data name="VehicleTravel">
          <value/>
        </Data>
        <Data name="VehicleRequirement">
          <value/>
        </Data>
        <Data name="VehicleLimitation">
          <value/>
        </Data>
        <Data name="SHAPE_Length">
          <value/>
        </Data>
        <Data name="Source">
          <value/>
        </Data>
      </ExtendedData>
      <LineString>
        <tessellate>1</tessellate>
        <coordinates>
          144.147941,-35.151648,0
          144.148243,-35.151778,0
        </coordinates>
      </LineString>
    </Placemark>
    <Placemark>
      <name/>
      <description><![CDATA[description: <br>fid: 268<br>FType: <br>Owner: <br>Usage: Unknown<br>Status: <br>Surface: <br>Restriction: <br>Lanes: <br>GlobalID: <br>created_user: <br>last_edited_user: <br>VehicleTravel: <br>VehicleRequirement: <br>VehicleLimitation: <br>SHAPE_Length: <br>Source: ]]></description>
      <styleUrl>#line-E65100-1969</styleUrl>
      <ExtendedData>
        <Data name="description">
          <value/>
        </Data>
        <Data name="fid">
          <value>268</value>
        </Data>
        <Data name="FType">
          <value/>
        </Data>
        <Data name="Owner">
          <value/>
        </Data>
        <Data name="Usage">
          <value>Unknown</value>
        </Data>
        <Data name="Status">
          <value/>
        </Data>
        <Data name="Surface">
          <value/>
        </Data>
        <Data name="Restriction">
          <value/>
        </Data>
        <Data name="Lanes">
          <value/>
        </Data>
        <Data name="GlobalID">
          <value/>
        </Data>
        <Data name="created_user">
          <value/>
        </Data>
        <Data name="last_edited_user">
          <value/>
        </Data>
        <Data name="VehicleTravel">
          <value/>
        </Data>
        <Data name="VehicleRequirement">
          <value/>
        </Data>
        <Data name="VehicleLimitation">
          <value/>
        </Data>
        <Data name="SHAPE_Length">
          <value/>
        </Data>
        <Data name="Source">
          <value/>
        </Data>
      </ExtendedData>
      <LineString>
        <tessellate>1</tessellate>
        <coordinates>
          144.147329,-35.1516,0
          144.147492,-35.151432,0
          144.147682,-35.151241,0
          144.14787,-35.151067,0
        </coordinates>
      </LineString>
    </Placemark>
    <Placemark>
      <name/>
      <description><![CDATA[description: <br>fid: 269<br>FType: <br>Owner: <br>Usage: Unknown<br>Status: <br>Surface: <br>Restriction: <br>Lanes: <br>GlobalID: <br>created_user: <br>last_edited_user: <br>VehicleTravel: <br>VehicleRequirement: <br>VehicleLimitation: <br>SHAPE_Length: <br>Source: ]]></description>
      <styleUrl>#line-E65100-1969</styleUrl>
      <ExtendedData>
        <Data name="description">
          <value/>
        </Data>
        <Data name="fid">
          <value>269</value>
        </Data>
        <Data name="FType">
          <value/>
        </Data>
        <Data name="Owner">
          <value/>
        </Data>
        <Data name="Usage">
          <value>Unknown</value>
        </Data>
        <Data name="Status">
          <value/>
        </Data>
        <Data name="Surface">
          <value/>
        </Data>
        <Data name="Restriction">
          <value/>
        </Data>
        <Data name="Lanes">
          <value/>
        </Data>
        <Data name="GlobalID">
          <value/>
        </Data>
        <Data name="created_user">
          <value/>
        </Data>
        <Data name="last_edited_user">
          <value/>
        </Data>
        <Data name="VehicleTravel">
          <value/>
        </Data>
        <Data name="VehicleRequirement">
          <value/>
        </Data>
        <Data name="VehicleLimitation">
          <value/>
        </Data>
        <Data name="SHAPE_Length">
          <value/>
        </Data>
        <Data name="Source">
          <value/>
        </Data>
      </ExtendedData>
      <LineString>
        <tessellate>1</tessellate>
        <coordinates>
          144.149797,-35.149952,0
          144.149563,-35.150007,0
          144.149348,-35.150106,0
        </coordinates>
      </LineString>
    </Placemark>
    <Placemark>
      <name/>
      <description><![CDATA[description: <br>fid: 270<br>FType: <br>Owner: <br>Usage: Unknown<br>Status: <br>Surface: <br>Restriction: <br>Lanes: <br>GlobalID: <br>created_user: <br>last_edited_user: <br>VehicleTravel: <br>VehicleRequirement: <br>VehicleLimitation: <br>SHAPE_Length: <br>Source: ]]></description>
      <styleUrl>#line-E65100-1969</styleUrl>
      <ExtendedData>
        <Data name="description">
          <value/>
        </Data>
        <Data name="fid">
          <value>270</value>
        </Data>
        <Data name="FType">
          <value/>
        </Data>
        <Data name="Owner">
          <value/>
        </Data>
        <Data name="Usage">
          <value>Unknown</value>
        </Data>
        <Data name="Status">
          <value/>
        </Data>
        <Data name="Surface">
          <value/>
        </Data>
        <Data name="Restriction">
          <value/>
        </Data>
        <Data name="Lanes">
          <value/>
        </Data>
        <Data name="GlobalID">
          <value/>
        </Data>
        <Data name="created_user">
          <value/>
        </Data>
        <Data name="last_edited_user">
          <value/>
        </Data>
        <Data name="VehicleTravel">
          <value/>
        </Data>
        <Data name="VehicleRequirement">
          <value/>
        </Data>
        <Data name="VehicleLimitation">
          <value/>
        </Data>
        <Data name="SHAPE_Length">
          <value/>
        </Data>
        <Data name="Source">
          <value/>
        </Data>
      </ExtendedData>
      <LineString>
        <tessellate>1</tessellate>
        <coordinates>
          144.148385,-35.15139,0
          144.148613,-35.151284,0
        </coordinates>
      </LineString>
    </Placemark>
    <Placemark>
      <name/>
      <description><![CDATA[description: <br>fid: 271<br>FType: <br>Owner: <br>Usage: Unknown<br>Status: <br>Surface: <br>Restriction: <br>Lanes: <br>GlobalID: <br>created_user: <br>last_edited_user: <br>VehicleTravel: <br>VehicleRequirement: <br>VehicleLimitation: <br>SHAPE_Length: <br>Source: ]]></description>
      <styleUrl>#line-E65100-1969</styleUrl>
      <ExtendedData>
        <Data name="description">
          <value/>
        </Data>
        <Data name="fid">
          <value>271</value>
        </Data>
        <Data name="FType">
          <value/>
        </Data>
        <Data name="Owner">
          <value/>
        </Data>
        <Data name="Usage">
          <value>Unknown</value>
        </Data>
        <Data name="Status">
          <value/>
        </Data>
        <Data name="Surface">
          <value/>
        </Data>
        <Data name="Restriction">
          <value/>
        </Data>
        <Data name="Lanes">
          <value/>
        </Data>
        <Data name="GlobalID">
          <value/>
        </Data>
        <Data name="created_user">
          <value/>
        </Data>
        <Data name="last_edited_user">
          <value/>
        </Data>
        <Data name="VehicleTravel">
          <value/>
        </Data>
        <Data name="VehicleRequirement">
          <value/>
        </Data>
        <Data name="VehicleLimitation">
          <value/>
        </Data>
        <Data name="SHAPE_Length">
          <value/>
        </Data>
        <Data name="Source">
          <value/>
        </Data>
      </ExtendedData>
      <LineString>
        <tessellate>1</tessellate>
        <coordinates>
          144.148613,-35.151284,0
          144.148731,-35.151226,0
          144.148828,-35.15121,0
          144.149331,-35.151342,0
        </coordinates>
      </LineString>
    </Placemark>
    <Placemark>
      <name/>
      <description><![CDATA[description: <br>fid: 272<br>FType: <br>Owner: <br>Usage: Unknown<br>Status: <br>Surface: <br>Restriction: <br>Lanes: <br>GlobalID: <br>created_user: <br>last_edited_user: <br>VehicleTravel: <br>VehicleRequirement: <br>VehicleLimitation: <br>SHAPE_Length: <br>Source: ]]></description>
      <styleUrl>#line-E65100-1969</styleUrl>
      <ExtendedData>
        <Data name="description">
          <value/>
        </Data>
        <Data name="fid">
          <value>272</value>
        </Data>
        <Data name="FType">
          <value/>
        </Data>
        <Data name="Owner">
          <value/>
        </Data>
        <Data name="Usage">
          <value>Unknown</value>
        </Data>
        <Data name="Status">
          <value/>
        </Data>
        <Data name="Surface">
          <value/>
        </Data>
        <Data name="Restriction">
          <value/>
        </Data>
        <Data name="Lanes">
          <value/>
        </Data>
        <Data name="GlobalID">
          <value/>
        </Data>
        <Data name="created_user">
          <value/>
        </Data>
        <Data name="last_edited_user">
          <value/>
        </Data>
        <Data name="VehicleTravel">
          <value/>
        </Data>
        <Data name="VehicleRequirement">
          <value/>
        </Data>
        <Data name="VehicleLimitation">
          <value/>
        </Data>
        <Data name="SHAPE_Length">
          <value/>
        </Data>
        <Data name="Source">
          <value/>
        </Data>
      </ExtendedData>
      <LineString>
        <tessellate>1</tessellate>
        <coordinates>
          144.149331,-35.151342,0
          144.149649,-35.151145,0
          144.14982,-35.151002,0
        </coordinates>
      </LineString>
    </Placemark>
    <Placemark>
      <name/>
      <description><![CDATA[description: <br>fid: 273<br>FType: <br>Owner: <br>Usage: Unknown<br>Status: <br>Surface: <br>Restriction: <br>Lanes: <br>GlobalID: <br>created_user: <br>last_edited_user: <br>VehicleTravel: <br>VehicleRequirement: <br>VehicleLimitation: <br>SHAPE_Length: <br>Source: ]]></description>
      <styleUrl>#line-E65100-1969</styleUrl>
      <ExtendedData>
        <Data name="description">
          <value/>
        </Data>
        <Data name="fid">
          <value>273</value>
        </Data>
        <Data name="FType">
          <value/>
        </Data>
        <Data name="Owner">
          <value/>
        </Data>
        <Data name="Usage">
          <value>Unknown</value>
        </Data>
        <Data name="Status">
          <value/>
        </Data>
        <Data name="Surface">
          <value/>
        </Data>
        <Data name="Restriction">
          <value/>
        </Data>
        <Data name="Lanes">
          <value/>
        </Data>
        <Data name="GlobalID">
          <value/>
        </Data>
        <Data name="created_user">
          <value/>
        </Data>
        <Data name="last_edited_user">
          <value/>
        </Data>
        <Data name="VehicleTravel">
          <value/>
        </Data>
        <Data name="VehicleRequirement">
          <value/>
        </Data>
        <Data name="VehicleLimitation">
          <value/>
        </Data>
        <Data name="SHAPE_Length">
          <value/>
        </Data>
        <Data name="Source">
          <value/>
        </Data>
      </ExtendedData>
      <LineString>
        <tessellate>1</tessellate>
        <coordinates>
          144.148243,-35.151778,0
          144.148422,-35.151936,0
        </coordinates>
      </LineString>
    </Placemark>
    <Placemark>
      <name/>
      <description><![CDATA[description: <br>fid: 274<br>FType: <br>Owner: <br>Usage: Unknown<br>Status: <br>Surface: <br>Restriction: <br>Lanes: <br>GlobalID: <br>created_user: <br>last_edited_user: <br>VehicleTravel: <br>VehicleRequirement: <br>VehicleLimitation: <br>SHAPE_Length: <br>Source: ]]></description>
      <styleUrl>#line-E65100-1969</styleUrl>
      <ExtendedData>
        <Data name="description">
          <value/>
        </Data>
        <Data name="fid">
          <value>274</value>
        </Data>
        <Data name="FType">
          <value/>
        </Data>
        <Data name="Owner">
          <value/>
        </Data>
        <Data name="Usage">
          <value>Unknown</value>
        </Data>
        <Data name="Status">
          <value/>
        </Data>
        <Data name="Surface">
          <value/>
        </Data>
        <Data name="Restriction">
          <value/>
        </Data>
        <Data name="Lanes">
          <value/>
        </Data>
        <Data name="GlobalID">
          <value/>
        </Data>
        <Data name="created_user">
          <value/>
        </Data>
        <Data name="last_edited_user">
          <value/>
        </Data>
        <Data name="VehicleTravel">
          <value/>
        </Data>
        <Data name="VehicleRequirement">
          <value/>
        </Data>
        <Data name="VehicleLimitation">
          <value/>
        </Data>
        <Data name="SHAPE_Length">
          <value/>
        </Data>
        <Data name="Source">
          <value/>
        </Data>
      </ExtendedData>
      <LineString>
        <tessellate>1</tessellate>
        <coordinates>
          144.148543,-35.151715,0
          144.148422,-35.151936,0
        </coordinates>
      </LineString>
    </Placemark>
    <Placemark>
      <name/>
      <description><![CDATA[description: <br>fid: 275<br>FType: <br>Owner: <br>Usage: Unknown<br>Status: <br>Surface: <br>Restriction: <br>Lanes: <br>GlobalID: <br>created_user: <br>last_edited_user: <br>VehicleTravel: <br>VehicleRequirement: <br>VehicleLimitation: <br>SHAPE_Length: <br>Source: ]]></description>
      <styleUrl>#line-E65100-1969</styleUrl>
      <ExtendedData>
        <Data name="description">
          <value/>
        </Data>
        <Data name="fid">
          <value>275</value>
        </Data>
        <Data name="FType">
          <value/>
        </Data>
        <Data name="Owner">
          <value/>
        </Data>
        <Data name="Usage">
          <value>Unknown</value>
        </Data>
        <Data name="Status">
          <value/>
        </Data>
        <Data name="Surface">
          <value/>
        </Data>
        <Data name="Restriction">
          <value/>
        </Data>
        <Data name="Lanes">
          <value/>
        </Data>
        <Data name="GlobalID">
          <value/>
        </Data>
        <Data name="created_user">
          <value/>
        </Data>
        <Data name="last_edited_user">
          <value/>
        </Data>
        <Data name="VehicleTravel">
          <value/>
        </Data>
        <Data name="VehicleRequirement">
          <value/>
        </Data>
        <Data name="VehicleLimitation">
          <value/>
        </Data>
        <Data name="SHAPE_Length">
          <value/>
        </Data>
        <Data name="Source">
          <value/>
        </Data>
      </ExtendedData>
      <LineString>
        <tessellate>1</tessellate>
        <coordinates>
          144.148058,-35.150863,0
          144.147947,-35.150979,0
          144.14787,-35.151067,0
          144.147941,-35.151648,0
        </coordinates>
      </LineString>
    </Placemark>
    <Placemark>
      <name/>
      <description><![CDATA[description: <br>fid: 276<br>FType: <br>Owner: <br>Usage: Unknown<br>Status: <br>Surface: <br>Restriction: <br>Lanes: <br>GlobalID: <br>created_user: <br>last_edited_user: <br>VehicleTravel: <br>VehicleRequirement: <br>VehicleLimitation: <br>SHAPE_Length: <br>Source: ]]></description>
      <styleUrl>#line-E65100-1969</styleUrl>
      <ExtendedData>
        <Data name="description">
          <value/>
        </Data>
        <Data name="fid">
          <value>276</value>
        </Data>
        <Data name="FType">
          <value/>
        </Data>
        <Data name="Owner">
          <value/>
        </Data>
        <Data name="Usage">
          <value>Unknown</value>
        </Data>
        <Data name="Status">
          <value/>
        </Data>
        <Data name="Surface">
          <value/>
        </Data>
        <Data name="Restriction">
          <value/>
        </Data>
        <Data name="Lanes">
          <value/>
        </Data>
        <Data name="GlobalID">
          <value/>
        </Data>
        <Data name="created_user">
          <value/>
        </Data>
        <Data name="last_edited_user">
          <value/>
        </Data>
        <Data name="VehicleTravel">
          <value/>
        </Data>
        <Data name="VehicleRequirement">
          <value/>
        </Data>
        <Data name="VehicleLimitation">
          <value/>
        </Data>
        <Data name="SHAPE_Length">
          <value/>
        </Data>
        <Data name="Source">
          <value/>
        </Data>
      </ExtendedData>
      <LineString>
        <tessellate>1</tessellate>
        <coordinates>
          144.147941,-35.151648,0
          144.147604,-35.15199,0
          144.147587,-35.152012,0
        </coordinates>
      </LineString>
    </Placemark>
    <Placemark>
      <name/>
      <description><![CDATA[description: <br>fid: 277<br>FType: <br>Owner: <br>Usage: Unknown<br>Status: <br>Surface: <br>Restriction: <br>Lanes: <br>GlobalID: <br>created_user: <br>last_edited_user: <br>VehicleTravel: <br>VehicleRequirement: <br>VehicleLimitation: <br>SHAPE_Length: <br>Source: ]]></description>
      <styleUrl>#line-E65100-1969</styleUrl>
      <ExtendedData>
        <Data name="description">
          <value/>
        </Data>
        <Data name="fid">
          <value>277</value>
        </Data>
        <Data name="FType">
          <value/>
        </Data>
        <Data name="Owner">
          <value/>
        </Data>
        <Data name="Usage">
          <value>Unknown</value>
        </Data>
        <Data name="Status">
          <value/>
        </Data>
        <Data name="Surface">
          <value/>
        </Data>
        <Data name="Restriction">
          <value/>
        </Data>
        <Data name="Lanes">
          <value/>
        </Data>
        <Data name="GlobalID">
          <value/>
        </Data>
        <Data name="created_user">
          <value/>
        </Data>
        <Data name="last_edited_user">
          <value/>
        </Data>
        <Data name="VehicleTravel">
          <value/>
        </Data>
        <Data name="VehicleRequirement">
          <value/>
        </Data>
        <Data name="VehicleLimitation">
          <value/>
        </Data>
        <Data name="SHAPE_Length">
          <value/>
        </Data>
        <Data name="Source">
          <value/>
        </Data>
      </ExtendedData>
      <LineString>
        <tessellate>1</tessellate>
        <coordinates>
          144.148243,-35.151778,0
          144.148027,-35.151914,0
          144.147696,-35.152,0
          144.147654,-35.15203,0
        </coordinates>
      </LineString>
    </Placemark>
    <Placemark>
      <name/>
      <description><![CDATA[description: <br>fid: 278<br>FType: <br>Owner: <br>Usage: Unknown<br>Status: <br>Surface: <br>Restriction: <br>Lanes: <br>GlobalID: <br>created_user: <br>last_edited_user: <br>VehicleTravel: <br>VehicleRequirement: <br>VehicleLimitation: <br>SHAPE_Length: <br>Source: ]]></description>
      <styleUrl>#line-E65100-1969</styleUrl>
      <ExtendedData>
        <Data name="description">
          <value/>
        </Data>
        <Data name="fid">
          <value>278</value>
        </Data>
        <Data name="FType">
          <value/>
        </Data>
        <Data name="Owner">
          <value/>
        </Data>
        <Data name="Usage">
          <value>Unknown</value>
        </Data>
        <Data name="Status">
          <value/>
        </Data>
        <Data name="Surface">
          <value/>
        </Data>
        <Data name="Restriction">
          <value/>
        </Data>
        <Data name="Lanes">
          <value/>
        </Data>
        <Data name="GlobalID">
          <value/>
        </Data>
        <Data name="created_user">
          <value/>
        </Data>
        <Data name="last_edited_user">
          <value/>
        </Data>
        <Data name="VehicleTravel">
          <value/>
        </Data>
        <Data name="VehicleRequirement">
          <value/>
        </Data>
        <Data name="VehicleLimitation">
          <value/>
        </Data>
        <Data name="SHAPE_Length">
          <value/>
        </Data>
        <Data name="Source">
          <value/>
        </Data>
      </ExtendedData>
      <LineString>
        <tessellate>1</tessellate>
        <coordinates>
          144.142789,-35.147548,0
          144.142349,-35.147655,0
        </coordinates>
      </LineString>
    </Placemark>
    <Placemark>
      <name/>
      <description><![CDATA[description: <br>fid: 279<br>FType: <br>Owner: <br>Usage: Unknown<br>Status: <br>Surface: <br>Restriction: <br>Lanes: <br>GlobalID: <br>created_user: <br>last_edited_user: <br>VehicleTravel: <br>VehicleRequirement: <br>VehicleLimitation: <br>SHAPE_Length: <br>Source: ]]></description>
      <styleUrl>#line-E65100-1969</styleUrl>
      <ExtendedData>
        <Data name="description">
          <value/>
        </Data>
        <Data name="fid">
          <value>279</value>
        </Data>
        <Data name="FType">
          <value/>
        </Data>
        <Data name="Owner">
          <value/>
        </Data>
        <Data name="Usage">
          <value>Unknown</value>
        </Data>
        <Data name="Status">
          <value/>
        </Data>
        <Data name="Surface">
          <value/>
        </Data>
        <Data name="Restriction">
          <value/>
        </Data>
        <Data name="Lanes">
          <value/>
        </Data>
        <Data name="GlobalID">
          <value/>
        </Data>
        <Data name="created_user">
          <value/>
        </Data>
        <Data name="last_edited_user">
          <value/>
        </Data>
        <Data name="VehicleTravel">
          <value/>
        </Data>
        <Data name="VehicleRequirement">
          <value/>
        </Data>
        <Data name="VehicleLimitation">
          <value/>
        </Data>
        <Data name="SHAPE_Length">
          <value/>
        </Data>
        <Data name="Source">
          <value/>
        </Data>
      </ExtendedData>
      <LineString>
        <tessellate>1</tessellate>
        <coordinates>
          144.142349,-35.147655,0
          144.141896,-35.1477,0
        </coordinates>
      </LineString>
    </Placemark>
    <Placemark>
      <name/>
      <description><![CDATA[description: <br>fid: 280<br>FType: <br>Owner: <br>Usage: Unknown<br>Status: <br>Surface: <br>Restriction: <br>Lanes: <br>GlobalID: <br>created_user: <br>last_edited_user: <br>VehicleTravel: <br>VehicleRequirement: <br>VehicleLimitation: <br>SHAPE_Length: <br>Source: ]]></description>
      <styleUrl>#line-E65100-1969</styleUrl>
      <ExtendedData>
        <Data name="description">
          <value/>
        </Data>
        <Data name="fid">
          <value>280</value>
        </Data>
        <Data name="FType">
          <value/>
        </Data>
        <Data name="Owner">
          <value/>
        </Data>
        <Data name="Usage">
          <value>Unknown</value>
        </Data>
        <Data name="Status">
          <value/>
        </Data>
        <Data name="Surface">
          <value/>
        </Data>
        <Data name="Restriction">
          <value/>
        </Data>
        <Data name="Lanes">
          <value/>
        </Data>
        <Data name="GlobalID">
          <value/>
        </Data>
        <Data name="created_user">
          <value/>
        </Data>
        <Data name="last_edited_user">
          <value/>
        </Data>
        <Data name="VehicleTravel">
          <value/>
        </Data>
        <Data name="VehicleRequirement">
          <value/>
        </Data>
        <Data name="VehicleLimitation">
          <value/>
        </Data>
        <Data name="SHAPE_Length">
          <value/>
        </Data>
        <Data name="Source">
          <value/>
        </Data>
      </ExtendedData>
      <LineString>
        <tessellate>1</tessellate>
        <coordinates>
          144.140446,-35.148616,0
          144.140675,-35.148962,0
          144.140705,-35.148996,0
        </coordinates>
      </LineString>
    </Placemark>
    <Placemark>
      <name/>
      <description><![CDATA[description: <br>fid: 282<br>FType: <br>Owner: <br>Usage: Unknown<br>Status: <br>Surface: <br>Restriction: <br>Lanes: <br>GlobalID: <br>created_user: <br>last_edited_user: <br>VehicleTravel: <br>VehicleRequirement: <br>VehicleLimitation: <br>SHAPE_Length: <br>Source: ]]></description>
      <styleUrl>#line-E65100-1969</styleUrl>
      <ExtendedData>
        <Data name="description">
          <value/>
        </Data>
        <Data name="fid">
          <value>282</value>
        </Data>
        <Data name="FType">
          <value/>
        </Data>
        <Data name="Owner">
          <value/>
        </Data>
        <Data name="Usage">
          <value>Unknown</value>
        </Data>
        <Data name="Status">
          <value/>
        </Data>
        <Data name="Surface">
          <value/>
        </Data>
        <Data name="Restriction">
          <value/>
        </Data>
        <Data name="Lanes">
          <value/>
        </Data>
        <Data name="GlobalID">
          <value/>
        </Data>
        <Data name="created_user">
          <value/>
        </Data>
        <Data name="last_edited_user">
          <value/>
        </Data>
        <Data name="VehicleTravel">
          <value/>
        </Data>
        <Data name="VehicleRequirement">
          <value/>
        </Data>
        <Data name="VehicleLimitation">
          <value/>
        </Data>
        <Data name="SHAPE_Length">
          <value/>
        </Data>
        <Data name="Source">
          <value/>
        </Data>
      </ExtendedData>
      <LineString>
        <tessellate>1</tessellate>
        <coordinates>
          144.140705,-35.148996,0
          144.140612,-35.149478,0
        </coordinates>
      </LineString>
    </Placemark>
    <Placemark>
      <name/>
      <description><![CDATA[description: <br>fid: 287<br>FType: <br>Owner: <br>Usage: Unknown<br>Status: <br>Surface: <br>Restriction: <br>Lanes: <br>GlobalID: <br>created_user: <br>last_edited_user: <br>VehicleTravel: <br>VehicleRequirement: <br>VehicleLimitation: <br>SHAPE_Length: <br>Source: ]]></description>
      <styleUrl>#line-E65100-1969</styleUrl>
      <ExtendedData>
        <Data name="description">
          <value/>
        </Data>
        <Data name="fid">
          <value>287</value>
        </Data>
        <Data name="FType">
          <value/>
        </Data>
        <Data name="Owner">
          <value/>
        </Data>
        <Data name="Usage">
          <value>Unknown</value>
        </Data>
        <Data name="Status">
          <value/>
        </Data>
        <Data name="Surface">
          <value/>
        </Data>
        <Data name="Restriction">
          <value/>
        </Data>
        <Data name="Lanes">
          <value/>
        </Data>
        <Data name="GlobalID">
          <value/>
        </Data>
        <Data name="created_user">
          <value/>
        </Data>
        <Data name="last_edited_user">
          <value/>
        </Data>
        <Data name="VehicleTravel">
          <value/>
        </Data>
        <Data name="VehicleRequirement">
          <value/>
        </Data>
        <Data name="VehicleLimitation">
          <value/>
        </Data>
        <Data name="SHAPE_Length">
          <value/>
        </Data>
        <Data name="Source">
          <value/>
        </Data>
      </ExtendedData>
      <LineString>
        <tessellate>1</tessellate>
        <coordinates>
          144.14216,-35.148198,0
          144.142078,-35.148145,0
        </coordinates>
      </LineString>
    </Placemark>
    <Placemark>
      <name/>
      <description><![CDATA[description: <br>fid: 288<br>FType: <br>Owner: <br>Usage: Unknown<br>Status: <br>Surface: <br>Restriction: <br>Lanes: <br>GlobalID: <br>created_user: <br>last_edited_user: <br>VehicleTravel: <br>VehicleRequirement: <br>VehicleLimitation: <br>SHAPE_Length: <br>Source: ]]></description>
      <styleUrl>#line-E65100-1969</styleUrl>
      <ExtendedData>
        <Data name="description">
          <value/>
        </Data>
        <Data name="fid">
          <value>288</value>
        </Data>
        <Data name="FType">
          <value/>
        </Data>
        <Data name="Owner">
          <value/>
        </Data>
        <Data name="Usage">
          <value>Unknown</value>
        </Data>
        <Data name="Status">
          <value/>
        </Data>
        <Data name="Surface">
          <value/>
        </Data>
        <Data name="Restriction">
          <value/>
        </Data>
        <Data name="Lanes">
          <value/>
        </Data>
        <Data name="GlobalID">
          <value/>
        </Data>
        <Data name="created_user">
          <value/>
        </Data>
        <Data name="last_edited_user">
          <value/>
        </Data>
        <Data name="VehicleTravel">
          <value/>
        </Data>
        <Data name="VehicleRequirement">
          <value/>
        </Data>
        <Data name="VehicleLimitation">
          <value/>
        </Data>
        <Data name="SHAPE_Length">
          <value/>
        </Data>
        <Data name="Source">
          <value/>
        </Data>
      </ExtendedData>
      <LineString>
        <tessellate>1</tessellate>
        <coordinates>
          144.142013,-35.148183,0
          144.142078,-35.148145,0
        </coordinates>
      </LineString>
    </Placemark>
    <Placemark>
      <name/>
      <description><![CDATA[description: <br>fid: 289<br>FType: <br>Owner: <br>Usage: Unknown<br>Status: <br>Surface: <br>Restriction: <br>Lanes: <br>GlobalID: <br>created_user: <br>last_edited_user: <br>VehicleTravel: <br>VehicleRequirement: <br>VehicleLimitation: <br>SHAPE_Length: <br>Source: ]]></description>
      <styleUrl>#line-E65100-1969</styleUrl>
      <ExtendedData>
        <Data name="description">
          <value/>
        </Data>
        <Data name="fid">
          <value>289</value>
        </Data>
        <Data name="FType">
          <value/>
        </Data>
        <Data name="Owner">
          <value/>
        </Data>
        <Data name="Usage">
          <value>Unknown</value>
        </Data>
        <Data name="Status">
          <value/>
        </Data>
        <Data name="Surface">
          <value/>
        </Data>
        <Data name="Restriction">
          <value/>
        </Data>
        <Data name="Lanes">
          <value/>
        </Data>
        <Data name="GlobalID">
          <value/>
        </Data>
        <Data name="created_user">
          <value/>
        </Data>
        <Data name="last_edited_user">
          <value/>
        </Data>
        <Data name="VehicleTravel">
          <value/>
        </Data>
        <Data name="VehicleRequirement">
          <value/>
        </Data>
        <Data name="VehicleLimitation">
          <value/>
        </Data>
        <Data name="SHAPE_Length">
          <value/>
        </Data>
        <Data name="Source">
          <value/>
        </Data>
      </ExtendedData>
      <LineString>
        <tessellate>1</tessellate>
        <coordinates>
          144.141896,-35.1477,0
          144.141732,-35.147887,0
        </coordinates>
      </LineString>
    </Placemark>
    <Placemark>
      <name/>
      <description><![CDATA[description: <br>fid: 292<br>FType: <br>Owner: <br>Usage: Unknown<br>Status: <br>Surface: <br>Restriction: <br>Lanes: <br>GlobalID: <br>created_user: <br>last_edited_user: <br>VehicleTravel: <br>VehicleRequirement: <br>VehicleLimitation: <br>SHAPE_Length: <br>Source: ]]></description>
      <styleUrl>#line-E65100-1969</styleUrl>
      <ExtendedData>
        <Data name="description">
          <value/>
        </Data>
        <Data name="fid">
          <value>292</value>
        </Data>
        <Data name="FType">
          <value/>
        </Data>
        <Data name="Owner">
          <value/>
        </Data>
        <Data name="Usage">
          <value>Unknown</value>
        </Data>
        <Data name="Status">
          <value/>
        </Data>
        <Data name="Surface">
          <value/>
        </Data>
        <Data name="Restriction">
          <value/>
        </Data>
        <Data name="Lanes">
          <value/>
        </Data>
        <Data name="GlobalID">
          <value/>
        </Data>
        <Data name="created_user">
          <value/>
        </Data>
        <Data name="last_edited_user">
          <value/>
        </Data>
        <Data name="VehicleTravel">
          <value/>
        </Data>
        <Data name="VehicleRequirement">
          <value/>
        </Data>
        <Data name="VehicleLimitation">
          <value/>
        </Data>
        <Data name="SHAPE_Length">
          <value/>
        </Data>
        <Data name="Source">
          <value/>
        </Data>
      </ExtendedData>
      <LineString>
        <tessellate>1</tessellate>
        <coordinates>
          144.140802,-35.148331,0
          144.141065,-35.14851,0
          144.141066,-35.148973,0
          144.141064,-35.14899,0
        </coordinates>
      </LineString>
    </Placemark>
    <Placemark>
      <name/>
      <description><![CDATA[description: <br>fid: 293<br>FType: <br>Owner: <br>Usage: Unknown<br>Status: <br>Surface: <br>Restriction: <br>Lanes: <br>GlobalID: <br>created_user: <br>last_edited_user: <br>VehicleTravel: <br>VehicleRequirement: <br>VehicleLimitation: <br>SHAPE_Length: <br>Source: ]]></description>
      <styleUrl>#line-E65100-1969</styleUrl>
      <ExtendedData>
        <Data name="description">
          <value/>
        </Data>
        <Data name="fid">
          <value>293</value>
        </Data>
        <Data name="FType">
          <value/>
        </Data>
        <Data name="Owner">
          <value/>
        </Data>
        <Data name="Usage">
          <value>Unknown</value>
        </Data>
        <Data name="Status">
          <value/>
        </Data>
        <Data name="Surface">
          <value/>
        </Data>
        <Data name="Restriction">
          <value/>
        </Data>
        <Data name="Lanes">
          <value/>
        </Data>
        <Data name="GlobalID">
          <value/>
        </Data>
        <Data name="created_user">
          <value/>
        </Data>
        <Data name="last_edited_user">
          <value/>
        </Data>
        <Data name="VehicleTravel">
          <value/>
        </Data>
        <Data name="VehicleRequirement">
          <value/>
        </Data>
        <Data name="VehicleLimitation">
          <value/>
        </Data>
        <Data name="SHAPE_Length">
          <value/>
        </Data>
        <Data name="Source">
          <value/>
        </Data>
      </ExtendedData>
      <LineString>
        <tessellate>1</tessellate>
        <coordinates>
          144.140146,-35.149454,0
          144.140612,-35.149478,0
        </coordinates>
      </LineString>
    </Placemark>
    <Placemark>
      <name/>
      <description><![CDATA[description: <br>fid: 294<br>FType: <br>Owner: <br>Usage: Unknown<br>Status: <br>Surface: <br>Restriction: <br>Lanes: <br>GlobalID: <br>created_user: <br>last_edited_user: <br>VehicleTravel: <br>VehicleRequirement: <br>VehicleLimitation: <br>SHAPE_Length: <br>Source: ]]></description>
      <styleUrl>#line-E65100-1969</styleUrl>
      <ExtendedData>
        <Data name="description">
          <value/>
        </Data>
        <Data name="fid">
          <value>294</value>
        </Data>
        <Data name="FType">
          <value/>
        </Data>
        <Data name="Owner">
          <value/>
        </Data>
        <Data name="Usage">
          <value>Unknown</value>
        </Data>
        <Data name="Status">
          <value/>
        </Data>
        <Data name="Surface">
          <value/>
        </Data>
        <Data name="Restriction">
          <value/>
        </Data>
        <Data name="Lanes">
          <value/>
        </Data>
        <Data name="GlobalID">
          <value/>
        </Data>
        <Data name="created_user">
          <value/>
        </Data>
        <Data name="last_edited_user">
          <value/>
        </Data>
        <Data name="VehicleTravel">
          <value/>
        </Data>
        <Data name="VehicleRequirement">
          <value/>
        </Data>
        <Data name="VehicleLimitation">
          <value/>
        </Data>
        <Data name="SHAPE_Length">
          <value/>
        </Data>
        <Data name="Source">
          <value/>
        </Data>
      </ExtendedData>
      <LineString>
        <tessellate>1</tessellate>
        <coordinates>
          144.140935,-35.14898,0
          144.141069,-35.149335,0
          144.141286,-35.149534,0
        </coordinates>
      </LineString>
    </Placemark>
    <Placemark>
      <name/>
      <description><![CDATA[description: <br>fid: 295<br>FType: <br>Owner: <br>Usage: Unknown<br>Status: <br>Surface: <br>Restriction: <br>Lanes: <br>GlobalID: <br>created_user: <br>last_edited_user: <br>VehicleTravel: <br>VehicleRequirement: <br>VehicleLimitation: <br>SHAPE_Length: <br>Source: ]]></description>
      <styleUrl>#line-E65100-1969</styleUrl>
      <ExtendedData>
        <Data name="description">
          <value/>
        </Data>
        <Data name="fid">
          <value>295</value>
        </Data>
        <Data name="FType">
          <value/>
        </Data>
        <Data name="Owner">
          <value/>
        </Data>
        <Data name="Usage">
          <value>Unknown</value>
        </Data>
        <Data name="Status">
          <value/>
        </Data>
        <Data name="Surface">
          <value/>
        </Data>
        <Data name="Restriction">
          <value/>
        </Data>
        <Data name="Lanes">
          <value/>
        </Data>
        <Data name="GlobalID">
          <value/>
        </Data>
        <Data name="created_user">
          <value/>
        </Data>
        <Data name="last_edited_user">
          <value/>
        </Data>
        <Data name="VehicleTravel">
          <value/>
        </Data>
        <Data name="VehicleRequirement">
          <value/>
        </Data>
        <Data name="VehicleLimitation">
          <value/>
        </Data>
        <Data name="SHAPE_Length">
          <value/>
        </Data>
        <Data name="Source">
          <value/>
        </Data>
      </ExtendedData>
      <LineString>
        <tessellate>1</tessellate>
        <coordinates>
          144.141732,-35.147887,0
          144.141944,-35.148073,0
          144.142078,-35.148145,0
        </coordinates>
      </LineString>
    </Placemark>
    <Placemark>
      <name/>
      <description><![CDATA[description: <br>fid: 296<br>FType: <br>Owner: <br>Usage: Unknown<br>Status: <br>Surface: <br>Restriction: <br>Lanes: <br>GlobalID: <br>created_user: <br>last_edited_user: <br>VehicleTravel: <br>VehicleRequirement: <br>VehicleLimitation: <br>SHAPE_Length: <br>Source: ]]></description>
      <styleUrl>#line-E65100-1969</styleUrl>
      <ExtendedData>
        <Data name="description">
          <value/>
        </Data>
        <Data name="fid">
          <value>296</value>
        </Data>
        <Data name="FType">
          <value/>
        </Data>
        <Data name="Owner">
          <value/>
        </Data>
        <Data name="Usage">
          <value>Unknown</value>
        </Data>
        <Data name="Status">
          <value/>
        </Data>
        <Data name="Surface">
          <value/>
        </Data>
        <Data name="Restriction">
          <value/>
        </Data>
        <Data name="Lanes">
          <value/>
        </Data>
        <Data name="GlobalID">
          <value/>
        </Data>
        <Data name="created_user">
          <value/>
        </Data>
        <Data name="last_edited_user">
          <value/>
        </Data>
        <Data name="VehicleTravel">
          <value/>
        </Data>
        <Data name="VehicleRequirement">
          <value/>
        </Data>
        <Data name="VehicleLimitation">
          <value/>
        </Data>
        <Data name="SHAPE_Length">
          <value/>
        </Data>
        <Data name="Source">
          <value/>
        </Data>
      </ExtendedData>
      <LineString>
        <tessellate>1</tessellate>
        <coordinates>
          144.142349,-35.147655,0
          144.142249,-35.147778,0
          144.141944,-35.148073,0
        </coordinates>
      </LineString>
    </Placemark>
    <Placemark>
      <name/>
      <description><![CDATA[description: <br>fid: 297<br>FType: <br>Owner: <br>Usage: Unknown<br>Status: <br>Surface: <br>Restriction: <br>Lanes: <br>GlobalID: <br>created_user: <br>last_edited_user: <br>VehicleTravel: <br>VehicleRequirement: <br>VehicleLimitation: <br>SHAPE_Length: <br>Source: ]]></description>
      <styleUrl>#line-E65100-1969</styleUrl>
      <ExtendedData>
        <Data name="description">
          <value/>
        </Data>
        <Data name="fid">
          <value>297</value>
        </Data>
        <Data name="FType">
          <value/>
        </Data>
        <Data name="Owner">
          <value/>
        </Data>
        <Data name="Usage">
          <value>Unknown</value>
        </Data>
        <Data name="Status">
          <value/>
        </Data>
        <Data name="Surface">
          <value/>
        </Data>
        <Data name="Restriction">
          <value/>
        </Data>
        <Data name="Lanes">
          <value/>
        </Data>
        <Data name="GlobalID">
          <value/>
        </Data>
        <Data name="created_user">
          <value/>
        </Data>
        <Data name="last_edited_user">
          <value/>
        </Data>
        <Data name="VehicleTravel">
          <value/>
        </Data>
        <Data name="VehicleRequirement">
          <value/>
        </Data>
        <Data name="VehicleLimitation">
          <value/>
        </Data>
        <Data name="SHAPE_Length">
          <value/>
        </Data>
        <Data name="Source">
          <value/>
        </Data>
      </ExtendedData>
      <LineString>
        <tessellate>1</tessellate>
        <coordinates>
          144.141732,-35.147887,0
          144.141393,-35.148083,0
          144.140802,-35.148331,0
          144.140446,-35.148616,0
        </coordinates>
      </LineString>
    </Placemark>
    <Placemark>
      <name/>
      <description><![CDATA[description: <br>fid: 298<br>FType: <br>Owner: <br>Usage: Unknown<br>Status: <br>Surface: <br>Restriction: <br>Lanes: <br>GlobalID: <br>created_user: <br>last_edited_user: <br>VehicleTravel: <br>VehicleRequirement: <br>VehicleLimitation: <br>SHAPE_Length: <br>Source: ]]></description>
      <styleUrl>#line-E65100-1969</styleUrl>
      <ExtendedData>
        <Data name="description">
          <value/>
        </Data>
        <Data name="fid">
          <value>298</value>
        </Data>
        <Data name="FType">
          <value/>
        </Data>
        <Data name="Owner">
          <value/>
        </Data>
        <Data name="Usage">
          <value>Unknown</value>
        </Data>
        <Data name="Status">
          <value/>
        </Data>
        <Data name="Surface">
          <value/>
        </Data>
        <Data name="Restriction">
          <value/>
        </Data>
        <Data name="Lanes">
          <value/>
        </Data>
        <Data name="GlobalID">
          <value/>
        </Data>
        <Data name="created_user">
          <value/>
        </Data>
        <Data name="last_edited_user">
          <value/>
        </Data>
        <Data name="VehicleTravel">
          <value/>
        </Data>
        <Data name="VehicleRequirement">
          <value/>
        </Data>
        <Data name="VehicleLimitation">
          <value/>
        </Data>
        <Data name="SHAPE_Length">
          <value/>
        </Data>
        <Data name="Source">
          <value/>
        </Data>
      </ExtendedData>
      <LineString>
        <tessellate>1</tessellate>
        <coordinates>
          144.143944,-35.149409,0
          144.14395,-35.149402,0
          144.144125,-35.149153,0
          144.144151,-35.148868,0
        </coordinates>
      </LineString>
    </Placemark>
    <Placemark>
      <name/>
      <description><![CDATA[description: <br>fid: 299<br>FType: <br>Owner: <br>Usage: Unknown<br>Status: <br>Surface: <br>Restriction: <br>Lanes: <br>GlobalID: <br>created_user: <br>last_edited_user: <br>VehicleTravel: <br>VehicleRequirement: <br>VehicleLimitation: <br>SHAPE_Length: <br>Source: ]]></description>
      <styleUrl>#line-E65100-1969</styleUrl>
      <ExtendedData>
        <Data name="description">
          <value/>
        </Data>
        <Data name="fid">
          <value>299</value>
        </Data>
        <Data name="FType">
          <value/>
        </Data>
        <Data name="Owner">
          <value/>
        </Data>
        <Data name="Usage">
          <value>Unknown</value>
        </Data>
        <Data name="Status">
          <value/>
        </Data>
        <Data name="Surface">
          <value/>
        </Data>
        <Data name="Restriction">
          <value/>
        </Data>
        <Data name="Lanes">
          <value/>
        </Data>
        <Data name="GlobalID">
          <value/>
        </Data>
        <Data name="created_user">
          <value/>
        </Data>
        <Data name="last_edited_user">
          <value/>
        </Data>
        <Data name="VehicleTravel">
          <value/>
        </Data>
        <Data name="VehicleRequirement">
          <value/>
        </Data>
        <Data name="VehicleLimitation">
          <value/>
        </Data>
        <Data name="SHAPE_Length">
          <value/>
        </Data>
        <Data name="Source">
          <value/>
        </Data>
      </ExtendedData>
      <LineString>
        <tessellate>1</tessellate>
        <coordinates>
          144.14377,-35.149154,0
          144.144128,-35.148794,0
        </coordinates>
      </LineString>
    </Placemark>
    <Placemark>
      <name/>
      <description><![CDATA[description: <br>fid: 300<br>FType: <br>Owner: <br>Usage: Unknown<br>Status: <br>Surface: <br>Restriction: <br>Lanes: <br>GlobalID: <br>created_user: <br>last_edited_user: <br>VehicleTravel: <br>VehicleRequirement: <br>VehicleLimitation: <br>SHAPE_Length: <br>Source: ]]></description>
      <styleUrl>#line-E65100-1969</styleUrl>
      <ExtendedData>
        <Data name="description">
          <value/>
        </Data>
        <Data name="fid">
          <value>300</value>
        </Data>
        <Data name="FType">
          <value/>
        </Data>
        <Data name="Owner">
          <value/>
        </Data>
        <Data name="Usage">
          <value>Unknown</value>
        </Data>
        <Data name="Status">
          <value/>
        </Data>
        <Data name="Surface">
          <value/>
        </Data>
        <Data name="Restriction">
          <value/>
        </Data>
        <Data name="Lanes">
          <value/>
        </Data>
        <Data name="GlobalID">
          <value/>
        </Data>
        <Data name="created_user">
          <value/>
        </Data>
        <Data name="last_edited_user">
          <value/>
        </Data>
        <Data name="VehicleTravel">
          <value/>
        </Data>
        <Data name="VehicleRequirement">
          <value/>
        </Data>
        <Data name="VehicleLimitation">
          <value/>
        </Data>
        <Data name="SHAPE_Length">
          <value/>
        </Data>
        <Data name="Source">
          <value/>
        </Data>
      </ExtendedData>
      <LineString>
        <tessellate>1</tessellate>
        <coordinates>
          144.144151,-35.148868,0
          144.144136,-35.148817,0
          144.144128,-35.148794,0
        </coordinates>
      </LineString>
    </Placemark>
    <Placemark>
      <name/>
      <description><![CDATA[description: <br>fid: 301<br>FType: <br>Owner: <br>Usage: Unknown<br>Status: <br>Surface: <br>Restriction: <br>Lanes: <br>GlobalID: <br>created_user: <br>last_edited_user: <br>VehicleTravel: <br>VehicleRequirement: <br>VehicleLimitation: <br>SHAPE_Length: <br>Source: ]]></description>
      <styleUrl>#line-E65100-1969</styleUrl>
      <ExtendedData>
        <Data name="description">
          <value/>
        </Data>
        <Data name="fid">
          <value>301</value>
        </Data>
        <Data name="FType">
          <value/>
        </Data>
        <Data name="Owner">
          <value/>
        </Data>
        <Data name="Usage">
          <value>Unknown</value>
        </Data>
        <Data name="Status">
          <value/>
        </Data>
        <Data name="Surface">
          <value/>
        </Data>
        <Data name="Restriction">
          <value/>
        </Data>
        <Data name="Lanes">
          <value/>
        </Data>
        <Data name="GlobalID">
          <value/>
        </Data>
        <Data name="created_user">
          <value/>
        </Data>
        <Data name="last_edited_user">
          <value/>
        </Data>
        <Data name="VehicleTravel">
          <value/>
        </Data>
        <Data name="VehicleRequirement">
          <value/>
        </Data>
        <Data name="VehicleLimitation">
          <value/>
        </Data>
        <Data name="SHAPE_Length">
          <value/>
        </Data>
        <Data name="Source">
          <value/>
        </Data>
      </ExtendedData>
      <LineString>
        <tessellate>1</tessellate>
        <coordinates>
          144.143584,-35.148864,0
          144.144128,-35.148794,0
        </coordinates>
      </LineString>
    </Placemark>
    <Placemark>
      <name/>
      <description><![CDATA[description: <br>fid: 302<br>FType: <br>Owner: <br>Usage: Unknown<br>Status: <br>Surface: <br>Restriction: <br>Lanes: <br>GlobalID: <br>created_user: <br>last_edited_user: <br>VehicleTravel: <br>VehicleRequirement: <br>VehicleLimitation: <br>SHAPE_Length: <br>Source: ]]></description>
      <styleUrl>#line-E65100-1969</styleUrl>
      <ExtendedData>
        <Data name="description">
          <value/>
        </Data>
        <Data name="fid">
          <value>302</value>
        </Data>
        <Data name="FType">
          <value/>
        </Data>
        <Data name="Owner">
          <value/>
        </Data>
        <Data name="Usage">
          <value>Unknown</value>
        </Data>
        <Data name="Status">
          <value/>
        </Data>
        <Data name="Surface">
          <value/>
        </Data>
        <Data name="Restriction">
          <value/>
        </Data>
        <Data name="Lanes">
          <value/>
        </Data>
        <Data name="GlobalID">
          <value/>
        </Data>
        <Data name="created_user">
          <value/>
        </Data>
        <Data name="last_edited_user">
          <value/>
        </Data>
        <Data name="VehicleTravel">
          <value/>
        </Data>
        <Data name="VehicleRequirement">
          <value/>
        </Data>
        <Data name="VehicleLimitation">
          <value/>
        </Data>
        <Data name="SHAPE_Length">
          <value/>
        </Data>
        <Data name="Source">
          <value/>
        </Data>
      </ExtendedData>
      <LineString>
        <tessellate>1</tessellate>
        <coordinates>
          144.143527,-35.148667,0
          144.144057,-35.14846,0
        </coordinates>
      </LineString>
    </Placemark>
    <Placemark>
      <name/>
      <description><![CDATA[description: <br>fid: 303<br>FType: <br>Owner: <br>Usage: Unknown<br>Status: <br>Surface: <br>Restriction: <br>Lanes: <br>GlobalID: <br>created_user: <br>last_edited_user: <br>VehicleTravel: <br>VehicleRequirement: <br>VehicleLimitation: <br>SHAPE_Length: <br>Source: ]]></description>
      <styleUrl>#line-E65100-1969</styleUrl>
      <ExtendedData>
        <Data name="description">
          <value/>
        </Data>
        <Data name="fid">
          <value>303</value>
        </Data>
        <Data name="FType">
          <value/>
        </Data>
        <Data name="Owner">
          <value/>
        </Data>
        <Data name="Usage">
          <value>Unknown</value>
        </Data>
        <Data name="Status">
          <value/>
        </Data>
        <Data name="Surface">
          <value/>
        </Data>
        <Data name="Restriction">
          <value/>
        </Data>
        <Data name="Lanes">
          <value/>
        </Data>
        <Data name="GlobalID">
          <value/>
        </Data>
        <Data name="created_user">
          <value/>
        </Data>
        <Data name="last_edited_user">
          <value/>
        </Data>
        <Data name="VehicleTravel">
          <value/>
        </Data>
        <Data name="VehicleRequirement">
          <value/>
        </Data>
        <Data name="VehicleLimitation">
          <value/>
        </Data>
        <Data name="SHAPE_Length">
          <value/>
        </Data>
        <Data name="Source">
          <value/>
        </Data>
      </ExtendedData>
      <LineString>
        <tessellate>1</tessellate>
        <coordinates>
          144.144057,-35.14846,0
          144.144055,-35.148228,0
          144.144127,-35.148123,0
        </coordinates>
      </LineString>
    </Placemark>
    <Placemark>
      <name/>
      <description><![CDATA[description: <br>fid: 304<br>FType: <br>Owner: <br>Usage: Unknown<br>Status: <br>Surface: <br>Restriction: <br>Lanes: <br>GlobalID: <br>created_user: <br>last_edited_user: <br>VehicleTravel: <br>VehicleRequirement: <br>VehicleLimitation: <br>SHAPE_Length: <br>Source: ]]></description>
      <styleUrl>#line-E65100-1969</styleUrl>
      <ExtendedData>
        <Data name="description">
          <value/>
        </Data>
        <Data name="fid">
          <value>304</value>
        </Data>
        <Data name="FType">
          <value/>
        </Data>
        <Data name="Owner">
          <value/>
        </Data>
        <Data name="Usage">
          <value>Unknown</value>
        </Data>
        <Data name="Status">
          <value/>
        </Data>
        <Data name="Surface">
          <value/>
        </Data>
        <Data name="Restriction">
          <value/>
        </Data>
        <Data name="Lanes">
          <value/>
        </Data>
        <Data name="GlobalID">
          <value/>
        </Data>
        <Data name="created_user">
          <value/>
        </Data>
        <Data name="last_edited_user">
          <value/>
        </Data>
        <Data name="VehicleTravel">
          <value/>
        </Data>
        <Data name="VehicleRequirement">
          <value/>
        </Data>
        <Data name="VehicleLimitation">
          <value/>
        </Data>
        <Data name="SHAPE_Length">
          <value/>
        </Data>
        <Data name="Source">
          <value/>
        </Data>
      </ExtendedData>
      <LineString>
        <tessellate>1</tessellate>
        <coordinates>
          144.144057,-35.14846,0
          144.144128,-35.148794,0
        </coordinates>
      </LineString>
    </Placemark>
    <Placemark>
      <name/>
      <description><![CDATA[description: <br>fid: 305<br>FType: <br>Owner: <br>Usage: Unknown<br>Status: <br>Surface: <br>Restriction: <br>Lanes: <br>GlobalID: <br>created_user: <br>last_edited_user: <br>VehicleTravel: <br>VehicleRequirement: <br>VehicleLimitation: <br>SHAPE_Length: <br>Source: ]]></description>
      <styleUrl>#line-E65100-1969</styleUrl>
      <ExtendedData>
        <Data name="description">
          <value/>
        </Data>
        <Data name="fid">
          <value>305</value>
        </Data>
        <Data name="FType">
          <value/>
        </Data>
        <Data name="Owner">
          <value/>
        </Data>
        <Data name="Usage">
          <value>Unknown</value>
        </Data>
        <Data name="Status">
          <value/>
        </Data>
        <Data name="Surface">
          <value/>
        </Data>
        <Data name="Restriction">
          <value/>
        </Data>
        <Data name="Lanes">
          <value/>
        </Data>
        <Data name="GlobalID">
          <value/>
        </Data>
        <Data name="created_user">
          <value/>
        </Data>
        <Data name="last_edited_user">
          <value/>
        </Data>
        <Data name="VehicleTravel">
          <value/>
        </Data>
        <Data name="VehicleRequirement">
          <value/>
        </Data>
        <Data name="VehicleLimitation">
          <value/>
        </Data>
        <Data name="SHAPE_Length">
          <value/>
        </Data>
        <Data name="Source">
          <value/>
        </Data>
      </ExtendedData>
      <LineString>
        <tessellate>1</tessellate>
        <coordinates>
          144.145513,-35.148257,0
          144.145432,-35.148282,0
          144.145093,-35.148396,0
          144.144734,-35.148505,0
          144.144128,-35.148794,0
        </coordinates>
      </LineString>
    </Placemark>
    <Placemark>
      <name/>
      <description><![CDATA[description: <br>fid: 306<br>FType: <br>Owner: <br>Usage: Unknown<br>Status: <br>Surface: <br>Restriction: <br>Lanes: <br>GlobalID: <br>created_user: <br>last_edited_user: <br>VehicleTravel: <br>VehicleRequirement: <br>VehicleLimitation: <br>SHAPE_Length: <br>Source: ]]></description>
      <styleUrl>#line-E65100-1969</styleUrl>
      <ExtendedData>
        <Data name="description">
          <value/>
        </Data>
        <Data name="fid">
          <value>306</value>
        </Data>
        <Data name="FType">
          <value/>
        </Data>
        <Data name="Owner">
          <value/>
        </Data>
        <Data name="Usage">
          <value>Unknown</value>
        </Data>
        <Data name="Status">
          <value/>
        </Data>
        <Data name="Surface">
          <value/>
        </Data>
        <Data name="Restriction">
          <value/>
        </Data>
        <Data name="Lanes">
          <value/>
        </Data>
        <Data name="GlobalID">
          <value/>
        </Data>
        <Data name="created_user">
          <value/>
        </Data>
        <Data name="last_edited_user">
          <value/>
        </Data>
        <Data name="VehicleTravel">
          <value/>
        </Data>
        <Data name="VehicleRequirement">
          <value/>
        </Data>
        <Data name="VehicleLimitation">
          <value/>
        </Data>
        <Data name="SHAPE_Length">
          <value/>
        </Data>
        <Data name="Source">
          <value/>
        </Data>
      </ExtendedData>
      <LineString>
        <tessellate>1</tessellate>
        <coordinates>
          144.144127,-35.148123,0
          144.144475,-35.147916,0
        </coordinates>
      </LineString>
    </Placemark>
    <Placemark>
      <name/>
      <description><![CDATA[description: <br>fid: 307<br>FType: <br>Owner: <br>Usage: Unknown<br>Status: <br>Surface: <br>Restriction: <br>Lanes: <br>GlobalID: <br>created_user: <br>last_edited_user: <br>VehicleTravel: <br>VehicleRequirement: <br>VehicleLimitation: <br>SHAPE_Length: <br>Source: ]]></description>
      <styleUrl>#line-E65100-1969</styleUrl>
      <ExtendedData>
        <Data name="description">
          <value/>
        </Data>
        <Data name="fid">
          <value>307</value>
        </Data>
        <Data name="FType">
          <value/>
        </Data>
        <Data name="Owner">
          <value/>
        </Data>
        <Data name="Usage">
          <value>Unknown</value>
        </Data>
        <Data name="Status">
          <value/>
        </Data>
        <Data name="Surface">
          <value/>
        </Data>
        <Data name="Restriction">
          <value/>
        </Data>
        <Data name="Lanes">
          <value/>
        </Data>
        <Data name="GlobalID">
          <value/>
        </Data>
        <Data name="created_user">
          <value/>
        </Data>
        <Data name="last_edited_user">
          <value/>
        </Data>
        <Data name="VehicleTravel">
          <value/>
        </Data>
        <Data name="VehicleRequirement">
          <value/>
        </Data>
        <Data name="VehicleLimitation">
          <value/>
        </Data>
        <Data name="SHAPE_Length">
          <value/>
        </Data>
        <Data name="Source">
          <value/>
        </Data>
      </ExtendedData>
      <LineString>
        <tessellate>1</tessellate>
        <coordinates>
          144.144556,-35.147705,0
          144.144553,-35.147714,0
          144.144475,-35.147916,0
        </coordinates>
      </LineString>
    </Placemark>
    <Placemark>
      <name/>
      <description><![CDATA[description: <br>fid: 308<br>FType: <br>Owner: <br>Usage: Unknown<br>Status: <br>Surface: <br>Restriction: <br>Lanes: <br>GlobalID: <br>created_user: <br>last_edited_user: <br>VehicleTravel: <br>VehicleRequirement: <br>VehicleLimitation: <br>SHAPE_Length: <br>Source: ]]></description>
      <styleUrl>#line-E65100-1969</styleUrl>
      <ExtendedData>
        <Data name="description">
          <value/>
        </Data>
        <Data name="fid">
          <value>308</value>
        </Data>
        <Data name="FType">
          <value/>
        </Data>
        <Data name="Owner">
          <value/>
        </Data>
        <Data name="Usage">
          <value>Unknown</value>
        </Data>
        <Data name="Status">
          <value/>
        </Data>
        <Data name="Surface">
          <value/>
        </Data>
        <Data name="Restriction">
          <value/>
        </Data>
        <Data name="Lanes">
          <value/>
        </Data>
        <Data name="GlobalID">
          <value/>
        </Data>
        <Data name="created_user">
          <value/>
        </Data>
        <Data name="last_edited_user">
          <value/>
        </Data>
        <Data name="VehicleTravel">
          <value/>
        </Data>
        <Data name="VehicleRequirement">
          <value/>
        </Data>
        <Data name="VehicleLimitation">
          <value/>
        </Data>
        <Data name="SHAPE_Length">
          <value/>
        </Data>
        <Data name="Source">
          <value/>
        </Data>
      </ExtendedData>
      <LineString>
        <tessellate>1</tessellate>
        <coordinates>
          144.144339,-35.147744,0
          144.144475,-35.147916,0
        </coordinates>
      </LineString>
    </Placemark>
    <Placemark>
      <name/>
      <description><![CDATA[description: <br>fid: 309<br>FType: <br>Owner: <br>Usage: Unknown<br>Status: <br>Surface: <br>Restriction: <br>Lanes: <br>GlobalID: <br>created_user: <br>last_edited_user: <br>VehicleTravel: <br>VehicleRequirement: <br>VehicleLimitation: <br>SHAPE_Length: <br>Source: ]]></description>
      <styleUrl>#line-E65100-1969</styleUrl>
      <ExtendedData>
        <Data name="description">
          <value/>
        </Data>
        <Data name="fid">
          <value>309</value>
        </Data>
        <Data name="FType">
          <value/>
        </Data>
        <Data name="Owner">
          <value/>
        </Data>
        <Data name="Usage">
          <value>Unknown</value>
        </Data>
        <Data name="Status">
          <value/>
        </Data>
        <Data name="Surface">
          <value/>
        </Data>
        <Data name="Restriction">
          <value/>
        </Data>
        <Data name="Lanes">
          <value/>
        </Data>
        <Data name="GlobalID">
          <value/>
        </Data>
        <Data name="created_user">
          <value/>
        </Data>
        <Data name="last_edited_user">
          <value/>
        </Data>
        <Data name="VehicleTravel">
          <value/>
        </Data>
        <Data name="VehicleRequirement">
          <value/>
        </Data>
        <Data name="VehicleLimitation">
          <value/>
        </Data>
        <Data name="SHAPE_Length">
          <value/>
        </Data>
        <Data name="Source">
          <value/>
        </Data>
      </ExtendedData>
      <LineString>
        <tessellate>1</tessellate>
        <coordinates>
          144.143896,-35.14789,0
          144.143764,-35.148055,0
          144.143289,-35.148345,0
        </coordinates>
      </LineString>
    </Placemark>
    <Placemark>
      <name/>
      <description><![CDATA[description: <br>fid: 310<br>FType: <br>Owner: <br>Usage: Unknown<br>Status: <br>Surface: <br>Restriction: <br>Lanes: <br>GlobalID: <br>created_user: <br>last_edited_user: <br>VehicleTravel: <br>VehicleRequirement: <br>VehicleLimitation: <br>SHAPE_Length: <br>Source: ]]></description>
      <styleUrl>#line-E65100-1969</styleUrl>
      <ExtendedData>
        <Data name="description">
          <value/>
        </Data>
        <Data name="fid">
          <value>310</value>
        </Data>
        <Data name="FType">
          <value/>
        </Data>
        <Data name="Owner">
          <value/>
        </Data>
        <Data name="Usage">
          <value>Unknown</value>
        </Data>
        <Data name="Status">
          <value/>
        </Data>
        <Data name="Surface">
          <value/>
        </Data>
        <Data name="Restriction">
          <value/>
        </Data>
        <Data name="Lanes">
          <value/>
        </Data>
        <Data name="GlobalID">
          <value/>
        </Data>
        <Data name="created_user">
          <value/>
        </Data>
        <Data name="last_edited_user">
          <value/>
        </Data>
        <Data name="VehicleTravel">
          <value/>
        </Data>
        <Data name="VehicleRequirement">
          <value/>
        </Data>
        <Data name="VehicleLimitation">
          <value/>
        </Data>
        <Data name="SHAPE_Length">
          <value/>
        </Data>
        <Data name="Source">
          <value/>
        </Data>
      </ExtendedData>
      <LineString>
        <tessellate>1</tessellate>
        <coordinates>
          144.143516,-35.147978,0
          144.143764,-35.148055,0
        </coordinates>
      </LineString>
    </Placemark>
    <Placemark>
      <name/>
      <description><![CDATA[description: <br>fid: 311<br>FType: <br>Owner: <br>Usage: 'unknown'<br>Status: <br>Surface: <br>Restriction: <br>Lanes: <br>GlobalID: <br>created_user: <br>last_edited_user: <br>VehicleTravel: <br>VehicleRequirement: <br>VehicleLimitation: <br>SHAPE_Length: <br>Source: ]]></description>
      <styleUrl>#line-E65100-1969</styleUrl>
      <ExtendedData>
        <Data name="description">
          <value/>
        </Data>
        <Data name="fid">
          <value>311</value>
        </Data>
        <Data name="FType">
          <value/>
        </Data>
        <Data name="Owner">
          <value/>
        </Data>
        <Data name="Usage">
          <value><![CDATA['unknown']]></value>
        </Data>
        <Data name="Status">
          <value/>
        </Data>
        <Data name="Surface">
          <value/>
        </Data>
        <Data name="Restriction">
          <value/>
        </Data>
        <Data name="Lanes">
          <value/>
        </Data>
        <Data name="GlobalID">
          <value/>
        </Data>
        <Data name="created_user">
          <value/>
        </Data>
        <Data name="last_edited_user">
          <value/>
        </Data>
        <Data name="VehicleTravel">
          <value/>
        </Data>
        <Data name="VehicleRequirement">
          <value/>
        </Data>
        <Data name="VehicleLimitation">
          <value/>
        </Data>
        <Data name="SHAPE_Length">
          <value/>
        </Data>
        <Data name="Source">
          <value/>
        </Data>
      </ExtendedData>
      <LineString>
        <tessellate>1</tessellate>
        <coordinates>
          144.144658,-35.146897,0
          144.144657,-35.147149,0
          144.144688,-35.14732,0
          144.144693,-35.147516,0
        </coordinates>
      </LineString>
    </Placemark>
    <Placemark>
      <name/>
      <description><![CDATA[description: <br>fid: 312<br>FType: <br>Owner: <br>Usage: Unknown<br>Status: <br>Surface: <br>Restriction: <br>Lanes: <br>GlobalID: <br>created_user: <br>last_edited_user: <br>VehicleTravel: <br>VehicleRequirement: <br>VehicleLimitation: <br>SHAPE_Length: <br>Source: ]]></description>
      <styleUrl>#line-E65100-1969</styleUrl>
      <ExtendedData>
        <Data name="description">
          <value/>
        </Data>
        <Data name="fid">
          <value>312</value>
        </Data>
        <Data name="FType">
          <value/>
        </Data>
        <Data name="Owner">
          <value/>
        </Data>
        <Data name="Usage">
          <value>Unknown</value>
        </Data>
        <Data name="Status">
          <value/>
        </Data>
        <Data name="Surface">
          <value/>
        </Data>
        <Data name="Restriction">
          <value/>
        </Data>
        <Data name="Lanes">
          <value/>
        </Data>
        <Data name="GlobalID">
          <value/>
        </Data>
        <Data name="created_user">
          <value/>
        </Data>
        <Data name="last_edited_user">
          <value/>
        </Data>
        <Data name="VehicleTravel">
          <value/>
        </Data>
        <Data name="VehicleRequirement">
          <value/>
        </Data>
        <Data name="VehicleLimitation">
          <value/>
        </Data>
        <Data name="SHAPE_Length">
          <value/>
        </Data>
        <Data name="Source">
          <value/>
        </Data>
      </ExtendedData>
      <LineString>
        <tessellate>1</tessellate>
        <coordinates>
          144.150776,-35.144039,0
          144.150757,-35.14384,0
          144.150708,-35.143608,0
          144.150673,-35.143453,0
          144.150645,-35.143305,0
        </coordinates>
      </LineString>
    </Placemark>
    <Placemark>
      <name>Box Creek Road</name>
      <description><![CDATA[description: <br>fid: 313<br>FType: <br>Owner: <br>Usage: Unknown<br>Status: <br>Surface: <br>Restriction: <br>Lanes: <br>GlobalID: <br>created_user: <br>last_edited_user: <br>VehicleTravel: <br>VehicleRequirement: <br>VehicleLimitation: <br>SHAPE_Length: <br>Source: ]]></description>
      <styleUrl>#line-E65100-1969</styleUrl>
      <ExtendedData>
        <Data name="description">
          <value/>
        </Data>
        <Data name="fid">
          <value>313</value>
        </Data>
        <Data name="FType">
          <value/>
        </Data>
        <Data name="Owner">
          <value/>
        </Data>
        <Data name="Usage">
          <value>Unknown</value>
        </Data>
        <Data name="Status">
          <value/>
        </Data>
        <Data name="Surface">
          <value/>
        </Data>
        <Data name="Restriction">
          <value/>
        </Data>
        <Data name="Lanes">
          <value/>
        </Data>
        <Data name="GlobalID">
          <value/>
        </Data>
        <Data name="created_user">
          <value/>
        </Data>
        <Data name="last_edited_user">
          <value/>
        </Data>
        <Data name="VehicleTravel">
          <value/>
        </Data>
        <Data name="VehicleRequirement">
          <value/>
        </Data>
        <Data name="VehicleLimitation">
          <value/>
        </Data>
        <Data name="SHAPE_Length">
          <value/>
        </Data>
        <Data name="Source">
          <value/>
        </Data>
      </ExtendedData>
      <LineString>
        <tessellate>1</tessellate>
        <coordinates>
          144.150645,-35.143305,0
          144.150572,-35.14304,0
          144.150475,-35.14282,0
          144.150409,-35.142647,0
        </coordinates>
      </LineString>
    </Placemark>
    <Placemark>
      <name>Box Creek Road</name>
      <description><![CDATA[description: <br>fid: 314<br>FType: <br>Owner: <br>Usage: Unknown<br>Status: <br>Surface: <br>Restriction: <br>Lanes: <br>GlobalID: <br>created_user: <br>last_edited_user: <br>VehicleTravel: <br>VehicleRequirement: <br>VehicleLimitation: <br>SHAPE_Length: <br>Source: ]]></description>
      <styleUrl>#line-E65100-1969</styleUrl>
      <ExtendedData>
        <Data name="description">
          <value/>
        </Data>
        <Data name="fid">
          <value>314</value>
        </Data>
        <Data name="FType">
          <value/>
        </Data>
        <Data name="Owner">
          <value/>
        </Data>
        <Data name="Usage">
          <value>Unknown</value>
        </Data>
        <Data name="Status">
          <value/>
        </Data>
        <Data name="Surface">
          <value/>
        </Data>
        <Data name="Restriction">
          <value/>
        </Data>
        <Data name="Lanes">
          <value/>
        </Data>
        <Data name="GlobalID">
          <value/>
        </Data>
        <Data name="created_user">
          <value/>
        </Data>
        <Data name="last_edited_user">
          <value/>
        </Data>
        <Data name="VehicleTravel">
          <value/>
        </Data>
        <Data name="VehicleRequirement">
          <value/>
        </Data>
        <Data name="VehicleLimitation">
          <value/>
        </Data>
        <Data name="SHAPE_Length">
          <value/>
        </Data>
        <Data name="Source">
          <value/>
        </Data>
      </ExtendedData>
      <LineString>
        <tessellate>1</tessellate>
        <coordinates>
          144.150409,-35.142647,0
          144.150147,-35.141909,0
          144.149932,-35.141314,0
          144.149859,-35.141037,0
          144.149553,-35.140537,0
          144.149063,-35.139916,0
          144.148549,-35.139285,0
          144.14816,-35.138812,0
          144.147876,-35.138505,0
        </coordinates>
      </LineString>
    </Placemark>
    <Placemark>
      <name>Box Creek Road</name>
      <description><![CDATA[description: <br>fid: 315<br>FType: <br>Owner: <br>Usage: Unknown<br>Status: <br>Surface: <br>Restriction: <br>Lanes: <br>GlobalID: <br>created_user: <br>last_edited_user: <br>VehicleTravel: <br>VehicleRequirement: <br>VehicleLimitation: <br>SHAPE_Length: <br>Source: ]]></description>
      <styleUrl>#line-E65100-1969</styleUrl>
      <ExtendedData>
        <Data name="description">
          <value/>
        </Data>
        <Data name="fid">
          <value>315</value>
        </Data>
        <Data name="FType">
          <value/>
        </Data>
        <Data name="Owner">
          <value/>
        </Data>
        <Data name="Usage">
          <value>Unknown</value>
        </Data>
        <Data name="Status">
          <value/>
        </Data>
        <Data name="Surface">
          <value/>
        </Data>
        <Data name="Restriction">
          <value/>
        </Data>
        <Data name="Lanes">
          <value/>
        </Data>
        <Data name="GlobalID">
          <value/>
        </Data>
        <Data name="created_user">
          <value/>
        </Data>
        <Data name="last_edited_user">
          <value/>
        </Data>
        <Data name="VehicleTravel">
          <value/>
        </Data>
        <Data name="VehicleRequirement">
          <value/>
        </Data>
        <Data name="VehicleLimitation">
          <value/>
        </Data>
        <Data name="SHAPE_Length">
          <value/>
        </Data>
        <Data name="Source">
          <value/>
        </Data>
      </ExtendedData>
      <LineString>
        <tessellate>1</tessellate>
        <coordinates>
          144.147876,-35.138505,0
          144.147737,-35.138355,0
          144.14762,-35.138156,0
          144.147496,-35.138006,0
          144.147355,-35.137906,0
          144.147171,-35.137865,0
          144.147015,-35.137876,0
          144.146912,-35.137961,0
          144.146811,-35.138067,0
          144.146734,-35.138162,0
          144.146541,-35.13823,0
          144.146394,-35.138229,0
          144.146224,-35.138189,0
          144.146057,-35.138054,0
        </coordinates>
      </LineString>
    </Placemark>
    <Placemark>
      <name/>
      <description><![CDATA[description: <br>fid: 316<br>FType: <br>Owner: <br>Usage: Unknown<br>Status: <br>Surface: <br>Restriction: <br>Lanes: <br>GlobalID: <br>created_user: <br>last_edited_user: <br>VehicleTravel: <br>VehicleRequirement: <br>VehicleLimitation: <br>SHAPE_Length: <br>Source: ]]></description>
      <styleUrl>#line-E65100-1969</styleUrl>
      <ExtendedData>
        <Data name="description">
          <value/>
        </Data>
        <Data name="fid">
          <value>316</value>
        </Data>
        <Data name="FType">
          <value/>
        </Data>
        <Data name="Owner">
          <value/>
        </Data>
        <Data name="Usage">
          <value>Unknown</value>
        </Data>
        <Data name="Status">
          <value/>
        </Data>
        <Data name="Surface">
          <value/>
        </Data>
        <Data name="Restriction">
          <value/>
        </Data>
        <Data name="Lanes">
          <value/>
        </Data>
        <Data name="GlobalID">
          <value/>
        </Data>
        <Data name="created_user">
          <value/>
        </Data>
        <Data name="last_edited_user">
          <value/>
        </Data>
        <Data name="VehicleTravel">
          <value/>
        </Data>
        <Data name="VehicleRequirement">
          <value/>
        </Data>
        <Data name="VehicleLimitation">
          <value/>
        </Data>
        <Data name="SHAPE_Length">
          <value/>
        </Data>
        <Data name="Source">
          <value/>
        </Data>
      </ExtendedData>
      <LineString>
        <tessellate>1</tessellate>
        <coordinates>
          144.145107,-35.14962,0
          144.144587,-35.149826,0
          144.144027,-35.149896,0
        </coordinates>
      </LineString>
    </Placemark>
    <Placemark>
      <name/>
      <description><![CDATA[description: <br>fid: 317<br>FType: <br>Owner: <br>Usage: Unknown<br>Status: <br>Surface: <br>Restriction: <br>Lanes: <br>GlobalID: <br>created_user: <br>last_edited_user: <br>VehicleTravel: <br>VehicleRequirement: <br>VehicleLimitation: <br>SHAPE_Length: <br>Source: ]]></description>
      <styleUrl>#line-E65100-1969</styleUrl>
      <ExtendedData>
        <Data name="description">
          <value/>
        </Data>
        <Data name="fid">
          <value>317</value>
        </Data>
        <Data name="FType">
          <value/>
        </Data>
        <Data name="Owner">
          <value/>
        </Data>
        <Data name="Usage">
          <value>Unknown</value>
        </Data>
        <Data name="Status">
          <value/>
        </Data>
        <Data name="Surface">
          <value/>
        </Data>
        <Data name="Restriction">
          <value/>
        </Data>
        <Data name="Lanes">
          <value/>
        </Data>
        <Data name="GlobalID">
          <value/>
        </Data>
        <Data name="created_user">
          <value/>
        </Data>
        <Data name="last_edited_user">
          <value/>
        </Data>
        <Data name="VehicleTravel">
          <value/>
        </Data>
        <Data name="VehicleRequirement">
          <value/>
        </Data>
        <Data name="VehicleLimitation">
          <value/>
        </Data>
        <Data name="SHAPE_Length">
          <value/>
        </Data>
        <Data name="Source">
          <value/>
        </Data>
      </ExtendedData>
      <LineString>
        <tessellate>1</tessellate>
        <coordinates>
          144.144587,-35.149826,0
          144.14446,-35.150047,0
        </coordinates>
      </LineString>
    </Placemark>
    <Placemark>
      <name/>
      <description><![CDATA[description: <br>fid: 318<br>FType: <br>Owner: <br>Usage: Unknown<br>Status: <br>Surface: <br>Restriction: <br>Lanes: <br>GlobalID: <br>created_user: <br>last_edited_user: <br>VehicleTravel: <br>VehicleRequirement: <br>VehicleLimitation: <br>SHAPE_Length: <br>Source: ]]></description>
      <styleUrl>#line-E65100-1969</styleUrl>
      <ExtendedData>
        <Data name="description">
          <value/>
        </Data>
        <Data name="fid">
          <value>318</value>
        </Data>
        <Data name="FType">
          <value/>
        </Data>
        <Data name="Owner">
          <value/>
        </Data>
        <Data name="Usage">
          <value>Unknown</value>
        </Data>
        <Data name="Status">
          <value/>
        </Data>
        <Data name="Surface">
          <value/>
        </Data>
        <Data name="Restriction">
          <value/>
        </Data>
        <Data name="Lanes">
          <value/>
        </Data>
        <Data name="GlobalID">
          <value/>
        </Data>
        <Data name="created_user">
          <value/>
        </Data>
        <Data name="last_edited_user">
          <value/>
        </Data>
        <Data name="VehicleTravel">
          <value/>
        </Data>
        <Data name="VehicleRequirement">
          <value/>
        </Data>
        <Data name="VehicleLimitation">
          <value/>
        </Data>
        <Data name="SHAPE_Length">
          <value/>
        </Data>
        <Data name="Source">
          <value/>
        </Data>
      </ExtendedData>
      <LineString>
        <tessellate>1</tessellate>
        <coordinates>
          144.144326,-35.149859,0
          144.144326,-35.149857,0
          144.144361,-35.149562,0
        </coordinates>
      </LineString>
    </Placemark>
    <Placemark>
      <name/>
      <description><![CDATA[description: <br>fid: 319<br>FType: <br>Owner: <br>Usage: Unknown<br>Status: <br>Surface: <br>Restriction: <br>Lanes: <br>GlobalID: <br>created_user: <br>last_edited_user: <br>VehicleTravel: <br>VehicleRequirement: <br>VehicleLimitation: <br>SHAPE_Length: <br>Source: ]]></description>
      <styleUrl>#line-E65100-1969</styleUrl>
      <ExtendedData>
        <Data name="description">
          <value/>
        </Data>
        <Data name="fid">
          <value>319</value>
        </Data>
        <Data name="FType">
          <value/>
        </Data>
        <Data name="Owner">
          <value/>
        </Data>
        <Data name="Usage">
          <value>Unknown</value>
        </Data>
        <Data name="Status">
          <value/>
        </Data>
        <Data name="Surface">
          <value/>
        </Data>
        <Data name="Restriction">
          <value/>
        </Data>
        <Data name="Lanes">
          <value/>
        </Data>
        <Data name="GlobalID">
          <value/>
        </Data>
        <Data name="created_user">
          <value/>
        </Data>
        <Data name="last_edited_user">
          <value/>
        </Data>
        <Data name="VehicleTravel">
          <value/>
        </Data>
        <Data name="VehicleRequirement">
          <value/>
        </Data>
        <Data name="VehicleLimitation">
          <value/>
        </Data>
        <Data name="SHAPE_Length">
          <value/>
        </Data>
        <Data name="Source">
          <value/>
        </Data>
      </ExtendedData>
      <LineString>
        <tessellate>1</tessellate>
        <coordinates>
          144.143181,-35.148148,0
          144.143317,-35.148253,0
        </coordinates>
      </LineString>
    </Placemark>
    <Placemark>
      <name/>
      <description><![CDATA[description: <br>fid: 320<br>FType: <br>Owner: <br>Usage: Unknown<br>Status: <br>Surface: <br>Restriction: <br>Lanes: <br>GlobalID: <br>created_user: <br>last_edited_user: <br>VehicleTravel: <br>VehicleRequirement: <br>VehicleLimitation: <br>SHAPE_Length: <br>Source: Shell, 2026. Atriplex is saltbush]]></description>
      <styleUrl>#line-E65100-1969</styleUrl>
      <ExtendedData>
        <Data name="description">
          <value/>
        </Data>
        <Data name="fid">
          <value>320</value>
        </Data>
        <Data name="FType">
          <value/>
        </Data>
        <Data name="Owner">
          <value/>
        </Data>
        <Data name="Usage">
          <value>Unknown</value>
        </Data>
        <Data name="Status">
          <value/>
        </Data>
        <Data name="Surface">
          <value/>
        </Data>
        <Data name="Restriction">
          <value/>
        </Data>
        <Data name="Lanes">
          <value/>
        </Data>
        <Data name="GlobalID">
          <value/>
        </Data>
        <Data name="created_user">
          <value/>
        </Data>
        <Data name="last_edited_user">
          <value/>
        </Data>
        <Data name="VehicleTravel">
          <value/>
        </Data>
        <Data name="VehicleRequirement">
          <value/>
        </Data>
        <Data name="VehicleLimitation">
          <value/>
        </Data>
        <Data name="SHAPE_Length">
          <value/>
        </Data>
        <Data name="Source">
          <value>Shell, 2026. Atriplex is saltbush</value>
        </Data>
      </ExtendedData>
      <LineString>
        <tessellate>1</tessellate>
        <coordinates>
          144.147641,-35.146122,0
          144.147876,-35.146267,0
          144.148143,-35.146418,0
          144.14841,-35.146563,0
          144.148643,-35.146694,0
          144.148869,-35.146785,0
          144.149098,-35.146862,0
          144.14927,-35.146906,0
          144.149517,-35.146946,0
        </coordinates>
      </LineString>
    </Placemark>
    <Placemark>
      <name>Camaldulensis Track</name>
      <description><![CDATA[description: <br>fid: 321<br>FType: <br>Owner: <br>Usage: Unknown<br>Status: <br>Surface: <br>Restriction: <br>Lanes: <br>GlobalID: <br>created_user: <br>last_edited_user: Shell<br>VehicleTravel: <br>VehicleRequirement: <br>VehicleLimitation: <br>SHAPE_Length: <br>Source: Name from Aaron 3/03/26]]></description>
      <styleUrl>#line-E65100-1969</styleUrl>
      <ExtendedData>
        <Data name="description">
          <value/>
        </Data>
        <Data name="fid">
          <value>321</value>
        </Data>
        <Data name="FType">
          <value/>
        </Data>
        <Data name="Owner">
          <value/>
        </Data>
        <Data name="Usage">
          <value>Unknown</value>
        </Data>
        <Data name="Status">
          <value/>
        </Data>
        <Data name="Surface">
          <value/>
        </Data>
        <Data name="Restriction">
          <value/>
        </Data>
        <Data name="Lanes">
          <value/>
        </Data>
        <Data name="GlobalID">
          <value/>
        </Data>
        <Data name="created_user">
          <value/>
        </Data>
        <Data name="last_edited_user">
          <value>Shell</value>
        </Data>
        <Data name="VehicleTravel">
          <value/>
        </Data>
        <Data name="VehicleRequirement">
          <value/>
        </Data>
        <Data name="VehicleLimitation">
          <value/>
        </Data>
        <Data name="SHAPE_Length">
          <value/>
        </Data>
        <Data name="Source">
          <value>Name from Aaron 3/03/26</value>
        </Data>
      </ExtendedData>
      <LineString>
        <tessellate>1</tessellate>
        <coordinates>
          144.147165,-35.142059,0
          144.147798,-35.141684,0
          144.148396,-35.141336,0
          144.148864,-35.141042,0
          144.149443,-35.140713,0
          144.149606,-35.140623,0
        </coordinates>
      </LineString>
    </Placemark>
    <Placemark>
      <name/>
      <description><![CDATA[description: <br>fid: 322<br>FType: <br>Owner: <br>Usage: Unknown<br>Status: <br>Surface: <br>Restriction: <br>Lanes: <br>GlobalID: <br>created_user: <br>last_edited_user: <br>VehicleTravel: <br>VehicleRequirement: <br>VehicleLimitation: <br>SHAPE_Length: <br>Source: ]]></description>
      <styleUrl>#line-E65100-1969</styleUrl>
      <ExtendedData>
        <Data name="description">
          <value/>
        </Data>
        <Data name="fid">
          <value>322</value>
        </Data>
        <Data name="FType">
          <value/>
        </Data>
        <Data name="Owner">
          <value/>
        </Data>
        <Data name="Usage">
          <value>Unknown</value>
        </Data>
        <Data name="Status">
          <value/>
        </Data>
        <Data name="Surface">
          <value/>
        </Data>
        <Data name="Restriction">
          <value/>
        </Data>
        <Data name="Lanes">
          <value/>
        </Data>
        <Data name="GlobalID">
          <value/>
        </Data>
        <Data name="created_user">
          <value/>
        </Data>
        <Data name="last_edited_user">
          <value/>
        </Data>
        <Data name="VehicleTravel">
          <value/>
        </Data>
        <Data name="VehicleRequirement">
          <value/>
        </Data>
        <Data name="VehicleLimitation">
          <value/>
        </Data>
        <Data name="SHAPE_Length">
          <value/>
        </Data>
        <Data name="Source">
          <value/>
        </Data>
      </ExtendedData>
      <LineString>
        <tessellate>1</tessellate>
        <coordinates>
          144.146905,-35.14797,0
          144.146962,-35.148072,0
          144.14716,-35.148212,0
          144.147438,-35.14839,0
          144.147698,-35.148575,0
          144.147877,-35.148695,0
          144.148056,-35.148785,0
          144.148221,-35.148858,0
          144.148447,-35.148952,0
          144.14867,-35.149028,0
          144.148784,-35.149067,0
        </coordinates>
      </LineString>
    </Placemark>
    <Placemark>
      <name>Raz Way</name>
      <description><![CDATA[description: <br>fid: 323<br>FType: <br>Owner: <br>Usage: Unknown<br>Status: <br>Surface: <br>Restriction: <br>Lanes: <br>GlobalID: <br>created_user: <br>last_edited_user: <br>VehicleTravel: <br>VehicleRequirement: <br>VehicleLimitation: <br>SHAPE_Length: <br>Source: ]]></description>
      <styleUrl>#line-E65100-1969</styleUrl>
      <ExtendedData>
        <Data name="description">
          <value/>
        </Data>
        <Data name="fid">
          <value>323</value>
        </Data>
        <Data name="FType">
          <value/>
        </Data>
        <Data name="Owner">
          <value/>
        </Data>
        <Data name="Usage">
          <value>Unknown</value>
        </Data>
        <Data name="Status">
          <value/>
        </Data>
        <Data name="Surface">
          <value/>
        </Data>
        <Data name="Restriction">
          <value/>
        </Data>
        <Data name="Lanes">
          <value/>
        </Data>
        <Data name="GlobalID">
          <value/>
        </Data>
        <Data name="created_user">
          <value/>
        </Data>
        <Data name="last_edited_user">
          <value/>
        </Data>
        <Data name="VehicleTravel">
          <value/>
        </Data>
        <Data name="VehicleRequirement">
          <value/>
        </Data>
        <Data name="VehicleLimitation">
          <value/>
        </Data>
        <Data name="SHAPE_Length">
          <value/>
        </Data>
        <Data name="Source">
          <value/>
        </Data>
      </ExtendedData>
      <LineString>
        <tessellate>1</tessellate>
        <coordinates>
          144.146009,-35.137923,0
          144.145952,-35.137767,0
          144.145911,-35.137607,0
          144.145947,-35.137491,0
          144.146054,-35.137422,0
          144.146156,-35.137396,0
          144.146305,-35.137376,0
          144.146479,-35.137368,0
          144.146673,-35.137353,0
          144.146886,-35.137327,0
          144.147049,-35.137307,0
          144.147283,-35.137287,0
        </coordinates>
      </LineString>
    </Placemark>
    <Placemark>
      <name/>
      <description><![CDATA[description: <br>fid: 324<br>FType: 0<br>Owner: DTE<br>Usage: Unknown<br>Status: Unknown<br>Surface: Unknown<br>Restriction: Staff<br>Lanes: 0<br>GlobalID: {2512E4E5-BF7C-40E5-B6B4-8D11C04435D9}<br>created_user: WELNIG<br>last_edited_user: WELNIG<br>VehicleTravel: Unknown<br>VehicleRequirement: Unknown<br>VehicleLimitation: Unknown<br>SHAPE_Length: 235.635750895<br>Source: ]]></description>
      <styleUrl>#line-E65100-1969</styleUrl>
      <ExtendedData>
        <Data name="description">
          <value/>
        </Data>
        <Data name="fid">
          <value>324</value>
        </Data>
        <Data name="FType">
          <value>0</value>
        </Data>
        <Data name="Owner">
          <value>DTE</value>
        </Data>
        <Data name="Usage">
          <value>Unknown</value>
        </Data>
        <Data name="Status">
          <value>Unknown</value>
        </Data>
        <Data name="Surface">
          <value>Unknown</value>
        </Data>
        <Data name="Restriction">
          <value>Staff</value>
        </Data>
        <Data name="Lanes">
          <value>0</value>
        </Data>
        <Data name="GlobalID">
          <value>{2512E4E5-BF7C-40E5-B6B4-8D11C04435D9}</value>
        </Data>
        <Data name="created_user">
          <value>WELNIG</value>
        </Data>
        <Data name="last_edited_user">
          <value>WELNIG</value>
        </Data>
        <Data name="VehicleTravel">
          <value>Unknown</value>
        </Data>
        <Data name="VehicleRequirement">
          <value>Unknown</value>
        </Data>
        <Data name="VehicleLimitation">
          <value>Unknown</value>
        </Data>
        <Data name="SHAPE_Length">
          <value>235.635750895</value>
        </Data>
        <Data name="Source">
          <value/>
        </Data>
      </ExtendedData>
      <LineString>
        <tessellate>1</tessellate>
        <coordinates>
          144.144686,-35.147509,0
          144.144797,-35.14762,0
          144.145028,-35.147809,0
          144.145459,-35.148192,0
          144.145535,-35.148282,0
          144.145627,-35.148419,0
          144.14572,-35.148637,0
          144.145795,-35.148876,0
          144.145877,-35.149078,0
          144.145987,-35.149223,0
          144.146095,-35.149328,0
          144.146233,-35.149462,0
          144.14664,-35.14985,0
          144.146836,-35.149996,0
          144.147018,-35.150142,0
          144.147135,-35.150267,0
          144.147282,-35.150416,0
          144.147364,-35.150494,0
          144.147446,-35.150538,0
          144.147553,-35.150532,0
        </coordinates>
      </LineString>
    </Placemark>
    <Placemark>
      <name/>
      <description><![CDATA[description: <br>fid: 325<br>FType: 0<br>Owner: DTE<br>Usage: Unknown<br>Status: Unknown<br>Surface: Unknown<br>Restriction: Staff<br>Lanes: 0<br>GlobalID: {97E6E243-FEAC-407D-9078-42D3BCDDC772}<br>created_user: WELNIG<br>last_edited_user: WELNIG<br>VehicleTravel: Unknown<br>VehicleRequirement: Unknown<br>VehicleLimitation: Unknown<br>SHAPE_Length: 263.99942029<br>Source: ]]></description>
      <styleUrl>#line-E65100-1969</styleUrl>
      <ExtendedData>
        <Data name="description">
          <value/>
        </Data>
        <Data name="fid">
          <value>325</value>
        </Data>
        <Data name="FType">
          <value>0</value>
        </Data>
        <Data name="Owner">
          <value>DTE</value>
        </Data>
        <Data name="Usage">
          <value>Unknown</value>
        </Data>
        <Data name="Status">
          <value>Unknown</value>
        </Data>
        <Data name="Surface">
          <value>Unknown</value>
        </Data>
        <Data name="Restriction">
          <value>Staff</value>
        </Data>
        <Data name="Lanes">
          <value>0</value>
        </Data>
        <Data name="GlobalID">
          <value>{97E6E243-FEAC-407D-9078-42D3BCDDC772}</value>
        </Data>
        <Data name="created_user">
          <value>WELNIG</value>
        </Data>
        <Data name="last_edited_user">
          <value>WELNIG</value>
        </Data>
        <Data name="VehicleTravel">
          <value>Unknown</value>
        </Data>
        <Data name="VehicleRequirement">
          <value>Unknown</value>
        </Data>
        <Data name="VehicleLimitation">
          <value>Unknown</value>
        </Data>
        <Data name="SHAPE_Length">
          <value>263.99942029</value>
        </Data>
        <Data name="Source">
          <value/>
        </Data>
      </ExtendedData>
      <LineString>
        <tessellate>1</tessellate>
        <coordinates>
          144.146521,-35.149736,0
          144.14665,-35.149287,0
          144.146751,-35.14908,0
          144.146804,-35.148825,0
          144.146913,-35.147902,0
          144.147013,-35.147638,0
          144.14717,-35.14718,0
          144.147312,-35.14674,0
          144.147416,-35.146342,0
        </coordinates>
      </LineString>
    </Placemark>
    <Placemark>
      <name>Billabong Road</name>
      <description><![CDATA[description: <br>fid: 327<br>FType: 0<br>Owner: DTE<br>Usage: Unknown<br>Status: Unknown<br>Surface: Unknown<br>Restriction: Staff<br>Lanes: 0<br>GlobalID: {C797E32C-AF34-47B2-BCEA-278D5A40B2B5}<br>created_user: WELNIG<br>last_edited_user: WELNIG<br>VehicleTravel: Unknown<br>VehicleRequirement: Unknown<br>VehicleLimitation: Unknown<br>SHAPE_Length: 36.9139955127<br>Source: ]]></description>
      <styleUrl>#line-E65100-1969</styleUrl>
      <ExtendedData>
        <Data name="description">
          <value/>
        </Data>
        <Data name="fid">
          <value>327</value>
        </Data>
        <Data name="FType">
          <value>0</value>
        </Data>
        <Data name="Owner">
          <value>DTE</value>
        </Data>
        <Data name="Usage">
          <value>Unknown</value>
        </Data>
        <Data name="Status">
          <value>Unknown</value>
        </Data>
        <Data name="Surface">
          <value>Unknown</value>
        </Data>
        <Data name="Restriction">
          <value>Staff</value>
        </Data>
        <Data name="Lanes">
          <value>0</value>
        </Data>
        <Data name="GlobalID">
          <value>{C797E32C-AF34-47B2-BCEA-278D5A40B2B5}</value>
        </Data>
        <Data name="created_user">
          <value>WELNIG</value>
        </Data>
        <Data name="last_edited_user">
          <value>WELNIG</value>
        </Data>
        <Data name="VehicleTravel">
          <value>Unknown</value>
        </Data>
        <Data name="VehicleRequirement">
          <value>Unknown</value>
        </Data>
        <Data name="VehicleLimitation">
          <value>Unknown</value>
        </Data>
        <Data name="SHAPE_Length">
          <value>36.9139955127</value>
        </Data>
        <Data name="Source">
          <value/>
        </Data>
      </ExtendedData>
      <LineString>
        <tessellate>1</tessellate>
        <coordinates>
          144.148892,-35.143606,0
          144.148673,-35.143981,0
          144.148378,-35.144582,0
          144.148236,-35.14498,0
          144.148074,-35.145396,0
          144.147938,-35.145682,0
          144.14781,-35.145886,0
          144.147679,-35.146078,0
          144.147542,-35.146235,0
          144.147416,-35.146342,0
          144.147285,-35.146418,0
          144.147173,-35.146455,0
          144.146705,-35.146521,0
          144.146256,-35.146572,0
          144.146023,-35.146576,0
          144.145835,-35.146564,0
          144.145505,-35.146541,0
          144.145203,-35.146542,0
          144.145015,-35.14655,0
          144.144875,-35.146538,0
        </coordinates>
      </LineString>
    </Placemark>
  </Document>
</kml>
