<?xml version="1.0" encoding="UTF-8"?>
<kml xmlns="http://www.opengis.net/kml/2.2">
  <Document>
    <name>tracks</name>
    <Style id="line-FF5252-2163-normal">
      <LineStyle>
        <color>ff5252ff</color>
        <width>2.163</width>
      </LineStyle>
    </Style>
    <Style id="line-FF5252-2163-highlight">
      <LineStyle>
        <color>ff5252ff</color>
        <width>3.2445</width>
      </LineStyle>
    </Style>
    <StyleMap id="line-FF5252-2163">
      <Pair>
        <key>normal</key>
        <styleUrl>#line-FF5252-2163-normal</styleUrl>
      </Pair>
      <Pair>
        <key>highlight</key>
        <styleUrl>#line-FF5252-2163-highlight</styleUrl>
      </Pair>
    </StyleMap>
    <Placemark>
      <name>Deniliquin Road</name>
      <description><![CDATA[description: <br>fid: 1<br>FType: 0<br>Owner: Other<br>Usage: Motorised<br>Status: In Use<br>Surface: Sealed<br>Restriction: General<br>Lanes: 2<br>GlobalID: {3E7C9EF6-1D8A-4C74-8B8F-A1E4121089EE}<br>created_user: NWellsAU<br>last_edited_user: WELNIG<br>VehicleTravel: Passing Possible<br>VehicleRequirement: No Requirements<br>VehicleLimitation: Small and Large Vehicles<br>SHAPE_Length: 755.83479314<br>Source: ]]></description>
      <styleUrl>#line-FF5252-2163</styleUrl>
      <ExtendedData>
        <Data name="description">
          <value/>
        </Data>
        <Data name="fid">
          <value>1</value>
        </Data>
        <Data name="FType">
          <value>0</value>
        </Data>
        <Data name="Owner">
          <value>Other</value>
        </Data>
        <Data name="Usage">
          <value>Motorised</value>
        </Data>
        <Data name="Status">
          <value>In Use</value>
        </Data>
        <Data name="Surface">
          <value>Sealed</value>
        </Data>
        <Data name="Restriction">
          <value>General</value>
        </Data>
        <Data name="Lanes">
          <value>2</value>
        </Data>
        <Data name="GlobalID">
          <value>{3E7C9EF6-1D8A-4C74-8B8F-A1E4121089EE}</value>
        </Data>
        <Data name="created_user">
          <value>NWellsAU</value>
        </Data>
        <Data name="last_edited_user">
          <value>WELNIG</value>
        </Data>
        <Data name="VehicleTravel">
          <value>Passing Possible</value>
        </Data>
        <Data name="VehicleRequirement">
          <value>No Requirements</value>
        </Data>
        <Data name="VehicleLimitation">
          <value>Small and Large Vehicles</value>
        </Data>
        <Data name="SHAPE_Length">
          <value>755.83479314</value>
        </Data>
        <Data name="Source">
          <value/>
        </Data>
      </ExtendedData>
      <LineString>
        <tessellate>1</tessellate>
        <coordinates>
          144.154319,-35.131936,0
          144.154747,-35.132543,0
          144.15556,-35.133674,0
          144.156358,-35.134631,0
          144.15817,-35.136497,0
        </coordinates>
      </LineString>
    </Placemark>
    <Placemark>
      <name>Sunset Drive</name>
      <description><![CDATA[description: <br>fid: 2<br>FType: 0<br>Owner: DTE<br>Usage: Motorised<br>Status: In Use<br>Surface: Sand<br>Restriction: General<br>Lanes: 2<br>GlobalID: {75BABD10-74D1-4141-8C09-DD5C903CB769}<br>created_user: NWellsAU<br>last_edited_user: WELNIG<br>VehicleTravel: Passing Possible<br>VehicleRequirement: No Requirements<br>VehicleLimitation: Small and Large Vehicles<br>SHAPE_Length: 895.555018421<br>Source: ]]></description>
      <styleUrl>#line-FF5252-2163</styleUrl>
      <ExtendedData>
        <Data name="description">
          <value/>
        </Data>
        <Data name="fid">
          <value>2</value>
        </Data>
        <Data name="FType">
          <value>0</value>
        </Data>
        <Data name="Owner">
          <value>DTE</value>
        </Data>
        <Data name="Usage">
          <value>Motorised</value>
        </Data>
        <Data name="Status">
          <value>In Use</value>
        </Data>
        <Data name="Surface">
          <value>Sand</value>
        </Data>
        <Data name="Restriction">
          <value>General</value>
        </Data>
        <Data name="Lanes">
          <value>2</value>
        </Data>
        <Data name="GlobalID">
          <value>{75BABD10-74D1-4141-8C09-DD5C903CB769}</value>
        </Data>
        <Data name="created_user">
          <value>NWellsAU</value>
        </Data>
        <Data name="last_edited_user">
          <value>WELNIG</value>
        </Data>
        <Data name="VehicleTravel">
          <value>Passing Possible</value>
        </Data>
        <Data name="VehicleRequirement">
          <value>No Requirements</value>
        </Data>
        <Data name="VehicleLimitation">
          <value>Small and Large Vehicles</value>
        </Data>
        <Data name="SHAPE_Length">
          <value>895.555018421</value>
        </Data>
        <Data name="Source">
          <value/>
        </Data>
      </ExtendedData>
      <LineString>
        <tessellate>1</tessellate>
        <coordinates>
          144.154186,-35.135701,0
          144.153651,-35.135817,0
          144.152546,-35.136104,0
          144.151494,-35.136395,0
          144.150977,-35.136527,0
          144.15071,-35.13658,0
          144.150181,-35.136663,0
          144.149771,-35.136716,0
          144.14951,-35.13674,0
          144.149153,-35.136736,0
          144.14891,-35.136736,0
          144.148708,-35.136736,0
          144.148559,-35.136755,0
          144.148345,-35.136809,0
          144.148048,-35.13693,0
          144.147745,-35.137061,0
          144.147406,-35.137226,0
          144.147038,-35.137406,0
          144.146699,-35.137581,0
          144.146606,-35.137633,0
        </coordinates>
      </LineString>
    </Placemark>
    <Placemark>
      <name>Sunset Drive</name>
      <description><![CDATA[description: <br>fid: 3<br>FType: 0<br>Owner: DTE<br>Usage: Motorised<br>Status: In Use<br>Surface: Bare<br>Restriction: Staff<br>Lanes: 2<br>GlobalID: {CFB95ACE-2F49-4541-AB3A-30CEB3198CA3}<br>created_user: NWellsAU<br>last_edited_user: WELNIG<br>VehicleTravel: Passing Possible<br>VehicleRequirement: No Requirements<br>VehicleLimitation: Small and Large Vehicles<br>SHAPE_Length: 415.24315376<br>Source: ]]></description>
      <styleUrl>#line-FF5252-2163</styleUrl>
      <ExtendedData>
        <Data name="description">
          <value/>
        </Data>
        <Data name="fid">
          <value>3</value>
        </Data>
        <Data name="FType">
          <value>0</value>
        </Data>
        <Data name="Owner">
          <value>DTE</value>
        </Data>
        <Data name="Usage">
          <value>Motorised</value>
        </Data>
        <Data name="Status">
          <value>In Use</value>
        </Data>
        <Data name="Surface">
          <value>Bare</value>
        </Data>
        <Data name="Restriction">
          <value>Staff</value>
        </Data>
        <Data name="Lanes">
          <value>2</value>
        </Data>
        <Data name="GlobalID">
          <value>{CFB95ACE-2F49-4541-AB3A-30CEB3198CA3}</value>
        </Data>
        <Data name="created_user">
          <value>NWellsAU</value>
        </Data>
        <Data name="last_edited_user">
          <value>WELNIG</value>
        </Data>
        <Data name="VehicleTravel">
          <value>Passing Possible</value>
        </Data>
        <Data name="VehicleRequirement">
          <value>No Requirements</value>
        </Data>
        <Data name="VehicleLimitation">
          <value>Small and Large Vehicles</value>
        </Data>
        <Data name="SHAPE_Length">
          <value>415.24315376</value>
        </Data>
        <Data name="Source">
          <value/>
        </Data>
      </ExtendedData>
      <LineString>
        <tessellate>1</tessellate>
        <coordinates>
          144.146073,-35.137898,0
          144.14595,-35.137946,0
          144.145742,-35.13798,0
          144.145517,-35.137989,0
          144.145273,-35.137975,0
          144.144976,-35.137936,0
          144.144619,-35.137873,0
          144.14431,-35.13779,0
          144.144091,-35.137737,0
          144.143782,-35.137683,0
          144.143508,-35.137635,0
          144.143164,-35.137601,0
          144.14289,-35.137567,0
          144.142688,-35.137537,0
          144.14254,-35.137533,0
          144.142421,-35.137533,0
        </coordinates>
      </LineString>
    </Placemark>
    <Placemark>
      <name>NULL</name>
      <description><![CDATA[description: <br>fid: 4<br>FType: 0<br>Owner: DTE<br>Usage: Motorised<br>Status: In Use<br>Surface: Bare<br>Restriction: Staff<br>Lanes: 2<br>GlobalID: {2D6393FA-C685-4710-8E9A-AD231EBF3897}<br>created_user: NWellsAU<br>last_edited_user: WELNIG<br>VehicleTravel: Passing Possible<br>VehicleRequirement: No Requirements<br>VehicleLimitation: Small and Large Vehicles<br>SHAPE_Length: 20.4047143813<br>Source: ]]></description>
      <styleUrl>#line-FF5252-2163</styleUrl>
      <ExtendedData>
        <Data name="description">
          <value/>
        </Data>
        <Data name="fid">
          <value>4</value>
        </Data>
        <Data name="FType">
          <value>0</value>
        </Data>
        <Data name="Owner">
          <value>DTE</value>
        </Data>
        <Data name="Usage">
          <value>Motorised</value>
        </Data>
        <Data name="Status">
          <value>In Use</value>
        </Data>
        <Data name="Surface">
          <value>Bare</value>
        </Data>
        <Data name="Restriction">
          <value>Staff</value>
        </Data>
        <Data name="Lanes">
          <value>2</value>
        </Data>
        <Data name="GlobalID">
          <value>{2D6393FA-C685-4710-8E9A-AD231EBF3897}</value>
        </Data>
        <Data name="created_user">
          <value>NWellsAU</value>
        </Data>
        <Data name="last_edited_user">
          <value>WELNIG</value>
        </Data>
        <Data name="VehicleTravel">
          <value>Passing Possible</value>
        </Data>
        <Data name="VehicleRequirement">
          <value>No Requirements</value>
        </Data>
        <Data name="VehicleLimitation">
          <value>Small and Large Vehicles</value>
        </Data>
        <Data name="SHAPE_Length">
          <value>20.4047143813</value>
        </Data>
        <Data name="Source">
          <value/>
        </Data>
      </ExtendedData>
      <LineString>
        <tessellate>1</tessellate>
        <coordinates>
          144.146057,-35.138048,0
          144.146073,-35.137898,0
        </coordinates>
      </LineString>
    </Placemark>
    <Placemark>
      <name>Harmony Drive</name>
      <description><![CDATA[description: <br>fid: 5<br>FType: 0<br>Owner: DTE<br>Usage: Mixed<br>Status: In Use<br>Surface: Sand<br>Restriction: General<br>Lanes: 2<br>GlobalID: {9CB6D317-BBA1-4A48-AA3D-4498DDF03EFE}<br>created_user: NWellsAU<br>last_edited_user: WELNIG<br>VehicleTravel: Passing Possible<br>VehicleRequirement: No Requirements<br>VehicleLimitation: Small and Large Vehicles<br>SHAPE_Length: 434.858039919<br>Source: ]]></description>
      <styleUrl>#line-FF5252-2163</styleUrl>
      <ExtendedData>
        <Data name="description">
          <value/>
        </Data>
        <Data name="fid">
          <value>5</value>
        </Data>
        <Data name="FType">
          <value>0</value>
        </Data>
        <Data name="Owner">
          <value>DTE</value>
        </Data>
        <Data name="Usage">
          <value>Mixed</value>
        </Data>
        <Data name="Status">
          <value>In Use</value>
        </Data>
        <Data name="Surface">
          <value>Sand</value>
        </Data>
        <Data name="Restriction">
          <value>General</value>
        </Data>
        <Data name="Lanes">
          <value>2</value>
        </Data>
        <Data name="GlobalID">
          <value>{9CB6D317-BBA1-4A48-AA3D-4498DDF03EFE}</value>
        </Data>
        <Data name="created_user">
          <value>NWellsAU</value>
        </Data>
        <Data name="last_edited_user">
          <value>WELNIG</value>
        </Data>
        <Data name="VehicleTravel">
          <value>Passing Possible</value>
        </Data>
        <Data name="VehicleRequirement">
          <value>No Requirements</value>
        </Data>
        <Data name="VehicleLimitation">
          <value>Small and Large Vehicles</value>
        </Data>
        <Data name="SHAPE_Length">
          <value>434.858039919</value>
        </Data>
        <Data name="Source">
          <value/>
        </Data>
      </ExtendedData>
      <LineString>
        <tessellate>1</tessellate>
        <coordinates>
          144.145831,-35.137423,0
          144.145579,-35.137192,0
          144.145358,-35.136997,0
          144.144949,-35.136709,0
          144.144658,-35.136476,0
          144.144308,-35.136223,0
          144.144135,-35.136043,0
          144.143999,-35.135815,0
          144.143927,-35.135606,0
          144.143826,-35.135407,0
          144.143678,-35.135164,0
          144.143523,-35.135033,0
          144.14341,-35.135018,0
        </coordinates>
      </LineString>
    </Placemark>
    <Placemark>
      <name>NULL</name>
      <description><![CDATA[description: <br>fid: 6<br>FType: 0<br>Owner: DTE<br>Usage: Motorised<br>Status: In Use<br>Surface: Bare<br>Restriction: Staff<br>Lanes: 2<br>GlobalID: {648B39AC-CE4B-4A72-A540-A7B123669F0C}<br>created_user: NWellsAU<br>last_edited_user: WELNIG<br>VehicleTravel: Passing Possible<br>VehicleRequirement: No Requirements<br>VehicleLimitation: Small and Large Vehicles<br>SHAPE_Length: 38.6288584676<br>Source: ]]></description>
      <styleUrl>#line-FF5252-2163</styleUrl>
      <ExtendedData>
        <Data name="description">
          <value/>
        </Data>
        <Data name="fid">
          <value>6</value>
        </Data>
        <Data name="FType">
          <value>0</value>
        </Data>
        <Data name="Owner">
          <value>DTE</value>
        </Data>
        <Data name="Usage">
          <value>Motorised</value>
        </Data>
        <Data name="Status">
          <value>In Use</value>
        </Data>
        <Data name="Surface">
          <value>Bare</value>
        </Data>
        <Data name="Restriction">
          <value>Staff</value>
        </Data>
        <Data name="Lanes">
          <value>2</value>
        </Data>
        <Data name="GlobalID">
          <value>{648B39AC-CE4B-4A72-A540-A7B123669F0C}</value>
        </Data>
        <Data name="created_user">
          <value>NWellsAU</value>
        </Data>
        <Data name="last_edited_user">
          <value>WELNIG</value>
        </Data>
        <Data name="VehicleTravel">
          <value>Passing Possible</value>
        </Data>
        <Data name="VehicleRequirement">
          <value>No Requirements</value>
        </Data>
        <Data name="VehicleLimitation">
          <value>Small and Large Vehicles</value>
        </Data>
        <Data name="SHAPE_Length">
          <value>38.6288584676</value>
        </Data>
        <Data name="Source">
          <value/>
        </Data>
      </ExtendedData>
      <LineString>
        <tessellate>1</tessellate>
        <coordinates>
          144.146073,-35.137898,0
          144.146078,-35.137799,0
          144.146062,-35.137615,0
        </coordinates>
      </LineString>
    </Placemark>
    <Placemark>
      <name>NULL</name>
      <description><![CDATA[description: <br>fid: 7<br>FType: 0<br>Owner: DTE<br>Usage: Mixed<br>Status: In Use<br>Surface: Sand<br>Restriction: General<br>Lanes: 2<br>GlobalID: {B4495751-C076-419A-956F-2975315BBC67}<br>created_user: NWellsAU<br>last_edited_user: WELNIG<br>VehicleTravel: Passing Possible<br>VehicleRequirement: No Requirements<br>VehicleLimitation: Small and Large Vehicles<br>SHAPE_Length: 61.14766082<br>Source: ]]></description>
      <styleUrl>#line-FF5252-2163</styleUrl>
      <ExtendedData>
        <Data name="description">
          <value/>
        </Data>
        <Data name="fid">
          <value>7</value>
        </Data>
        <Data name="FType">
          <value>0</value>
        </Data>
        <Data name="Owner">
          <value>DTE</value>
        </Data>
        <Data name="Usage">
          <value>Mixed</value>
        </Data>
        <Data name="Status">
          <value>In Use</value>
        </Data>
        <Data name="Surface">
          <value>Sand</value>
        </Data>
        <Data name="Restriction">
          <value>General</value>
        </Data>
        <Data name="Lanes">
          <value>2</value>
        </Data>
        <Data name="GlobalID">
          <value>{B4495751-C076-419A-956F-2975315BBC67}</value>
        </Data>
        <Data name="created_user">
          <value>NWellsAU</value>
        </Data>
        <Data name="last_edited_user">
          <value>WELNIG</value>
        </Data>
        <Data name="VehicleTravel">
          <value>Passing Possible</value>
        </Data>
        <Data name="VehicleRequirement">
          <value>No Requirements</value>
        </Data>
        <Data name="VehicleLimitation">
          <value>Small and Large Vehicles</value>
        </Data>
        <Data name="SHAPE_Length">
          <value>61.14766082</value>
        </Data>
        <Data name="Source">
          <value/>
        </Data>
      </ExtendedData>
      <LineString>
        <tessellate>1</tessellate>
        <coordinates>
          144.146606,-35.137633,0
          144.146467,-35.13765,0
          144.146314,-35.13765,0
          144.14626,-35.137646,0
          144.146209,-35.137637,0
          144.146062,-35.137615,0
        </coordinates>
      </LineString>
    </Placemark>
    <Placemark>
      <name>NULL</name>
      <description><![CDATA[description: <br>fid: 8<br>FType: 0<br>Owner: DTE<br>Usage: Mixed<br>Status: In Use<br>Surface: Bare<br>Restriction: General<br>Lanes: 2<br>GlobalID: {CA81E1EE-81E1-404F-BBED-DEAC1EEDB3EE}<br>created_user: NWellsAU<br>last_edited_user: WELNIG<br>VehicleTravel: Passing Possible<br>VehicleRequirement: NULL<br>VehicleLimitation: Small and Large Vehicles<br>SHAPE_Length: 201.104845227<br>Source: ]]></description>
      <styleUrl>#line-FF5252-2163</styleUrl>
      <ExtendedData>
        <Data name="description">
          <value/>
        </Data>
        <Data name="fid">
          <value>8</value>
        </Data>
        <Data name="FType">
          <value>0</value>
        </Data>
        <Data name="Owner">
          <value>DTE</value>
        </Data>
        <Data name="Usage">
          <value>Mixed</value>
        </Data>
        <Data name="Status">
          <value>In Use</value>
        </Data>
        <Data name="Surface">
          <value>Bare</value>
        </Data>
        <Data name="Restriction">
          <value>General</value>
        </Data>
        <Data name="Lanes">
          <value>2</value>
        </Data>
        <Data name="GlobalID">
          <value>{CA81E1EE-81E1-404F-BBED-DEAC1EEDB3EE}</value>
        </Data>
        <Data name="created_user">
          <value>NWellsAU</value>
        </Data>
        <Data name="last_edited_user">
          <value>WELNIG</value>
        </Data>
        <Data name="VehicleTravel">
          <value>Passing Possible</value>
        </Data>
        <Data name="VehicleRequirement">
          <value>NULL</value>
        </Data>
        <Data name="VehicleLimitation">
          <value>Small and Large Vehicles</value>
        </Data>
        <Data name="SHAPE_Length">
          <value>201.104845227</value>
        </Data>
        <Data name="Source">
          <value/>
        </Data>
      </ExtendedData>
      <LineString>
        <tessellate>1</tessellate>
        <coordinates>
          144.142272,-35.136446,0
          144.142251,-35.136227,0
          144.142222,-35.136,0
          144.142194,-35.135756,0
          144.142218,-35.135513,0
          144.142251,-35.135267,0
          144.142243,-35.135174,0
          144.142194,-35.134978,0
        </coordinates>
      </LineString>
    </Placemark>
    <Placemark>
      <name>NULL</name>
      <description><![CDATA[description: <br>fid: 9<br>FType: 0<br>Owner: DTE<br>Usage: Mixed<br>Status: In Use<br>Surface: Sand<br>Restriction: General<br>Lanes: 0<br>GlobalID: {03FB78B9-C183-4419-AB62-6996633F8D27}<br>created_user: NWellsAU<br>last_edited_user: WELNIG<br>VehicleTravel: Passing Possible<br>VehicleRequirement: No Requirements<br>VehicleLimitation: Small and Large Vehicles<br>SHAPE_Length: 96.8035741879<br>Source: ]]></description>
      <styleUrl>#line-FF5252-2163</styleUrl>
      <ExtendedData>
        <Data name="description">
          <value/>
        </Data>
        <Data name="fid">
          <value>9</value>
        </Data>
        <Data name="FType">
          <value>0</value>
        </Data>
        <Data name="Owner">
          <value>DTE</value>
        </Data>
        <Data name="Usage">
          <value>Mixed</value>
        </Data>
        <Data name="Status">
          <value>In Use</value>
        </Data>
        <Data name="Surface">
          <value>Sand</value>
        </Data>
        <Data name="Restriction">
          <value>General</value>
        </Data>
        <Data name="Lanes">
          <value>0</value>
        </Data>
        <Data name="GlobalID">
          <value>{03FB78B9-C183-4419-AB62-6996633F8D27}</value>
        </Data>
        <Data name="created_user">
          <value>NWellsAU</value>
        </Data>
        <Data name="last_edited_user">
          <value>WELNIG</value>
        </Data>
        <Data name="VehicleTravel">
          <value>Passing Possible</value>
        </Data>
        <Data name="VehicleRequirement">
          <value>No Requirements</value>
        </Data>
        <Data name="VehicleLimitation">
          <value>Small and Large Vehicles</value>
        </Data>
        <Data name="SHAPE_Length">
          <value>96.8035741879</value>
        </Data>
        <Data name="Source">
          <value/>
        </Data>
      </ExtendedData>
      <LineString>
        <tessellate>1</tessellate>
        <coordinates>
          144.142194,-35.134978,0
          144.142176,-35.134725,0
          144.142168,-35.134491,0
          144.142162,-35.134268,0
        </coordinates>
      </LineString>
    </Placemark>
    <Placemark>
      <name>NULL</name>
      <description><![CDATA[description: <br>fid: 10<br>FType: 0<br>Owner: DTE<br>Usage: Mixed<br>Status: In Use<br>Surface: Bare<br>Restriction: General<br>Lanes: 1<br>GlobalID: {ABC222F4-E5C3-4EEB-8B05-58A48EA6E91B}<br>created_user: NWellsAU<br>last_edited_user: WELNIG<br>VehicleTravel: NA<br>VehicleRequirement: NULL<br>VehicleLimitation: Not Accessible with Vehicle<br>SHAPE_Length: 120.978428905<br>Source: ]]></description>
      <styleUrl>#line-FF5252-2163</styleUrl>
      <ExtendedData>
        <Data name="description">
          <value/>
        </Data>
        <Data name="fid">
          <value>10</value>
        </Data>
        <Data name="FType">
          <value>0</value>
        </Data>
        <Data name="Owner">
          <value>DTE</value>
        </Data>
        <Data name="Usage">
          <value>Mixed</value>
        </Data>
        <Data name="Status">
          <value>In Use</value>
        </Data>
        <Data name="Surface">
          <value>Bare</value>
        </Data>
        <Data name="Restriction">
          <value>General</value>
        </Data>
        <Data name="Lanes">
          <value>1</value>
        </Data>
        <Data name="GlobalID">
          <value>{ABC222F4-E5C3-4EEB-8B05-58A48EA6E91B}</value>
        </Data>
        <Data name="created_user">
          <value>NWellsAU</value>
        </Data>
        <Data name="last_edited_user">
          <value>WELNIG</value>
        </Data>
        <Data name="VehicleTravel">
          <value>NA</value>
        </Data>
        <Data name="VehicleRequirement">
          <value>NULL</value>
        </Data>
        <Data name="VehicleLimitation">
          <value>Not Accessible with Vehicle</value>
        </Data>
        <Data name="SHAPE_Length">
          <value>120.978428905</value>
        </Data>
        <Data name="Source">
          <value/>
        </Data>
      </ExtendedData>
      <LineString>
        <tessellate>1</tessellate>
        <coordinates>
          144.141789,-35.132583,0
          144.141878,-35.132583,0
          144.141971,-35.13258,0
          144.142106,-35.13258,0
          144.142276,-35.132607,0
          144.142379,-35.132645,0
          144.142499,-35.132689,0
          144.142574,-35.132732,0
          144.142596,-35.13288,0
          144.142584,-35.132943,0
        </coordinates>
      </LineString>
    </Placemark>
    <Placemark>
      <name>NULL</name>
      <description><![CDATA[description: <br>fid: 11<br>FType: 0<br>Owner: DTE<br>Usage: Mixed<br>Status: In Use<br>Surface: Bare<br>Restriction: General<br>Lanes: 2<br>GlobalID: {AB04785F-A5BA-4581-8E81-4AC807BA2915}<br>created_user: NWellsAU<br>last_edited_user: WELNIG<br>VehicleTravel: Passing Possible<br>VehicleRequirement: No Requirements<br>VehicleLimitation: Small and Large Vehicles<br>SHAPE_Length: 589.201449067<br>Source: ]]></description>
      <styleUrl>#line-FF5252-2163</styleUrl>
      <ExtendedData>
        <Data name="description">
          <value/>
        </Data>
        <Data name="fid">
          <value>11</value>
        </Data>
        <Data name="FType">
          <value>0</value>
        </Data>
        <Data name="Owner">
          <value>DTE</value>
        </Data>
        <Data name="Usage">
          <value>Mixed</value>
        </Data>
        <Data name="Status">
          <value>In Use</value>
        </Data>
        <Data name="Surface">
          <value>Bare</value>
        </Data>
        <Data name="Restriction">
          <value>General</value>
        </Data>
        <Data name="Lanes">
          <value>2</value>
        </Data>
        <Data name="GlobalID">
          <value>{AB04785F-A5BA-4581-8E81-4AC807BA2915}</value>
        </Data>
        <Data name="created_user">
          <value>NWellsAU</value>
        </Data>
        <Data name="last_edited_user">
          <value>WELNIG</value>
        </Data>
        <Data name="VehicleTravel">
          <value>Passing Possible</value>
        </Data>
        <Data name="VehicleRequirement">
          <value>No Requirements</value>
        </Data>
        <Data name="VehicleLimitation">
          <value>Small and Large Vehicles</value>
        </Data>
        <Data name="SHAPE_Length">
          <value>589.201449067</value>
        </Data>
        <Data name="Source">
          <value/>
        </Data>
      </ExtendedData>
      <LineString>
        <tessellate>1</tessellate>
        <coordinates>
          144.142191,-35.133932,0
          144.142442,-35.133733,0
          144.142503,-35.133695,0
          144.142627,-35.133616,0
          144.142673,-35.133579,0
          144.142713,-35.13353,0
          144.142768,-35.133487,0
          144.142877,-35.13343,0
          144.143054,-35.133362,0
          144.143198,-35.133306,0
          144.143579,-35.133257,0
          144.144318,-35.133123,0
          144.144509,-35.133112,0
          144.144615,-35.133085,0
          144.144858,-35.132996,0
          144.144961,-35.132955,0
          144.145058,-35.132918,0
          144.145148,-35.132879,0
          144.14534,-35.132743,0
          144.145426,-35.132646,0
          144.145427,-35.132552,0
          144.145418,-35.132476,0
          144.145404,-35.132394,0
          144.145393,-35.13233,0
          144.145374,-35.132281,0
          144.145349,-35.132148,0
          144.14536,-35.131948,0
          144.145394,-35.131552,0
          144.145355,-35.131366,0
        </coordinates>
      </LineString>
    </Placemark>
    <Placemark>
      <name>NULL</name>
      <description><![CDATA[description: <br>fid: 12<br>FType: 0<br>Owner: DTE<br>Usage: Mixed<br>Status: In Use<br>Surface: Bare<br>Restriction: Staff<br>Lanes: 2<br>GlobalID: {696EF7DA-72A9-4161-A9F9-C58C6806075F}<br>created_user: NWellsAU<br>last_edited_user: WELNIG<br>VehicleTravel: Passing Possible<br>VehicleRequirement: NULL<br>VehicleLimitation: Small and Large Vehicles<br>SHAPE_Length: 566.211265511<br>Source: ]]></description>
      <styleUrl>#line-FF5252-2163</styleUrl>
      <ExtendedData>
        <Data name="description">
          <value/>
        </Data>
        <Data name="fid">
          <value>12</value>
        </Data>
        <Data name="FType">
          <value>0</value>
        </Data>
        <Data name="Owner">
          <value>DTE</value>
        </Data>
        <Data name="Usage">
          <value>Mixed</value>
        </Data>
        <Data name="Status">
          <value>In Use</value>
        </Data>
        <Data name="Surface">
          <value>Bare</value>
        </Data>
        <Data name="Restriction">
          <value>Staff</value>
        </Data>
        <Data name="Lanes">
          <value>2</value>
        </Data>
        <Data name="GlobalID">
          <value>{696EF7DA-72A9-4161-A9F9-C58C6806075F}</value>
        </Data>
        <Data name="created_user">
          <value>NWellsAU</value>
        </Data>
        <Data name="last_edited_user">
          <value>WELNIG</value>
        </Data>
        <Data name="VehicleTravel">
          <value>Passing Possible</value>
        </Data>
        <Data name="VehicleRequirement">
          <value>NULL</value>
        </Data>
        <Data name="VehicleLimitation">
          <value>Small and Large Vehicles</value>
        </Data>
        <Data name="SHAPE_Length">
          <value>566.211265511</value>
        </Data>
        <Data name="Source">
          <value/>
        </Data>
      </ExtendedData>
      <LineString>
        <tessellate>1</tessellate>
        <coordinates>
          144.147968,-35.132388,0
          144.148036,-35.13224,0
          144.148142,-35.13203,0
          144.148344,-35.131694,0
          144.148507,-35.131435,0
          144.148617,-35.131265,0
          144.148885,-35.130849,0
          144.149077,-35.130562,0
          144.149224,-35.130367,0
          144.149375,-35.130176,0
          144.149586,-35.129894,0
          144.149733,-35.129697,0
          144.14989,-35.129508,0
          144.150148,-35.129194,0
          144.150492,-35.128788,0
        </coordinates>
      </LineString>
    </Placemark>
    <Placemark>
      <name>NULL</name>
      <description><![CDATA[description: <br>fid: 13<br>FType: 0<br>Owner: DTE<br>Usage: Mixed<br>Status: In Use<br>Surface: Bare<br>Restriction: Staff<br>Lanes: 2<br>GlobalID: {017B7853-E2EA-4FCC-9FA3-01427157DB07}<br>created_user: NWellsAU<br>last_edited_user: WELNIG<br>VehicleTravel: Passing Possible<br>VehicleRequirement: No Requirements<br>VehicleLimitation: Small and Large Vehicles<br>SHAPE_Length: 148.3128699<br>Source: ]]></description>
      <styleUrl>#line-FF5252-2163</styleUrl>
      <ExtendedData>
        <Data name="description">
          <value/>
        </Data>
        <Data name="fid">
          <value>13</value>
        </Data>
        <Data name="FType">
          <value>0</value>
        </Data>
        <Data name="Owner">
          <value>DTE</value>
        </Data>
        <Data name="Usage">
          <value>Mixed</value>
        </Data>
        <Data name="Status">
          <value>In Use</value>
        </Data>
        <Data name="Surface">
          <value>Bare</value>
        </Data>
        <Data name="Restriction">
          <value>Staff</value>
        </Data>
        <Data name="Lanes">
          <value>2</value>
        </Data>
        <Data name="GlobalID">
          <value>{017B7853-E2EA-4FCC-9FA3-01427157DB07}</value>
        </Data>
        <Data name="created_user">
          <value>NWellsAU</value>
        </Data>
        <Data name="last_edited_user">
          <value>WELNIG</value>
        </Data>
        <Data name="VehicleTravel">
          <value>Passing Possible</value>
        </Data>
        <Data name="VehicleRequirement">
          <value>No Requirements</value>
        </Data>
        <Data name="VehicleLimitation">
          <value>Small and Large Vehicles</value>
        </Data>
        <Data name="SHAPE_Length">
          <value>148.3128699</value>
        </Data>
        <Data name="Source">
          <value/>
        </Data>
      </ExtendedData>
      <LineString>
        <tessellate>1</tessellate>
        <coordinates>
          144.141153,-35.137877,0
          144.140972,-35.137741,0
          144.140642,-35.137432,0
          144.140425,-35.13717,0
          144.140308,-35.137039,0
        </coordinates>
      </LineString>
    </Placemark>
    <Placemark>
      <name>NULL</name>
      <description><![CDATA[description: <br>fid: 14<br>FType: 0<br>Owner: DTE<br>Usage: Mixed<br>Status: In Use<br>Surface: Bare<br>Restriction: General<br>Lanes: 0<br>GlobalID: {409F25C0-98EC-43DF-9599-311A99C6219B}<br>created_user: NWellsAU<br>last_edited_user: WELNIG<br>VehicleTravel: Passing Possible<br>VehicleRequirement: No Requirements<br>VehicleLimitation: Small and Large Vehicles<br>SHAPE_Length: 148.912487015<br>Source: ]]></description>
      <styleUrl>#line-FF5252-2163</styleUrl>
      <ExtendedData>
        <Data name="description">
          <value/>
        </Data>
        <Data name="fid">
          <value>14</value>
        </Data>
        <Data name="FType">
          <value>0</value>
        </Data>
        <Data name="Owner">
          <value>DTE</value>
        </Data>
        <Data name="Usage">
          <value>Mixed</value>
        </Data>
        <Data name="Status">
          <value>In Use</value>
        </Data>
        <Data name="Surface">
          <value>Bare</value>
        </Data>
        <Data name="Restriction">
          <value>General</value>
        </Data>
        <Data name="Lanes">
          <value>0</value>
        </Data>
        <Data name="GlobalID">
          <value>{409F25C0-98EC-43DF-9599-311A99C6219B}</value>
        </Data>
        <Data name="created_user">
          <value>NWellsAU</value>
        </Data>
        <Data name="last_edited_user">
          <value>WELNIG</value>
        </Data>
        <Data name="VehicleTravel">
          <value>Passing Possible</value>
        </Data>
        <Data name="VehicleRequirement">
          <value>No Requirements</value>
        </Data>
        <Data name="VehicleLimitation">
          <value>Small and Large Vehicles</value>
        </Data>
        <Data name="SHAPE_Length">
          <value>148.912487015</value>
        </Data>
        <Data name="Source">
          <value/>
        </Data>
      </ExtendedData>
      <LineString>
        <tessellate>1</tessellate>
        <coordinates>
          144.140308,-35.137039,0
          144.140072,-35.136892,0
          144.139983,-35.136791,0
          144.139912,-35.136712,0
          144.139793,-35.136569,0
          144.139627,-35.136457,0
          144.139425,-35.136231,0
        </coordinates>
      </LineString>
    </Placemark>
    <Placemark>
      <name>NULL</name>
      <description><![CDATA[description: <br>fid: 15<br>FType: 0<br>Owner: DTE<br>Usage: Mixed<br>Status: In Use<br>Surface: Bare<br>Restriction: General<br>Lanes: 2<br>GlobalID: {4F2EB13D-2447-479F-BE06-6530D178BCE9}<br>created_user: NWellsAU<br>last_edited_user: WELNIG<br>VehicleTravel: Constricted<br>VehicleRequirement: No Requirements<br>VehicleLimitation: Small Vehicle Only<br>SHAPE_Length: 14.6012439693<br>Source: ]]></description>
      <styleUrl>#line-FF5252-2163</styleUrl>
      <ExtendedData>
        <Data name="description">
          <value/>
        </Data>
        <Data name="fid">
          <value>15</value>
        </Data>
        <Data name="FType">
          <value>0</value>
        </Data>
        <Data name="Owner">
          <value>DTE</value>
        </Data>
        <Data name="Usage">
          <value>Mixed</value>
        </Data>
        <Data name="Status">
          <value>In Use</value>
        </Data>
        <Data name="Surface">
          <value>Bare</value>
        </Data>
        <Data name="Restriction">
          <value>General</value>
        </Data>
        <Data name="Lanes">
          <value>2</value>
        </Data>
        <Data name="GlobalID">
          <value>{4F2EB13D-2447-479F-BE06-6530D178BCE9}</value>
        </Data>
        <Data name="created_user">
          <value>NWellsAU</value>
        </Data>
        <Data name="last_edited_user">
          <value>WELNIG</value>
        </Data>
        <Data name="VehicleTravel">
          <value>Constricted</value>
        </Data>
        <Data name="VehicleRequirement">
          <value>No Requirements</value>
        </Data>
        <Data name="VehicleLimitation">
          <value>Small Vehicle Only</value>
        </Data>
        <Data name="SHAPE_Length">
          <value>14.6012439693</value>
        </Data>
        <Data name="Source">
          <value/>
        </Data>
      </ExtendedData>
      <LineString>
        <tessellate>1</tessellate>
        <coordinates>
          144.139425,-35.136231,0
          144.139389,-35.136335,0
        </coordinates>
      </LineString>
    </Placemark>
    <Placemark>
      <name>NULL</name>
      <description><![CDATA[description: <br>fid: 16<br>FType: 0<br>Owner: DTE<br>Usage: Mixed<br>Status: In Use<br>Surface: Bare<br>Restriction: General<br>Lanes: 1<br>GlobalID: {1B9B293D-EDFD-44DA-9E42-88EEA9FA9548}<br>created_user: NWellsAU<br>last_edited_user: WELNIG<br>VehicleTravel: Constricted<br>VehicleRequirement: No Requirements<br>VehicleLimitation: Small Vehicle Only<br>SHAPE_Length: 138.254471175<br>Source: ]]></description>
      <styleUrl>#line-FF5252-2163</styleUrl>
      <ExtendedData>
        <Data name="description">
          <value/>
        </Data>
        <Data name="fid">
          <value>16</value>
        </Data>
        <Data name="FType">
          <value>0</value>
        </Data>
        <Data name="Owner">
          <value>DTE</value>
        </Data>
        <Data name="Usage">
          <value>Mixed</value>
        </Data>
        <Data name="Status">
          <value>In Use</value>
        </Data>
        <Data name="Surface">
          <value>Bare</value>
        </Data>
        <Data name="Restriction">
          <value>General</value>
        </Data>
        <Data name="Lanes">
          <value>1</value>
        </Data>
        <Data name="GlobalID">
          <value>{1B9B293D-EDFD-44DA-9E42-88EEA9FA9548}</value>
        </Data>
        <Data name="created_user">
          <value>NWellsAU</value>
        </Data>
        <Data name="last_edited_user">
          <value>WELNIG</value>
        </Data>
        <Data name="VehicleTravel">
          <value>Constricted</value>
        </Data>
        <Data name="VehicleRequirement">
          <value>No Requirements</value>
        </Data>
        <Data name="VehicleLimitation">
          <value>Small Vehicle Only</value>
        </Data>
        <Data name="SHAPE_Length">
          <value>138.254471175</value>
        </Data>
        <Data name="Source">
          <value/>
        </Data>
      </ExtendedData>
      <LineString>
        <tessellate>1</tessellate>
        <coordinates>
          144.139389,-35.136335,0
          144.139325,-35.136427,0
          144.139232,-35.13645,0
          144.139168,-35.136453,0
          144.139009,-35.136494,0
          144.138921,-35.136472,0
          144.138803,-35.136477,0
          144.138741,-35.136496,0
          144.13867,-35.136552,0
          144.138633,-35.136611,0
          144.138563,-35.136719,0
          144.13852,-35.136757,0
          144.138453,-35.136834,0
        </coordinates>
      </LineString>
    </Placemark>
    <Placemark>
      <name>NULL</name>
      <description><![CDATA[description: <br>fid: 17<br>FType: 0<br>Owner: DTE<br>Usage: Mixed<br>Status: In Use<br>Surface: Bare<br>Restriction: General<br>Lanes: 0<br>GlobalID: {19A56E7A-E616-4C1E-B288-A88C62754D2C}<br>created_user: NWellsAU<br>last_edited_user: WELNIG<br>VehicleTravel: NA<br>VehicleRequirement: NA<br>VehicleLimitation: Not Accessible with Vehicle<br>SHAPE_Length: 202.360899331<br>Source: ]]></description>
      <styleUrl>#line-FF5252-2163</styleUrl>
      <ExtendedData>
        <Data name="description">
          <value/>
        </Data>
        <Data name="fid">
          <value>17</value>
        </Data>
        <Data name="FType">
          <value>0</value>
        </Data>
        <Data name="Owner">
          <value>DTE</value>
        </Data>
        <Data name="Usage">
          <value>Mixed</value>
        </Data>
        <Data name="Status">
          <value>In Use</value>
        </Data>
        <Data name="Surface">
          <value>Bare</value>
        </Data>
        <Data name="Restriction">
          <value>General</value>
        </Data>
        <Data name="Lanes">
          <value>0</value>
        </Data>
        <Data name="GlobalID">
          <value>{19A56E7A-E616-4C1E-B288-A88C62754D2C}</value>
        </Data>
        <Data name="created_user">
          <value>NWellsAU</value>
        </Data>
        <Data name="last_edited_user">
          <value>WELNIG</value>
        </Data>
        <Data name="VehicleTravel">
          <value>NA</value>
        </Data>
        <Data name="VehicleRequirement">
          <value>NA</value>
        </Data>
        <Data name="VehicleLimitation">
          <value>Not Accessible with Vehicle</value>
        </Data>
        <Data name="SHAPE_Length">
          <value>202.360899331</value>
        </Data>
        <Data name="Source">
          <value/>
        </Data>
      </ExtendedData>
      <LineString>
        <tessellate>1</tessellate>
        <coordinates>
          144.138453,-35.136834,0
          144.138519,-35.136978,0
          144.138648,-35.137051,0
          144.138923,-35.137108,0
          144.139199,-35.137133,0
          144.139321,-35.137112,0
          144.139374,-35.137096,0
          144.139426,-35.137071,0
          144.139538,-35.137038,0
          144.13967,-35.136989,0
          144.139746,-35.136974,0
          144.139847,-35.136926,0
          144.139939,-35.13687,0
          144.14001,-35.136817,0
        </coordinates>
      </LineString>
    </Placemark>
    <Placemark>
      <name>cloud Avenue</name>
      <description><![CDATA[description: <br>fid: 18<br>FType: 0<br>Owner: DTE<br>Usage: Mixed<br>Status: In Use<br>Surface: Bare<br>Restriction: General<br>Lanes: 1<br>GlobalID: {5AC9BFEB-0560-428B-A74A-CC4BB7E51B73}<br>created_user: NWellsAU<br>last_edited_user: WELNIG<br>VehicleTravel: Constricted<br>VehicleRequirement: NULL<br>VehicleLimitation: Small Vehicle Only<br>SHAPE_Length: 250.377864829<br>Source: ]]></description>
      <styleUrl>#line-FF5252-2163</styleUrl>
      <ExtendedData>
        <Data name="description">
          <value/>
        </Data>
        <Data name="fid">
          <value>18</value>
        </Data>
        <Data name="FType">
          <value>0</value>
        </Data>
        <Data name="Owner">
          <value>DTE</value>
        </Data>
        <Data name="Usage">
          <value>Mixed</value>
        </Data>
        <Data name="Status">
          <value>In Use</value>
        </Data>
        <Data name="Surface">
          <value>Bare</value>
        </Data>
        <Data name="Restriction">
          <value>General</value>
        </Data>
        <Data name="Lanes">
          <value>1</value>
        </Data>
        <Data name="GlobalID">
          <value>{5AC9BFEB-0560-428B-A74A-CC4BB7E51B73}</value>
        </Data>
        <Data name="created_user">
          <value>NWellsAU</value>
        </Data>
        <Data name="last_edited_user">
          <value>WELNIG</value>
        </Data>
        <Data name="VehicleTravel">
          <value>Constricted</value>
        </Data>
        <Data name="VehicleRequirement">
          <value>NULL</value>
        </Data>
        <Data name="VehicleLimitation">
          <value>Small Vehicle Only</value>
        </Data>
        <Data name="SHAPE_Length">
          <value>250.377864829</value>
        </Data>
        <Data name="Source">
          <value/>
        </Data>
      </ExtendedData>
      <LineString>
        <tessellate>1</tessellate>
        <coordinates>
          144.138716,-35.135256,0
          144.138704,-35.135232,0
          144.138691,-35.13519,0
          144.138668,-35.135136,0
          144.138556,-35.134915,0
          144.138438,-35.134797,0
          144.138367,-35.134716,0
          144.137834,-35.134218,0
          144.13778,-35.134177,0
          144.137668,-35.134106,0
          144.137614,-35.134056,0
          144.137561,-35.134016,0
          144.137494,-35.133936,0
          144.137459,-35.13384,0
          144.137429,-35.133784,0
        </coordinates>
      </LineString>
    </Placemark>
    <Placemark>
      <name>marry me track</name>
      <description><![CDATA[description: <br>fid: 19<br>FType: 0<br>Owner: DTE<br>Usage: Mixed<br>Status: In Use<br>Surface: Bare<br>Restriction: Staff<br>Lanes: 1<br>GlobalID: {9B2705DA-1D07-4F6A-ACCB-68B94CFC6652}<br>created_user: NWellsAU<br>last_edited_user: WELNIG<br>VehicleTravel: Constricted<br>VehicleRequirement: NULL<br>VehicleLimitation: Small Vehicle Only<br>SHAPE_Length: 418.074618606<br>Source: ]]></description>
      <styleUrl>#line-FF5252-2163</styleUrl>
      <ExtendedData>
        <Data name="description">
          <value/>
        </Data>
        <Data name="fid">
          <value>19</value>
        </Data>
        <Data name="FType">
          <value>0</value>
        </Data>
        <Data name="Owner">
          <value>DTE</value>
        </Data>
        <Data name="Usage">
          <value>Mixed</value>
        </Data>
        <Data name="Status">
          <value>In Use</value>
        </Data>
        <Data name="Surface">
          <value>Bare</value>
        </Data>
        <Data name="Restriction">
          <value>Staff</value>
        </Data>
        <Data name="Lanes">
          <value>1</value>
        </Data>
        <Data name="GlobalID">
          <value>{9B2705DA-1D07-4F6A-ACCB-68B94CFC6652}</value>
        </Data>
        <Data name="created_user">
          <value>NWellsAU</value>
        </Data>
        <Data name="last_edited_user">
          <value>WELNIG</value>
        </Data>
        <Data name="VehicleTravel">
          <value>Constricted</value>
        </Data>
        <Data name="VehicleRequirement">
          <value>NULL</value>
        </Data>
        <Data name="VehicleLimitation">
          <value>Small Vehicle Only</value>
        </Data>
        <Data name="SHAPE_Length">
          <value>418.074618606</value>
        </Data>
        <Data name="Source">
          <value/>
        </Data>
      </ExtendedData>
      <LineString>
        <tessellate>1</tessellate>
        <coordinates>
          144.137429,-35.133784,0
          144.137339,-35.133726,0
          144.137246,-35.133655,0
          144.137202,-35.133594,0
          144.137159,-35.133549,0
          144.13712,-35.133462,0
          144.137091,-35.133404,0
          144.136978,-35.133317,0
          144.136888,-35.133249,0
          144.136691,-35.133224,0
          144.136623,-35.13327,0
          144.136566,-35.133311,0
          144.136497,-35.13335,0
          144.13644,-35.133382,0
          144.13634,-35.133443,0
          144.136192,-35.133519,0
          144.136136,-35.133557,0
          144.136022,-35.133626,0
          144.135881,-35.133726,0
          144.13578,-35.133792,0
          144.135728,-35.133818,0
          144.135622,-35.133883,0
          144.135573,-35.133908,0
          144.135517,-35.133938,0
          144.135469,-35.133969,0
          144.135338,-35.134048,0
          144.135207,-35.134119,0
          144.135147,-35.134164,0
          144.135077,-35.134195,0
          144.135012,-35.13424,0
          144.134936,-35.134276,0
          144.13478,-35.13433,0
          144.134705,-35.134348,0
          144.134604,-35.134405,0
          144.134497,-35.134479,0
        </coordinates>
      </LineString>
    </Placemark>
    <Placemark>
      <name>NULL</name>
      <description><![CDATA[description: <br>fid: 20<br>FType: 0<br>Owner: DTE<br>Usage: Mixed<br>Status: In Use<br>Surface: Bare<br>Restriction: Staff<br>Lanes: 1<br>GlobalID: {5561A95F-3D62-4D02-BEC0-646824754E4E}<br>created_user: NWellsAU<br>last_edited_user: WELNIG<br>VehicleTravel: Constricted<br>VehicleRequirement: No Requirements<br>VehicleLimitation: Small Vehicle Only<br>SHAPE_Length: 529.72489856<br>Source: ]]></description>
      <styleUrl>#line-FF5252-2163</styleUrl>
      <ExtendedData>
        <Data name="description">
          <value/>
        </Data>
        <Data name="fid">
          <value>20</value>
        </Data>
        <Data name="FType">
          <value>0</value>
        </Data>
        <Data name="Owner">
          <value>DTE</value>
        </Data>
        <Data name="Usage">
          <value>Mixed</value>
        </Data>
        <Data name="Status">
          <value>In Use</value>
        </Data>
        <Data name="Surface">
          <value>Bare</value>
        </Data>
        <Data name="Restriction">
          <value>Staff</value>
        </Data>
        <Data name="Lanes">
          <value>1</value>
        </Data>
        <Data name="GlobalID">
          <value>{5561A95F-3D62-4D02-BEC0-646824754E4E}</value>
        </Data>
        <Data name="created_user">
          <value>NWellsAU</value>
        </Data>
        <Data name="last_edited_user">
          <value>WELNIG</value>
        </Data>
        <Data name="VehicleTravel">
          <value>Constricted</value>
        </Data>
        <Data name="VehicleRequirement">
          <value>No Requirements</value>
        </Data>
        <Data name="VehicleLimitation">
          <value>Small Vehicle Only</value>
        </Data>
        <Data name="SHAPE_Length">
          <value>529.72489856</value>
        </Data>
        <Data name="Source">
          <value/>
        </Data>
      </ExtendedData>
      <LineString>
        <tessellate>1</tessellate>
        <coordinates>
          144.136691,-35.133224,0
          144.136749,-35.133164,0
          144.136913,-35.132938,0
          144.13697,-35.132858,0
          144.137078,-35.132739,0
          144.137172,-35.132688,0
          144.13721,-35.132644,0
          144.137289,-35.13258,0
          144.137345,-35.132536,0
          144.137402,-35.132488,0
          144.137447,-35.132448,0
          144.137521,-35.132384,0
          144.13759,-35.132316,0
          144.137701,-35.132244,0
          144.137785,-35.1322,0
          144.13798,-35.132134,0
          144.1381,-35.132065,0
          144.138227,-35.132002,0
          144.138379,-35.131936,0
          144.138468,-35.131888,0
          144.138508,-35.131852,0
          144.138554,-35.131816,0
          144.138624,-35.131778,0
          144.13867,-35.131749,0
          144.138716,-35.131717,0
          144.138811,-35.13166,0
          144.138942,-35.131564,0
          144.139136,-35.131452,0
          144.139231,-35.131387,0
          144.139377,-35.131358,0
          144.139465,-35.131337,0
          144.13955,-35.131316,0
          144.139774,-35.13125,0
          144.139844,-35.131234,0
          144.139977,-35.13121,0
          144.140057,-35.131179,0
          144.140144,-35.131151,0
          144.140201,-35.131129,0
          144.140303,-35.131104,0
          144.140386,-35.131092,0
          144.140477,-35.131065,0
        </coordinates>
      </LineString>
    </Placemark>
    <Placemark>
      <name>NULL</name>
      <description><![CDATA[description: <br>fid: 21<br>FType: 0<br>Owner: DTE<br>Usage: Ped01<br>Status: In Use<br>Surface: Bare<br>Restriction: Staff<br>Lanes: 0<br>GlobalID: {B0647C0F-869A-48EB-8164-4D09497B38D3}<br>created_user: NWellsAU<br>last_edited_user: WELNIG<br>VehicleTravel: NA<br>VehicleRequirement: NULL<br>VehicleLimitation: Not Accessible with Vehicle<br>SHAPE_Length: 395.221143485<br>Source: ]]></description>
      <styleUrl>#line-FF5252-2163</styleUrl>
      <ExtendedData>
        <Data name="description">
          <value/>
        </Data>
        <Data name="fid">
          <value>21</value>
        </Data>
        <Data name="FType">
          <value>0</value>
        </Data>
        <Data name="Owner">
          <value>DTE</value>
        </Data>
        <Data name="Usage">
          <value>Ped01</value>
        </Data>
        <Data name="Status">
          <value>In Use</value>
        </Data>
        <Data name="Surface">
          <value>Bare</value>
        </Data>
        <Data name="Restriction">
          <value>Staff</value>
        </Data>
        <Data name="Lanes">
          <value>0</value>
        </Data>
        <Data name="GlobalID">
          <value>{B0647C0F-869A-48EB-8164-4D09497B38D3}</value>
        </Data>
        <Data name="created_user">
          <value>NWellsAU</value>
        </Data>
        <Data name="last_edited_user">
          <value>WELNIG</value>
        </Data>
        <Data name="VehicleTravel">
          <value>NA</value>
        </Data>
        <Data name="VehicleRequirement">
          <value>NULL</value>
        </Data>
        <Data name="VehicleLimitation">
          <value>Not Accessible with Vehicle</value>
        </Data>
        <Data name="SHAPE_Length">
          <value>395.221143485</value>
        </Data>
        <Data name="Source">
          <value/>
        </Data>
      </ExtendedData>
      <LineString>
        <tessellate>1</tessellate>
        <coordinates>
          144.13955,-35.131316,0
          144.139928,-35.131345,0
          144.140025,-35.131358,0
          144.140106,-35.131375,0
          144.140227,-35.1314,0
          144.140312,-35.131399,0
          144.140366,-35.131384,0
          144.140497,-35.131348,0
          144.140572,-35.131339,0
          144.140645,-35.13132,0
          144.140716,-35.131306,0
          144.140792,-35.131278,0
          144.140892,-35.131259,0
          144.140954,-35.131232,0
          144.141021,-35.131205,0
          144.141099,-35.131192,0
          144.141216,-35.131183,0
          144.141373,-35.131195,0
          144.141449,-35.131181,0
          144.141563,-35.131142,0
          144.141626,-35.131124,0
          144.141689,-35.1311,0
          144.141829,-35.131114,0
          144.14189,-35.131127,0
          144.141949,-35.131132,0
          144.142057,-35.131156,0
          144.142123,-35.131167,0
          144.142207,-35.131182,0
          144.142277,-35.131208,0
          144.142417,-35.131204,0
          144.142514,-35.13118,0
          144.14263,-35.131261,0
          144.142703,-35.131286,0
          144.142763,-35.131319,0
          144.142868,-35.131308,0
          144.142922,-35.131355,0
        </coordinates>
      </LineString>
    </Placemark>
    <Placemark>
      <name>NULL</name>
      <description><![CDATA[description: <br>fid: 22<br>FType: 0<br>Owner: DTE<br>Usage: Ped01<br>Status: In Use<br>Surface: Bare<br>Restriction: Staff<br>Lanes: 0<br>GlobalID: {D5BC074B-B58B-4BF1-9323-90F10B2DC9BB}<br>created_user: NWellsAU<br>last_edited_user: WELNIG<br>VehicleTravel: NA<br>VehicleRequirement: NULL<br>VehicleLimitation: Not Accessible with Vehicle<br>SHAPE_Length: 47.0734517757<br>Source: ]]></description>
      <styleUrl>#line-FF5252-2163</styleUrl>
      <ExtendedData>
        <Data name="description">
          <value/>
        </Data>
        <Data name="fid">
          <value>22</value>
        </Data>
        <Data name="FType">
          <value>0</value>
        </Data>
        <Data name="Owner">
          <value>DTE</value>
        </Data>
        <Data name="Usage">
          <value>Ped01</value>
        </Data>
        <Data name="Status">
          <value>In Use</value>
        </Data>
        <Data name="Surface">
          <value>Bare</value>
        </Data>
        <Data name="Restriction">
          <value>Staff</value>
        </Data>
        <Data name="Lanes">
          <value>0</value>
        </Data>
        <Data name="GlobalID">
          <value>{D5BC074B-B58B-4BF1-9323-90F10B2DC9BB}</value>
        </Data>
        <Data name="created_user">
          <value>NWellsAU</value>
        </Data>
        <Data name="last_edited_user">
          <value>WELNIG</value>
        </Data>
        <Data name="VehicleTravel">
          <value>NA</value>
        </Data>
        <Data name="VehicleRequirement">
          <value>NULL</value>
        </Data>
        <Data name="VehicleLimitation">
          <value>Not Accessible with Vehicle</value>
        </Data>
        <Data name="SHAPE_Length">
          <value>47.0734517757</value>
        </Data>
        <Data name="Source">
          <value/>
        </Data>
      </ExtendedData>
      <LineString>
        <tessellate>1</tessellate>
        <coordinates>
          144.140792,-35.131278,0
          144.140689,-35.13125,0
          144.140618,-35.131215,0
          144.140553,-35.131148,0
          144.140477,-35.131065,0
        </coordinates>
      </LineString>
    </Placemark>
    <Placemark>
      <name>NULL</name>
      <description><![CDATA[description: <br>fid: 23<br>FType: 0<br>Owner: DTE<br>Usage: Mixed<br>Status: In Use<br>Surface: Bare<br>Restriction: General<br>Lanes: 1<br>GlobalID: {EEBE2BC8-6662-4FF5-A976-F6D8AC381AD9}<br>created_user: NWellsAU<br>last_edited_user: WELNIG<br>VehicleTravel: Constricted<br>VehicleRequirement: NULL<br>VehicleLimitation: Not Accessible with Vehicle<br>SHAPE_Length: 204.954877489<br>Source: ]]></description>
      <styleUrl>#line-FF5252-2163</styleUrl>
      <ExtendedData>
        <Data name="description">
          <value/>
        </Data>
        <Data name="fid">
          <value>23</value>
        </Data>
        <Data name="FType">
          <value>0</value>
        </Data>
        <Data name="Owner">
          <value>DTE</value>
        </Data>
        <Data name="Usage">
          <value>Mixed</value>
        </Data>
        <Data name="Status">
          <value>In Use</value>
        </Data>
        <Data name="Surface">
          <value>Bare</value>
        </Data>
        <Data name="Restriction">
          <value>General</value>
        </Data>
        <Data name="Lanes">
          <value>1</value>
        </Data>
        <Data name="GlobalID">
          <value>{EEBE2BC8-6662-4FF5-A976-F6D8AC381AD9}</value>
        </Data>
        <Data name="created_user">
          <value>NWellsAU</value>
        </Data>
        <Data name="last_edited_user">
          <value>WELNIG</value>
        </Data>
        <Data name="VehicleTravel">
          <value>Constricted</value>
        </Data>
        <Data name="VehicleRequirement">
          <value>NULL</value>
        </Data>
        <Data name="VehicleLimitation">
          <value>Not Accessible with Vehicle</value>
        </Data>
        <Data name="SHAPE_Length">
          <value>204.954877489</value>
        </Data>
        <Data name="Source">
          <value/>
        </Data>
      </ExtendedData>
      <LineString>
        <tessellate>1</tessellate>
        <coordinates>
          144.138504,-35.133701,0
          144.138636,-35.133695,0
          144.138738,-35.13369,0
          144.138775,-35.13368,0
          144.138927,-35.133678,0
          144.139008,-35.133651,0
          144.139053,-35.133638,0
          144.139102,-35.133617,0
          144.139221,-35.133561,0
          144.139318,-35.133483,0
          144.139363,-35.133436,0
          144.139408,-35.133343,0
          144.139511,-35.133269,0
          144.139565,-35.133245,0
          144.13966,-35.133197,0
          144.13986,-35.133099,0
          144.139987,-35.133055,0
          144.140059,-35.133036,0
        </coordinates>
      </LineString>
    </Placemark>
    <Placemark>
      <name>NULL</name>
      <description><![CDATA[description: <br>fid: 24<br>FType: 0<br>Owner: DTE<br>Usage: Mixed<br>Status: In Use<br>Surface: Bare<br>Restriction: General<br>Lanes: 1<br>GlobalID: {48EBD273-D0F9-4F30-97CE-C4CB91DD5BA6}<br>created_user: NWellsAU<br>last_edited_user: WELNIG<br>VehicleTravel: Constricted<br>VehicleRequirement: NULL<br>VehicleLimitation: Small Vehicle Only<br>SHAPE_Length: 220.889346468<br>Source: ]]></description>
      <styleUrl>#line-FF5252-2163</styleUrl>
      <ExtendedData>
        <Data name="description">
          <value/>
        </Data>
        <Data name="fid">
          <value>24</value>
        </Data>
        <Data name="FType">
          <value>0</value>
        </Data>
        <Data name="Owner">
          <value>DTE</value>
        </Data>
        <Data name="Usage">
          <value>Mixed</value>
        </Data>
        <Data name="Status">
          <value>In Use</value>
        </Data>
        <Data name="Surface">
          <value>Bare</value>
        </Data>
        <Data name="Restriction">
          <value>General</value>
        </Data>
        <Data name="Lanes">
          <value>1</value>
        </Data>
        <Data name="GlobalID">
          <value>{48EBD273-D0F9-4F30-97CE-C4CB91DD5BA6}</value>
        </Data>
        <Data name="created_user">
          <value>NWellsAU</value>
        </Data>
        <Data name="last_edited_user">
          <value>WELNIG</value>
        </Data>
        <Data name="VehicleTravel">
          <value>Constricted</value>
        </Data>
        <Data name="VehicleRequirement">
          <value>NULL</value>
        </Data>
        <Data name="VehicleLimitation">
          <value>Small Vehicle Only</value>
        </Data>
        <Data name="SHAPE_Length">
          <value>220.889346468</value>
        </Data>
        <Data name="Source">
          <value/>
        </Data>
      </ExtendedData>
      <LineString>
        <tessellate>1</tessellate>
        <coordinates>
          144.139058,-35.135051,0
          144.13915,-35.13517,0
          144.139249,-35.135231,0
          144.139368,-35.135219,0
          144.139504,-35.13516,0
          144.139654,-35.135077,0
          144.139948,-35.134975,0
          144.139954,-35.134975,0
          144.140068,-35.134916,0
          144.140169,-35.134876,0
          144.140336,-35.134793,0
          144.140441,-35.134732,0
          144.140603,-35.134728,0
          144.140688,-35.134768,0
          144.140751,-35.134804,0
        </coordinates>
      </LineString>
    </Placemark>
    <Placemark>
      <name>NULL</name>
      <description><![CDATA[description: <br>fid: 25<br>FType: 0<br>Owner: DTE<br>Usage: Mixed<br>Status: In Use<br>Surface: Sand<br>Restriction: General<br>Lanes: 1<br>GlobalID: {6E2762DF-89FD-4B9A-B7DA-1030055289BA}<br>created_user: NWellsAU<br>last_edited_user: WELNIG<br>VehicleTravel: Passing Possible<br>VehicleRequirement: NULL<br>VehicleLimitation: Small and Large Vehicles<br>SHAPE_Length: 224.105398391<br>Source: ]]></description>
      <styleUrl>#line-FF5252-2163</styleUrl>
      <ExtendedData>
        <Data name="description">
          <value/>
        </Data>
        <Data name="fid">
          <value>25</value>
        </Data>
        <Data name="FType">
          <value>0</value>
        </Data>
        <Data name="Owner">
          <value>DTE</value>
        </Data>
        <Data name="Usage">
          <value>Mixed</value>
        </Data>
        <Data name="Status">
          <value>In Use</value>
        </Data>
        <Data name="Surface">
          <value>Sand</value>
        </Data>
        <Data name="Restriction">
          <value>General</value>
        </Data>
        <Data name="Lanes">
          <value>1</value>
        </Data>
        <Data name="GlobalID">
          <value>{6E2762DF-89FD-4B9A-B7DA-1030055289BA}</value>
        </Data>
        <Data name="created_user">
          <value>NWellsAU</value>
        </Data>
        <Data name="last_edited_user">
          <value>WELNIG</value>
        </Data>
        <Data name="VehicleTravel">
          <value>Passing Possible</value>
        </Data>
        <Data name="VehicleRequirement">
          <value>NULL</value>
        </Data>
        <Data name="VehicleLimitation">
          <value>Small and Large Vehicles</value>
        </Data>
        <Data name="SHAPE_Length">
          <value>224.105398391</value>
        </Data>
        <Data name="Source">
          <value/>
        </Data>
      </ExtendedData>
      <LineString>
        <tessellate>1</tessellate>
        <coordinates>
          144.141039,-35.135642,0
          144.1409,-35.13577,0
          144.140778,-35.135852,0
          144.140632,-35.135857,0
          144.140464,-35.13582,0
          144.14037,-35.13581,0
          144.140287,-35.1358,0
          144.140241,-35.135798,0
          144.139999,-35.135832,0
          144.13978,-35.135869,0
          144.139704,-35.13588,0
          144.139574,-35.135917,0
          144.139542,-35.135941,0
          144.139507,-35.13602,0
          144.139487,-35.136078,0
          144.139425,-35.136231,0
        </coordinates>
      </LineString>
    </Placemark>
    <Placemark>
      <name>NULL</name>
      <description><![CDATA[description: <br>fid: 26<br>FType: 0<br>Owner: DTE<br>Usage: Mixed<br>Status: In Use<br>Surface: Bare<br>Restriction: General<br>Lanes: 1<br>GlobalID: {98F9E2BF-B028-488D-A099-0C1FEA5F703A}<br>created_user: NWellsAU<br>last_edited_user: WELNIG<br>VehicleTravel: NA<br>VehicleRequirement: NA<br>VehicleLimitation: Not Accessible with Vehicle<br>SHAPE_Length: 101.523868551<br>Source: ]]></description>
      <styleUrl>#line-FF5252-2163</styleUrl>
      <ExtendedData>
        <Data name="description">
          <value/>
        </Data>
        <Data name="fid">
          <value>26</value>
        </Data>
        <Data name="FType">
          <value>0</value>
        </Data>
        <Data name="Owner">
          <value>DTE</value>
        </Data>
        <Data name="Usage">
          <value>Mixed</value>
        </Data>
        <Data name="Status">
          <value>In Use</value>
        </Data>
        <Data name="Surface">
          <value>Bare</value>
        </Data>
        <Data name="Restriction">
          <value>General</value>
        </Data>
        <Data name="Lanes">
          <value>1</value>
        </Data>
        <Data name="GlobalID">
          <value>{98F9E2BF-B028-488D-A099-0C1FEA5F703A}</value>
        </Data>
        <Data name="created_user">
          <value>NWellsAU</value>
        </Data>
        <Data name="last_edited_user">
          <value>WELNIG</value>
        </Data>
        <Data name="VehicleTravel">
          <value>NA</value>
        </Data>
        <Data name="VehicleRequirement">
          <value>NA</value>
        </Data>
        <Data name="VehicleLimitation">
          <value>Not Accessible with Vehicle</value>
        </Data>
        <Data name="SHAPE_Length">
          <value>101.523868551</value>
        </Data>
        <Data name="Source">
          <value/>
        </Data>
      </ExtendedData>
      <LineString>
        <tessellate>1</tessellate>
        <coordinates>
          144.139199,-35.137133,0
          144.139329,-35.137516,0
          144.139311,-35.137595,0
          144.139326,-35.137676,0
          144.139475,-35.137743,0
          144.13953,-35.137754,0
        </coordinates>
      </LineString>
    </Placemark>
    <Placemark>
      <name>petals track</name>
      <description><![CDATA[description: <br>fid: 27<br>FType: 0<br>Owner: DTE<br>Usage: Mixed<br>Status: In Use<br>Surface: Bare<br>Restriction: General<br>Lanes: 1<br>GlobalID: {E82447F7-6B34-4B85-B758-E8C3F3910C61}<br>created_user: NWellsAU<br>last_edited_user: WELNIG<br>VehicleTravel: Constricted<br>VehicleRequirement: No Requirements<br>VehicleLimitation: Small and Large Vehicles<br>SHAPE_Length: 99.3236925868<br>Source: ]]></description>
      <styleUrl>#line-FF5252-2163</styleUrl>
      <ExtendedData>
        <Data name="description">
          <value/>
        </Data>
        <Data name="fid">
          <value>27</value>
        </Data>
        <Data name="FType">
          <value>0</value>
        </Data>
        <Data name="Owner">
          <value>DTE</value>
        </Data>
        <Data name="Usage">
          <value>Mixed</value>
        </Data>
        <Data name="Status">
          <value>In Use</value>
        </Data>
        <Data name="Surface">
          <value>Bare</value>
        </Data>
        <Data name="Restriction">
          <value>General</value>
        </Data>
        <Data name="Lanes">
          <value>1</value>
        </Data>
        <Data name="GlobalID">
          <value>{E82447F7-6B34-4B85-B758-E8C3F3910C61}</value>
        </Data>
        <Data name="created_user">
          <value>NWellsAU</value>
        </Data>
        <Data name="last_edited_user">
          <value>WELNIG</value>
        </Data>
        <Data name="VehicleTravel">
          <value>Constricted</value>
        </Data>
        <Data name="VehicleRequirement">
          <value>No Requirements</value>
        </Data>
        <Data name="VehicleLimitation">
          <value>Small and Large Vehicles</value>
        </Data>
        <Data name="SHAPE_Length">
          <value>99.3236925868</value>
        </Data>
        <Data name="Source">
          <value/>
        </Data>
      </ExtendedData>
      <LineString>
        <tessellate>1</tessellate>
        <coordinates>
          144.141189,-35.134205,0
          144.141,-35.134213,0
          144.14088,-35.134271,0
          144.140786,-35.134298,0
          144.140645,-35.134293,0
          144.140604,-35.134292,0
          144.140514,-35.134272,0
          144.140431,-35.134247,0
          144.140374,-35.13418,0
        </coordinates>
      </LineString>
    </Placemark>
    <Placemark>
      <name>tansy drive</name>
      <description><![CDATA[description: <br>fid: 28<br>FType: 0<br>Owner: DTE<br>Usage: Mixed<br>Status: In Use<br>Surface: Bare<br>Restriction: General<br>Lanes: 1<br>GlobalID: {2542D48E-38EC-485E-ACF7-5A994649EAAC}<br>created_user: NWellsAU<br>last_edited_user: WELNIG<br>VehicleTravel: Constricted<br>VehicleRequirement: No Requirements<br>VehicleLimitation: Small and Large Vehicles<br>SHAPE_Length: 245.969569808<br>Source: ]]></description>
      <styleUrl>#line-FF5252-2163</styleUrl>
      <ExtendedData>
        <Data name="description">
          <value/>
        </Data>
        <Data name="fid">
          <value>28</value>
        </Data>
        <Data name="FType">
          <value>0</value>
        </Data>
        <Data name="Owner">
          <value>DTE</value>
        </Data>
        <Data name="Usage">
          <value>Mixed</value>
        </Data>
        <Data name="Status">
          <value>In Use</value>
        </Data>
        <Data name="Surface">
          <value>Bare</value>
        </Data>
        <Data name="Restriction">
          <value>General</value>
        </Data>
        <Data name="Lanes">
          <value>1</value>
        </Data>
        <Data name="GlobalID">
          <value>{2542D48E-38EC-485E-ACF7-5A994649EAAC}</value>
        </Data>
        <Data name="created_user">
          <value>NWellsAU</value>
        </Data>
        <Data name="last_edited_user">
          <value>WELNIG</value>
        </Data>
        <Data name="VehicleTravel">
          <value>Constricted</value>
        </Data>
        <Data name="VehicleRequirement">
          <value>No Requirements</value>
        </Data>
        <Data name="VehicleLimitation">
          <value>Small and Large Vehicles</value>
        </Data>
        <Data name="SHAPE_Length">
          <value>245.969569808</value>
        </Data>
        <Data name="Source">
          <value/>
        </Data>
      </ExtendedData>
      <LineString>
        <tessellate>1</tessellate>
        <coordinates>
          144.138723,-35.135253,0
          144.138912,-35.135126,0
          144.139058,-35.135051,0
          144.139081,-35.134992,0
          144.139133,-35.134929,0
          144.139188,-35.134874,0
          144.139251,-35.134831,0
          144.13935,-35.134759,0
          144.13938,-35.13474,0
          144.139416,-35.134734,0
          144.139482,-35.134687,0
          144.139557,-35.134656,0
          144.139654,-35.134615,0
          144.139776,-35.134607,0
          144.139848,-35.134595,0
          144.139915,-35.134577,0
          144.14007,-35.134461,0
          144.140142,-35.13443,0
          144.140211,-35.134395,0
          144.140328,-35.13432,0
          144.140374,-35.13418,0
        </coordinates>
      </LineString>
    </Placemark>
    <Placemark>
      <name>tansy drive</name>
      <description><![CDATA[description: <br>fid: 29<br>FType: 0<br>Owner: DTE<br>Usage: Mixed<br>Status: In Use<br>Surface: Bare<br>Restriction: General<br>Lanes: 1<br>GlobalID: {90B2E0C3-78D9-444F-A143-E04BA7D9150A}<br>created_user: NWellsAU<br>last_edited_user: WELNIG<br>VehicleTravel: Constricted<br>VehicleRequirement: No Requirements<br>VehicleLimitation: Small and Large Vehicles<br>SHAPE_Length: 100.688928328<br>Source: ]]></description>
      <styleUrl>#line-FF5252-2163</styleUrl>
      <ExtendedData>
        <Data name="description">
          <value/>
        </Data>
        <Data name="fid">
          <value>29</value>
        </Data>
        <Data name="FType">
          <value>0</value>
        </Data>
        <Data name="Owner">
          <value>DTE</value>
        </Data>
        <Data name="Usage">
          <value>Mixed</value>
        </Data>
        <Data name="Status">
          <value>In Use</value>
        </Data>
        <Data name="Surface">
          <value>Bare</value>
        </Data>
        <Data name="Restriction">
          <value>General</value>
        </Data>
        <Data name="Lanes">
          <value>1</value>
        </Data>
        <Data name="GlobalID">
          <value>{90B2E0C3-78D9-444F-A143-E04BA7D9150A}</value>
        </Data>
        <Data name="created_user">
          <value>NWellsAU</value>
        </Data>
        <Data name="last_edited_user">
          <value>WELNIG</value>
        </Data>
        <Data name="VehicleTravel">
          <value>Constricted</value>
        </Data>
        <Data name="VehicleRequirement">
          <value>No Requirements</value>
        </Data>
        <Data name="VehicleLimitation">
          <value>Small and Large Vehicles</value>
        </Data>
        <Data name="SHAPE_Length">
          <value>100.688928328</value>
        </Data>
        <Data name="Source">
          <value/>
        </Data>
      </ExtendedData>
      <LineString>
        <tessellate>1</tessellate>
        <coordinates>
          144.140374,-35.13418,0
          144.140405,-35.13409,0
          144.140586,-35.133999,0
          144.140676,-35.133921,0
          144.140705,-35.133868,0
          144.140719,-35.133813,0
          144.140744,-35.133724,0
          144.140753,-35.133663,0
          144.140754,-35.133597,0
          144.140743,-35.133566,0
        </coordinates>
      </LineString>
    </Placemark>
    <Placemark>
      <name>NULL</name>
      <description><![CDATA[description: <br>fid: 30<br>FType: 0<br>Owner: DTE<br>Usage: Mixed<br>Status: In Use<br>Surface: Bare<br>Restriction: General<br>Lanes: 1<br>GlobalID: {CCAC8271-78A6-408F-9D66-16ED38FE9327}<br>created_user: NWellsAU<br>last_edited_user: WELNIG<br>VehicleTravel: Constricted<br>VehicleRequirement: NULL<br>VehicleLimitation: Not Accessible with Vehicle<br>SHAPE_Length: 142.518594201<br>Source: ]]></description>
      <styleUrl>#line-FF5252-2163</styleUrl>
      <ExtendedData>
        <Data name="description">
          <value/>
        </Data>
        <Data name="fid">
          <value>30</value>
        </Data>
        <Data name="FType">
          <value>0</value>
        </Data>
        <Data name="Owner">
          <value>DTE</value>
        </Data>
        <Data name="Usage">
          <value>Mixed</value>
        </Data>
        <Data name="Status">
          <value>In Use</value>
        </Data>
        <Data name="Surface">
          <value>Bare</value>
        </Data>
        <Data name="Restriction">
          <value>General</value>
        </Data>
        <Data name="Lanes">
          <value>1</value>
        </Data>
        <Data name="GlobalID">
          <value>{CCAC8271-78A6-408F-9D66-16ED38FE9327}</value>
        </Data>
        <Data name="created_user">
          <value>NWellsAU</value>
        </Data>
        <Data name="last_edited_user">
          <value>WELNIG</value>
        </Data>
        <Data name="VehicleTravel">
          <value>Constricted</value>
        </Data>
        <Data name="VehicleRequirement">
          <value>NULL</value>
        </Data>
        <Data name="VehicleLimitation">
          <value>Not Accessible with Vehicle</value>
        </Data>
        <Data name="SHAPE_Length">
          <value>142.518594201</value>
        </Data>
        <Data name="Source">
          <value/>
        </Data>
      </ExtendedData>
      <LineString>
        <tessellate>1</tessellate>
        <coordinates>
          144.140284,-35.132967,0
          144.140364,-35.132966,0
          144.140621,-35.132978,0
          144.140804,-35.133042,0
          144.140924,-35.133087,0
          144.141108,-35.133142,0
          144.141181,-35.133143,0
          144.141312,-35.133148,0
          144.141385,-35.133163,0
          144.141458,-35.133179,0
          144.141511,-35.133203,0
        </coordinates>
      </LineString>
    </Placemark>
    <Placemark>
      <name>NULL</name>
      <description><![CDATA[description: <br>fid: 31<br>FType: 0<br>Owner: DTE<br>Usage: Mixed<br>Status: In Use<br>Surface: Sand<br>Restriction: General<br>Lanes: 2<br>GlobalID: {8277E23D-F976-4C08-8BBC-BAA014F7EB8C}<br>created_user: NWellsAU<br>last_edited_user: WELNIG<br>VehicleTravel: Passing Possible<br>VehicleRequirement: No Requirements<br>VehicleLimitation: Small and Large Vehicles<br>SHAPE_Length: 92.0689583699<br>Source: ]]></description>
      <styleUrl>#line-FF5252-2163</styleUrl>
      <ExtendedData>
        <Data name="description">
          <value/>
        </Data>
        <Data name="fid">
          <value>31</value>
        </Data>
        <Data name="FType">
          <value>0</value>
        </Data>
        <Data name="Owner">
          <value>DTE</value>
        </Data>
        <Data name="Usage">
          <value>Mixed</value>
        </Data>
        <Data name="Status">
          <value>In Use</value>
        </Data>
        <Data name="Surface">
          <value>Sand</value>
        </Data>
        <Data name="Restriction">
          <value>General</value>
        </Data>
        <Data name="Lanes">
          <value>2</value>
        </Data>
        <Data name="GlobalID">
          <value>{8277E23D-F976-4C08-8BBC-BAA014F7EB8C}</value>
        </Data>
        <Data name="created_user">
          <value>NWellsAU</value>
        </Data>
        <Data name="last_edited_user">
          <value>WELNIG</value>
        </Data>
        <Data name="VehicleTravel">
          <value>Passing Possible</value>
        </Data>
        <Data name="VehicleRequirement">
          <value>No Requirements</value>
        </Data>
        <Data name="VehicleLimitation">
          <value>Small and Large Vehicles</value>
        </Data>
        <Data name="SHAPE_Length">
          <value>92.0689583699</value>
        </Data>
        <Data name="Source">
          <value/>
        </Data>
      </ExtendedData>
      <LineString>
        <tessellate>1</tessellate>
        <coordinates>
          144.14144,-35.134215,0
          144.141716,-35.134116,0
          144.141891,-35.134048,0
          144.142029,-35.133999,0
          144.142091,-35.133973,0
          144.142191,-35.133932,0
        </coordinates>
      </LineString>
    </Placemark>
    <Placemark>
      <name>Chalk Walk</name>
      <description><![CDATA[description: <br>fid: 32<br>FType: 0<br>Owner: DTE<br>Usage: Ped02<br>Status: In Use<br>Surface: Bare<br>Restriction: General<br>Lanes: 0<br>GlobalID: {A5DD4601-EE33-4C58-BC9F-F282EA82F3C9}<br>created_user: NWellsAU<br>last_edited_user: WELNIG<br>VehicleTravel: NA<br>VehicleRequirement: No Requirements<br>VehicleLimitation: Not Accessible with Vehicle<br>SHAPE_Length: 211.565759462<br>Source: ]]></description>
      <styleUrl>#line-FF5252-2163</styleUrl>
      <ExtendedData>
        <Data name="description">
          <value/>
        </Data>
        <Data name="fid">
          <value>32</value>
        </Data>
        <Data name="FType">
          <value>0</value>
        </Data>
        <Data name="Owner">
          <value>DTE</value>
        </Data>
        <Data name="Usage">
          <value>Ped02</value>
        </Data>
        <Data name="Status">
          <value>In Use</value>
        </Data>
        <Data name="Surface">
          <value>Bare</value>
        </Data>
        <Data name="Restriction">
          <value>General</value>
        </Data>
        <Data name="Lanes">
          <value>0</value>
        </Data>
        <Data name="GlobalID">
          <value>{A5DD4601-EE33-4C58-BC9F-F282EA82F3C9}</value>
        </Data>
        <Data name="created_user">
          <value>NWellsAU</value>
        </Data>
        <Data name="last_edited_user">
          <value>WELNIG</value>
        </Data>
        <Data name="VehicleTravel">
          <value>NA</value>
        </Data>
        <Data name="VehicleRequirement">
          <value>No Requirements</value>
        </Data>
        <Data name="VehicleLimitation">
          <value>Not Accessible with Vehicle</value>
        </Data>
        <Data name="SHAPE_Length">
          <value>211.565759462</value>
        </Data>
        <Data name="Source">
          <value/>
        </Data>
      </ExtendedData>
      <LineString>
        <tessellate>1</tessellate>
        <coordinates>
          144.144469,-35.132812,0
          144.143841,-35.132816,0
          144.14353,-35.132832,0
          144.143294,-35.132854,0
          144.143057,-35.132911,0
          144.142854,-35.132941,0
          144.142584,-35.132943,0
        </coordinates>
      </LineString>
    </Placemark>
    <Placemark>
      <name>NULL</name>
      <description><![CDATA[description: <br>fid: 33<br>FType: 0<br>Owner: DTE<br>Usage: Mixed<br>Status: In Use<br>Surface: Sand<br>Restriction: General<br>Lanes: 0<br>GlobalID: {C990F383-99B1-454C-9F5D-5454532AA136}<br>created_user: WELNIG<br>last_edited_user: WELNIG<br>VehicleTravel: Passing Possible<br>VehicleRequirement: No Requirements<br>VehicleLimitation: Small and Large Vehicles<br>SHAPE_Length: 136.157219577<br>Source: ]]></description>
      <styleUrl>#line-FF5252-2163</styleUrl>
      <ExtendedData>
        <Data name="description">
          <value/>
        </Data>
        <Data name="fid">
          <value>33</value>
        </Data>
        <Data name="FType">
          <value>0</value>
        </Data>
        <Data name="Owner">
          <value>DTE</value>
        </Data>
        <Data name="Usage">
          <value>Mixed</value>
        </Data>
        <Data name="Status">
          <value>In Use</value>
        </Data>
        <Data name="Surface">
          <value>Sand</value>
        </Data>
        <Data name="Restriction">
          <value>General</value>
        </Data>
        <Data name="Lanes">
          <value>0</value>
        </Data>
        <Data name="GlobalID">
          <value>{C990F383-99B1-454C-9F5D-5454532AA136}</value>
        </Data>
        <Data name="created_user">
          <value>WELNIG</value>
        </Data>
        <Data name="last_edited_user">
          <value>WELNIG</value>
        </Data>
        <Data name="VehicleTravel">
          <value>Passing Possible</value>
        </Data>
        <Data name="VehicleRequirement">
          <value>No Requirements</value>
        </Data>
        <Data name="VehicleLimitation">
          <value>Small and Large Vehicles</value>
        </Data>
        <Data name="SHAPE_Length">
          <value>136.157219577</value>
        </Data>
        <Data name="Source">
          <value/>
        </Data>
      </ExtendedData>
      <LineString>
        <tessellate>1</tessellate>
        <coordinates>
          144.142194,-35.134978,0
          144.142395,-35.134978,0
          144.142675,-35.134976,0
          144.142837,-35.134963,0
          144.143114,-35.134968,0
          144.14341,-35.135018,0
        </coordinates>
      </LineString>
    </Placemark>
    <Placemark>
      <name>NULL</name>
      <description><![CDATA[description: <br>fid: 34<br>FType: 0<br>Owner: DTE<br>Usage: Mixed<br>Status: In Use<br>Surface: Bare<br>Restriction: Staff<br>Lanes: 2<br>GlobalID: {E47D2F29-352B-4786-B609-A72A464B2BAE}<br>created_user: WELNIG<br>last_edited_user: WELNIG<br>VehicleTravel: Passing Possible<br>VehicleRequirement: No Requirements<br>VehicleLimitation: Small and Large Vehicles<br>SHAPE_Length: 149.190601631<br>Source: ]]></description>
      <styleUrl>#line-FF5252-2163</styleUrl>
      <ExtendedData>
        <Data name="description">
          <value/>
        </Data>
        <Data name="fid">
          <value>34</value>
        </Data>
        <Data name="FType">
          <value>0</value>
        </Data>
        <Data name="Owner">
          <value>DTE</value>
        </Data>
        <Data name="Usage">
          <value>Mixed</value>
        </Data>
        <Data name="Status">
          <value>In Use</value>
        </Data>
        <Data name="Surface">
          <value>Bare</value>
        </Data>
        <Data name="Restriction">
          <value>Staff</value>
        </Data>
        <Data name="Lanes">
          <value>2</value>
        </Data>
        <Data name="GlobalID">
          <value>{E47D2F29-352B-4786-B609-A72A464B2BAE}</value>
        </Data>
        <Data name="created_user">
          <value>WELNIG</value>
        </Data>
        <Data name="last_edited_user">
          <value>WELNIG</value>
        </Data>
        <Data name="VehicleTravel">
          <value>Passing Possible</value>
        </Data>
        <Data name="VehicleRequirement">
          <value>No Requirements</value>
        </Data>
        <Data name="VehicleLimitation">
          <value>Small and Large Vehicles</value>
        </Data>
        <Data name="SHAPE_Length">
          <value>149.190601631</value>
        </Data>
        <Data name="Source">
          <value/>
        </Data>
      </ExtendedData>
      <LineString>
        <tessellate>1</tessellate>
        <coordinates>
          144.142421,-35.137533,0
          144.142419,-35.137447,0
          144.14238,-35.137283,0
          144.142345,-35.137147,0
          144.142312,-35.137,0
          144.142298,-35.136801,0
          144.142288,-35.136601,0
          144.142272,-35.136446,0
        </coordinates>
      </LineString>
    </Placemark>
    <Placemark>
      <name>NULL</name>
      <description><![CDATA[description: <br>fid: 35<br>FType: 0<br>Owner: DTE<br>Usage: Motorised<br>Status: In Use<br>Surface: Bare<br>Restriction: Staff<br>Lanes: 0<br>GlobalID: {8F2CDE13-472D-4E17-9639-8F393E9AA5FC}<br>created_user: WELNIG<br>last_edited_user: WELNIG<br>VehicleTravel: Passing Possible<br>VehicleRequirement: NULL<br>VehicleLimitation: Small and Large Vehicles<br>SHAPE_Length: 25.4068867446<br>Source: ]]></description>
      <styleUrl>#line-FF5252-2163</styleUrl>
      <ExtendedData>
        <Data name="description">
          <value/>
        </Data>
        <Data name="fid">
          <value>35</value>
        </Data>
        <Data name="FType">
          <value>0</value>
        </Data>
        <Data name="Owner">
          <value>DTE</value>
        </Data>
        <Data name="Usage">
          <value>Motorised</value>
        </Data>
        <Data name="Status">
          <value>In Use</value>
        </Data>
        <Data name="Surface">
          <value>Bare</value>
        </Data>
        <Data name="Restriction">
          <value>Staff</value>
        </Data>
        <Data name="Lanes">
          <value>0</value>
        </Data>
        <Data name="GlobalID">
          <value>{8F2CDE13-472D-4E17-9639-8F393E9AA5FC}</value>
        </Data>
        <Data name="created_user">
          <value>WELNIG</value>
        </Data>
        <Data name="last_edited_user">
          <value>WELNIG</value>
        </Data>
        <Data name="VehicleTravel">
          <value>Passing Possible</value>
        </Data>
        <Data name="VehicleRequirement">
          <value>NULL</value>
        </Data>
        <Data name="VehicleLimitation">
          <value>Small and Large Vehicles</value>
        </Data>
        <Data name="SHAPE_Length">
          <value>25.4068867446</value>
        </Data>
        <Data name="Source">
          <value/>
        </Data>
      </ExtendedData>
      <LineString>
        <tessellate>1</tessellate>
        <coordinates>
          144.142688,-35.137537,0
          144.142636,-35.137459,0
          144.142631,-35.137362,0
        </coordinates>
      </LineString>
    </Placemark>
    <Placemark>
      <name>NULL</name>
      <description><![CDATA[description: <br>fid: 36<br>FType: 0<br>Owner: DTE<br>Usage: Mixed<br>Status: In Use<br>Surface: Bare<br>Restriction: Staff<br>Lanes: 2<br>GlobalID: {F4139878-73C1-4E75-B11D-7A1AC875F345}<br>created_user: WELNIG<br>last_edited_user: WELNIG<br>VehicleTravel: Passing Possible<br>VehicleRequirement: No Requirements<br>VehicleLimitation: Small and Large Vehicles<br>SHAPE_Length: 120.956339284<br>Source: ]]></description>
      <styleUrl>#line-FF5252-2163</styleUrl>
      <ExtendedData>
        <Data name="description">
          <value/>
        </Data>
        <Data name="fid">
          <value>36</value>
        </Data>
        <Data name="FType">
          <value>0</value>
        </Data>
        <Data name="Owner">
          <value>DTE</value>
        </Data>
        <Data name="Usage">
          <value>Mixed</value>
        </Data>
        <Data name="Status">
          <value>In Use</value>
        </Data>
        <Data name="Surface">
          <value>Bare</value>
        </Data>
        <Data name="Restriction">
          <value>Staff</value>
        </Data>
        <Data name="Lanes">
          <value>2</value>
        </Data>
        <Data name="GlobalID">
          <value>{F4139878-73C1-4E75-B11D-7A1AC875F345}</value>
        </Data>
        <Data name="created_user">
          <value>WELNIG</value>
        </Data>
        <Data name="last_edited_user">
          <value>WELNIG</value>
        </Data>
        <Data name="VehicleTravel">
          <value>Passing Possible</value>
        </Data>
        <Data name="VehicleRequirement">
          <value>No Requirements</value>
        </Data>
        <Data name="VehicleLimitation">
          <value>Small and Large Vehicles</value>
        </Data>
        <Data name="SHAPE_Length">
          <value>120.956339284</value>
        </Data>
        <Data name="Source">
          <value/>
        </Data>
      </ExtendedData>
      <LineString>
        <tessellate>1</tessellate>
        <coordinates>
          144.142421,-35.137533,0
          144.142302,-35.137576,0
          144.142237,-35.137644,0
          144.142165,-35.137756,0
          144.141919,-35.13792,0
          144.141667,-35.137979,0
          144.141555,-35.138005,0
        </coordinates>
      </LineString>
    </Placemark>
    <Placemark>
      <name>NULL</name>
      <description><![CDATA[description: <br>fid: 37<br>FType: 0<br>Owner: DTE<br>Usage: Mixed<br>Status: In Use<br>Surface: Bare<br>Restriction: Staff<br>Lanes: 0<br>GlobalID: {4C094159-228F-4961-8AEF-879C522470B4}<br>created_user: WELNIG<br>last_edited_user: WELNIG<br>VehicleTravel: Passing Possible<br>VehicleRequirement: No Requirements<br>VehicleLimitation: Small and Large Vehicles<br>SHAPE_Length: 114.216531078<br>Source: ]]></description>
      <styleUrl>#line-FF5252-2163</styleUrl>
      <ExtendedData>
        <Data name="description">
          <value/>
        </Data>
        <Data name="fid">
          <value>37</value>
        </Data>
        <Data name="FType">
          <value>0</value>
        </Data>
        <Data name="Owner">
          <value>DTE</value>
        </Data>
        <Data name="Usage">
          <value>Mixed</value>
        </Data>
        <Data name="Status">
          <value>In Use</value>
        </Data>
        <Data name="Surface">
          <value>Bare</value>
        </Data>
        <Data name="Restriction">
          <value>Staff</value>
        </Data>
        <Data name="Lanes">
          <value>0</value>
        </Data>
        <Data name="GlobalID">
          <value>{4C094159-228F-4961-8AEF-879C522470B4}</value>
        </Data>
        <Data name="created_user">
          <value>WELNIG</value>
        </Data>
        <Data name="last_edited_user">
          <value>WELNIG</value>
        </Data>
        <Data name="VehicleTravel">
          <value>Passing Possible</value>
        </Data>
        <Data name="VehicleRequirement">
          <value>No Requirements</value>
        </Data>
        <Data name="VehicleLimitation">
          <value>Small and Large Vehicles</value>
        </Data>
        <Data name="SHAPE_Length">
          <value>114.216531078</value>
        </Data>
        <Data name="Source">
          <value/>
        </Data>
      </ExtendedData>
      <LineString>
        <tessellate>1</tessellate>
        <coordinates>
          144.141572,-35.137903,0
          144.141693,-35.137804,0
          144.141824,-35.137711,0
          144.141928,-35.137607,0
          144.142041,-35.137551,0
          144.142193,-35.137522,0
          144.142421,-35.137533,0
        </coordinates>
      </LineString>
    </Placemark>
    <Placemark>
      <name>NULL</name>
      <description><![CDATA[description: <br>fid: 38<br>FType: 0<br>Owner: DTE<br>Usage: Motorised<br>Status: In Use<br>Surface: Bare<br>Restriction: Staff<br>Lanes: 2<br>GlobalID: {F7A4D274-F853-4D27-9B65-52EF8B189D1E}<br>created_user: WELNIG<br>last_edited_user: WELNIG<br>VehicleTravel: Passing Possible<br>VehicleRequirement: No Requirements<br>VehicleLimitation: Small and Large Vehicles<br>SHAPE_Length: 69.4913853939<br>Source: ]]></description>
      <styleUrl>#line-FF5252-2163</styleUrl>
      <ExtendedData>
        <Data name="description">
          <value/>
        </Data>
        <Data name="fid">
          <value>38</value>
        </Data>
        <Data name="FType">
          <value>0</value>
        </Data>
        <Data name="Owner">
          <value>DTE</value>
        </Data>
        <Data name="Usage">
          <value>Motorised</value>
        </Data>
        <Data name="Status">
          <value>In Use</value>
        </Data>
        <Data name="Surface">
          <value>Bare</value>
        </Data>
        <Data name="Restriction">
          <value>Staff</value>
        </Data>
        <Data name="Lanes">
          <value>2</value>
        </Data>
        <Data name="GlobalID">
          <value>{F7A4D274-F853-4D27-9B65-52EF8B189D1E}</value>
        </Data>
        <Data name="created_user">
          <value>WELNIG</value>
        </Data>
        <Data name="last_edited_user">
          <value>WELNIG</value>
        </Data>
        <Data name="VehicleTravel">
          <value>Passing Possible</value>
        </Data>
        <Data name="VehicleRequirement">
          <value>No Requirements</value>
        </Data>
        <Data name="VehicleLimitation">
          <value>Small and Large Vehicles</value>
        </Data>
        <Data name="SHAPE_Length">
          <value>69.4913853939</value>
        </Data>
        <Data name="Source">
          <value/>
        </Data>
      </ExtendedData>
      <LineString>
        <tessellate>1</tessellate>
        <coordinates>
          144.146606,-35.137633,0
          144.146533,-35.137673,0
          144.146313,-35.13779,0
          144.146152,-35.137868,0
          144.146073,-35.137898,0
        </coordinates>
      </LineString>
    </Placemark>
    <Placemark>
      <name>NULL</name>
      <description><![CDATA[description: <br>fid: 39<br>FType: 0<br>Owner: DTE<br>Usage: Mixed<br>Status: In Use<br>Surface: Sand<br>Restriction: General<br>Lanes: 2<br>GlobalID: {8A9190A1-1A54-491E-A23E-FDB3EA8F5DA5}<br>created_user: WELNIG<br>last_edited_user: WELNIG<br>VehicleTravel: Passing Possible<br>VehicleRequirement: No Requirements<br>VehicleLimitation: Small and Large Vehicles<br>SHAPE_Length: 36.7358264057<br>Source: ]]></description>
      <styleUrl>#line-FF5252-2163</styleUrl>
      <ExtendedData>
        <Data name="description">
          <value/>
        </Data>
        <Data name="fid">
          <value>39</value>
        </Data>
        <Data name="FType">
          <value>0</value>
        </Data>
        <Data name="Owner">
          <value>DTE</value>
        </Data>
        <Data name="Usage">
          <value>Mixed</value>
        </Data>
        <Data name="Status">
          <value>In Use</value>
        </Data>
        <Data name="Surface">
          <value>Sand</value>
        </Data>
        <Data name="Restriction">
          <value>General</value>
        </Data>
        <Data name="Lanes">
          <value>2</value>
        </Data>
        <Data name="GlobalID">
          <value>{8A9190A1-1A54-491E-A23E-FDB3EA8F5DA5}</value>
        </Data>
        <Data name="created_user">
          <value>WELNIG</value>
        </Data>
        <Data name="last_edited_user">
          <value>WELNIG</value>
        </Data>
        <Data name="VehicleTravel">
          <value>Passing Possible</value>
        </Data>
        <Data name="VehicleRequirement">
          <value>No Requirements</value>
        </Data>
        <Data name="VehicleLimitation">
          <value>Small and Large Vehicles</value>
        </Data>
        <Data name="SHAPE_Length">
          <value>36.7358264057</value>
        </Data>
        <Data name="Source">
          <value/>
        </Data>
      </ExtendedData>
      <LineString>
        <tessellate>1</tessellate>
        <coordinates>
          144.146062,-35.137615,0
          144.145968,-35.137549,0
          144.145831,-35.137423,0
        </coordinates>
      </LineString>
    </Placemark>
    <Placemark>
      <name>NULL</name>
      <description><![CDATA[description: <br>fid: 40<br>FType: 0<br>Owner: DTE<br>Usage: Ped02<br>Status: In Use<br>Surface: Bare<br>Restriction: General<br>Lanes: 0<br>GlobalID: {EDB6BD56-751B-4FD2-9AD1-0ED9967C4DD8}<br>created_user: WELNIG<br>last_edited_user: WELNIG<br>VehicleTravel: NA<br>VehicleRequirement: NA<br>VehicleLimitation: Not Accessible with Vehicle<br>SHAPE_Length: 40.9080960073<br>Source: ]]></description>
      <styleUrl>#line-FF5252-2163</styleUrl>
      <ExtendedData>
        <Data name="description">
          <value/>
        </Data>
        <Data name="fid">
          <value>40</value>
        </Data>
        <Data name="FType">
          <value>0</value>
        </Data>
        <Data name="Owner">
          <value>DTE</value>
        </Data>
        <Data name="Usage">
          <value>Ped02</value>
        </Data>
        <Data name="Status">
          <value>In Use</value>
        </Data>
        <Data name="Surface">
          <value>Bare</value>
        </Data>
        <Data name="Restriction">
          <value>General</value>
        </Data>
        <Data name="Lanes">
          <value>0</value>
        </Data>
        <Data name="GlobalID">
          <value>{EDB6BD56-751B-4FD2-9AD1-0ED9967C4DD8}</value>
        </Data>
        <Data name="created_user">
          <value>WELNIG</value>
        </Data>
        <Data name="last_edited_user">
          <value>WELNIG</value>
        </Data>
        <Data name="VehicleTravel">
          <value>NA</value>
        </Data>
        <Data name="VehicleRequirement">
          <value>NA</value>
        </Data>
        <Data name="VehicleLimitation">
          <value>Not Accessible with Vehicle</value>
        </Data>
        <Data name="SHAPE_Length">
          <value>40.9080960073</value>
        </Data>
        <Data name="Source">
          <value/>
        </Data>
      </ExtendedData>
      <LineString>
        <tessellate>1</tessellate>
        <coordinates>
          144.139311,-35.137595,0
          144.139199,-35.137667,0
          144.138994,-35.137743,0
        </coordinates>
      </LineString>
    </Placemark>
    <Placemark>
      <name>NULL</name>
      <description><![CDATA[description: <br>fid: 41<br>FType: 0<br>Owner: DTE<br>Usage: Mixed<br>Status: In Use<br>Surface: Sand<br>Restriction: General<br>Lanes: 0<br>GlobalID: {687B023A-E68D-4A4A-98D7-6D98D5771ACB}<br>created_user: WELNIG<br>last_edited_user: WELNIG<br>VehicleTravel: Passing Possible<br>VehicleRequirement: Unknown<br>VehicleLimitation: Small and Large Vehicles<br>SHAPE_Length: 113.554443272<br>Source: ]]></description>
      <styleUrl>#line-FF5252-2163</styleUrl>
      <ExtendedData>
        <Data name="description">
          <value/>
        </Data>
        <Data name="fid">
          <value>41</value>
        </Data>
        <Data name="FType">
          <value>0</value>
        </Data>
        <Data name="Owner">
          <value>DTE</value>
        </Data>
        <Data name="Usage">
          <value>Mixed</value>
        </Data>
        <Data name="Status">
          <value>In Use</value>
        </Data>
        <Data name="Surface">
          <value>Sand</value>
        </Data>
        <Data name="Restriction">
          <value>General</value>
        </Data>
        <Data name="Lanes">
          <value>0</value>
        </Data>
        <Data name="GlobalID">
          <value>{687B023A-E68D-4A4A-98D7-6D98D5771ACB}</value>
        </Data>
        <Data name="created_user">
          <value>WELNIG</value>
        </Data>
        <Data name="last_edited_user">
          <value>WELNIG</value>
        </Data>
        <Data name="VehicleTravel">
          <value>Passing Possible</value>
        </Data>
        <Data name="VehicleRequirement">
          <value>Unknown</value>
        </Data>
        <Data name="VehicleLimitation">
          <value>Small and Large Vehicles</value>
        </Data>
        <Data name="SHAPE_Length">
          <value>113.554443272</value>
        </Data>
        <Data name="Source">
          <value/>
        </Data>
      </ExtendedData>
      <LineString>
        <tessellate>1</tessellate>
        <coordinates>
          144.141004,-35.134822,0
          144.140987,-35.134894,0
          144.140956,-35.134984,0
          144.140951,-35.135051,0
          144.140942,-35.135189,0
          144.140946,-35.135236,0
          144.140948,-35.135297,0
          144.140966,-35.135445,0
          144.141039,-35.135642,0
        </coordinates>
      </LineString>
    </Placemark>
    <Placemark>
      <name>cloud Avenue</name>
      <description><![CDATA[description: <br>fid: 42<br>FType: 0<br>Owner: DTE<br>Usage: Mixed<br>Status: In Use<br>Surface: Bare<br>Restriction: General<br>Lanes: 1<br>GlobalID: {2175117C-4E15-4A8F-91E2-18CDA765E969}<br>created_user: WELNIG<br>last_edited_user: WELNIG<br>VehicleTravel: Constricted<br>VehicleRequirement: NULL<br>VehicleLimitation: Small and Large Vehicles<br>SHAPE_Length: 160.478022242<br>Source: ]]></description>
      <styleUrl>#line-FF5252-2163</styleUrl>
      <ExtendedData>
        <Data name="description">
          <value/>
        </Data>
        <Data name="fid">
          <value>42</value>
        </Data>
        <Data name="FType">
          <value>0</value>
        </Data>
        <Data name="Owner">
          <value>DTE</value>
        </Data>
        <Data name="Usage">
          <value>Mixed</value>
        </Data>
        <Data name="Status">
          <value>In Use</value>
        </Data>
        <Data name="Surface">
          <value>Bare</value>
        </Data>
        <Data name="Restriction">
          <value>General</value>
        </Data>
        <Data name="Lanes">
          <value>1</value>
        </Data>
        <Data name="GlobalID">
          <value>{2175117C-4E15-4A8F-91E2-18CDA765E969}</value>
        </Data>
        <Data name="created_user">
          <value>WELNIG</value>
        </Data>
        <Data name="last_edited_user">
          <value>WELNIG</value>
        </Data>
        <Data name="VehicleTravel">
          <value>Constricted</value>
        </Data>
        <Data name="VehicleRequirement">
          <value>NULL</value>
        </Data>
        <Data name="VehicleLimitation">
          <value>Small and Large Vehicles</value>
        </Data>
        <Data name="SHAPE_Length">
          <value>160.478022242</value>
        </Data>
        <Data name="Source">
          <value/>
        </Data>
      </ExtendedData>
      <LineString>
        <tessellate>1</tessellate>
        <coordinates>
          144.139425,-35.136231,0
          144.13925,-35.136088,0
          144.139209,-35.136057,0
          144.139153,-35.136027,0
          144.139078,-35.135974,0
          144.139035,-35.135946,0
          144.13896,-35.135856,0
          144.138913,-35.135788,0
          144.13888,-35.135685,0
          144.138878,-35.135626,0
          144.13886,-35.135525,0
          144.13883,-35.135436,0
          144.138787,-35.135385,0
          144.138716,-35.135256,0
        </coordinates>
      </LineString>
    </Placemark>
    <Placemark>
      <name>NULL</name>
      <description><![CDATA[description: <br>fid: 43<br>FType: 0<br>Owner: DTE<br>Usage: Ped02<br>Status: In Use<br>Surface: Bare<br>Restriction: General<br>Lanes: 0<br>GlobalID: {8160B2F7-CEDC-4D59-8D88-E632E21CABDD}<br>created_user: WELNIG<br>last_edited_user: WELNIG<br>VehicleTravel: Unknown<br>VehicleRequirement: Unknown<br>VehicleLimitation: Small and Large Vehicles<br>SHAPE_Length: 97.7564847292<br>Source: ]]></description>
      <styleUrl>#line-FF5252-2163</styleUrl>
      <ExtendedData>
        <Data name="description">
          <value/>
        </Data>
        <Data name="fid">
          <value>43</value>
        </Data>
        <Data name="FType">
          <value>0</value>
        </Data>
        <Data name="Owner">
          <value>DTE</value>
        </Data>
        <Data name="Usage">
          <value>Ped02</value>
        </Data>
        <Data name="Status">
          <value>In Use</value>
        </Data>
        <Data name="Surface">
          <value>Bare</value>
        </Data>
        <Data name="Restriction">
          <value>General</value>
        </Data>
        <Data name="Lanes">
          <value>0</value>
        </Data>
        <Data name="GlobalID">
          <value>{8160B2F7-CEDC-4D59-8D88-E632E21CABDD}</value>
        </Data>
        <Data name="created_user">
          <value>WELNIG</value>
        </Data>
        <Data name="last_edited_user">
          <value>WELNIG</value>
        </Data>
        <Data name="VehicleTravel">
          <value>Unknown</value>
        </Data>
        <Data name="VehicleRequirement">
          <value>Unknown</value>
        </Data>
        <Data name="VehicleLimitation">
          <value>Small and Large Vehicles</value>
        </Data>
        <Data name="SHAPE_Length">
          <value>97.7564847292</value>
        </Data>
        <Data name="Source">
          <value/>
        </Data>
      </ExtendedData>
      <LineString>
        <tessellate>1</tessellate>
        <coordinates>
          144.140743,-35.133566,0
          144.141017,-35.133467,0
          144.141392,-35.133353,0
          144.141563,-35.133309,0
        </coordinates>
      </LineString>
    </Placemark>
    <Placemark>
      <name>tansy drive</name>
      <description><![CDATA[description: <br>fid: 44<br>FType: 0<br>Owner: DTE<br>Usage: Mixed<br>Status: In Use<br>Surface: Bare<br>Restriction: General<br>Lanes: 1<br>GlobalID: {B41295EB-30B1-439D-8F5D-1436777FE639}<br>created_user: WELNIG<br>last_edited_user: WELNIG<br>VehicleTravel: Constricted<br>VehicleRequirement: NULL<br>VehicleLimitation: Not Accessible with Vehicle<br>SHAPE_Length: 96.7999800951<br>Source: ]]></description>
      <styleUrl>#line-FF5252-2163</styleUrl>
      <ExtendedData>
        <Data name="description">
          <value/>
        </Data>
        <Data name="fid">
          <value>44</value>
        </Data>
        <Data name="FType">
          <value>0</value>
        </Data>
        <Data name="Owner">
          <value>DTE</value>
        </Data>
        <Data name="Usage">
          <value>Mixed</value>
        </Data>
        <Data name="Status">
          <value>In Use</value>
        </Data>
        <Data name="Surface">
          <value>Bare</value>
        </Data>
        <Data name="Restriction">
          <value>General</value>
        </Data>
        <Data name="Lanes">
          <value>1</value>
        </Data>
        <Data name="GlobalID">
          <value>{B41295EB-30B1-439D-8F5D-1436777FE639}</value>
        </Data>
        <Data name="created_user">
          <value>WELNIG</value>
        </Data>
        <Data name="last_edited_user">
          <value>WELNIG</value>
        </Data>
        <Data name="VehicleTravel">
          <value>Constricted</value>
        </Data>
        <Data name="VehicleRequirement">
          <value>NULL</value>
        </Data>
        <Data name="VehicleLimitation">
          <value>Not Accessible with Vehicle</value>
        </Data>
        <Data name="SHAPE_Length">
          <value>96.7999800951</value>
        </Data>
        <Data name="Source">
          <value/>
        </Data>
      </ExtendedData>
      <LineString>
        <tessellate>1</tessellate>
        <coordinates>
          144.140743,-35.133566,0
          144.140728,-35.133525,0
          144.140678,-35.133451,0
          144.140634,-35.13338,0
          144.140558,-35.133317,0
          144.140523,-35.133271,0
          144.140475,-35.133209,0
          144.140395,-35.133104,0
          144.140317,-35.133018,0
          144.140284,-35.132967,0
        </coordinates>
      </LineString>
    </Placemark>
    <Placemark>
      <name>NULL</name>
      <description><![CDATA[description: <br>fid: 45<br>FType: 0<br>Owner: DTE<br>Usage: Mixed<br>Status: In Use<br>Surface: Bare<br>Restriction: General<br>Lanes: 1<br>GlobalID: {B544B46D-9D70-4611-99F1-C8E1397E1EC2}<br>created_user: WELNIG<br>last_edited_user: WELNIG<br>VehicleTravel: Constricted<br>VehicleRequirement: No Requirements<br>VehicleLimitation: Small and Large Vehicles<br>SHAPE_Length: 81.4800828611<br>Source: ]]></description>
      <styleUrl>#line-FF5252-2163</styleUrl>
      <ExtendedData>
        <Data name="description">
          <value/>
        </Data>
        <Data name="fid">
          <value>45</value>
        </Data>
        <Data name="FType">
          <value>0</value>
        </Data>
        <Data name="Owner">
          <value>DTE</value>
        </Data>
        <Data name="Usage">
          <value>Mixed</value>
        </Data>
        <Data name="Status">
          <value>In Use</value>
        </Data>
        <Data name="Surface">
          <value>Bare</value>
        </Data>
        <Data name="Restriction">
          <value>General</value>
        </Data>
        <Data name="Lanes">
          <value>1</value>
        </Data>
        <Data name="GlobalID">
          <value>{B544B46D-9D70-4611-99F1-C8E1397E1EC2}</value>
        </Data>
        <Data name="created_user">
          <value>WELNIG</value>
        </Data>
        <Data name="last_edited_user">
          <value>WELNIG</value>
        </Data>
        <Data name="VehicleTravel">
          <value>Constricted</value>
        </Data>
        <Data name="VehicleRequirement">
          <value>No Requirements</value>
        </Data>
        <Data name="VehicleLimitation">
          <value>Small and Large Vehicles</value>
        </Data>
        <Data name="SHAPE_Length">
          <value>81.4800828611</value>
        </Data>
        <Data name="Source">
          <value/>
        </Data>
      </ExtendedData>
      <LineString>
        <tessellate>1</tessellate>
        <coordinates>
          144.142124,-35.133672,0
          144.141807,-35.133474,0
          144.141636,-35.133413,0
          144.141591,-35.133348,0
          144.141563,-35.133309,0
        </coordinates>
      </LineString>
    </Placemark>
    <Placemark>
      <name>NULL</name>
      <description><![CDATA[description: <br>fid: 46<br>FType: 0<br>Owner: DTE<br>Usage: Motorised<br>Status: In Use<br>Surface: Bare<br>Restriction: Staff<br>Lanes: 0<br>GlobalID: {FF5EF3AE-66FC-45C3-ABD8-497F4DB77224}<br>created_user: WELNIG<br>last_edited_user: WELNIG<br>VehicleTravel: Passing Possible<br>VehicleRequirement: Unknown<br>VehicleLimitation: Small and Large Vehicles<br>SHAPE_Length: 381.62409491<br>Source: ]]></description>
      <styleUrl>#line-FF5252-2163</styleUrl>
      <ExtendedData>
        <Data name="description">
          <value/>
        </Data>
        <Data name="fid">
          <value>46</value>
        </Data>
        <Data name="FType">
          <value>0</value>
        </Data>
        <Data name="Owner">
          <value>DTE</value>
        </Data>
        <Data name="Usage">
          <value>Motorised</value>
        </Data>
        <Data name="Status">
          <value>In Use</value>
        </Data>
        <Data name="Surface">
          <value>Bare</value>
        </Data>
        <Data name="Restriction">
          <value>Staff</value>
        </Data>
        <Data name="Lanes">
          <value>0</value>
        </Data>
        <Data name="GlobalID">
          <value>{FF5EF3AE-66FC-45C3-ABD8-497F4DB77224}</value>
        </Data>
        <Data name="created_user">
          <value>WELNIG</value>
        </Data>
        <Data name="last_edited_user">
          <value>WELNIG</value>
        </Data>
        <Data name="VehicleTravel">
          <value>Passing Possible</value>
        </Data>
        <Data name="VehicleRequirement">
          <value>Unknown</value>
        </Data>
        <Data name="VehicleLimitation">
          <value>Small and Large Vehicles</value>
        </Data>
        <Data name="SHAPE_Length">
          <value>381.62409491</value>
        </Data>
        <Data name="Source">
          <value/>
        </Data>
      </ExtendedData>
      <LineString>
        <tessellate>1</tessellate>
        <coordinates>
          144.142631,-35.137362,0
          144.142653,-35.137172,0
          144.142683,-35.137006,0
          144.142769,-35.136574,0
          144.142861,-35.136163,0
          144.143039,-35.136018,0
          144.143265,-35.135835,0
          144.143321,-35.13577,0
          144.143339,-35.135697,0
          144.143321,-35.135634,0
          144.143256,-35.135553,0
          144.143179,-35.135532,0
          144.14311,-35.135536,0
          144.143043,-35.135561,0
          144.142992,-35.135631,0
          144.142947,-35.135755,0
          144.142896,-35.136005,0
          144.142861,-35.136163,0
        </coordinates>
      </LineString>
    </Placemark>
    <Placemark>
      <name>NULL</name>
      <description><![CDATA[description: <br>fid: 47<br>FType: 0<br>Owner: DTE<br>Usage: Mixed<br>Status: In Use<br>Surface: Sand<br>Restriction: General<br>Lanes: 0<br>GlobalID: {3664A880-6789-4924-A98C-DB12DA88F08C}<br>created_user: WELNIG<br>last_edited_user: WELNIG<br>VehicleTravel: Passing Possible<br>VehicleRequirement: Unknown<br>VehicleLimitation: Small and Large Vehicles<br>SHAPE_Length: 80.8838925666<br>Source: ]]></description>
      <styleUrl>#line-FF5252-2163</styleUrl>
      <ExtendedData>
        <Data name="description">
          <value/>
        </Data>
        <Data name="fid">
          <value>47</value>
        </Data>
        <Data name="FType">
          <value>0</value>
        </Data>
        <Data name="Owner">
          <value>DTE</value>
        </Data>
        <Data name="Usage">
          <value>Mixed</value>
        </Data>
        <Data name="Status">
          <value>In Use</value>
        </Data>
        <Data name="Surface">
          <value>Sand</value>
        </Data>
        <Data name="Restriction">
          <value>General</value>
        </Data>
        <Data name="Lanes">
          <value>0</value>
        </Data>
        <Data name="GlobalID">
          <value>{3664A880-6789-4924-A98C-DB12DA88F08C}</value>
        </Data>
        <Data name="created_user">
          <value>WELNIG</value>
        </Data>
        <Data name="last_edited_user">
          <value>WELNIG</value>
        </Data>
        <Data name="VehicleTravel">
          <value>Passing Possible</value>
        </Data>
        <Data name="VehicleRequirement">
          <value>Unknown</value>
        </Data>
        <Data name="VehicleLimitation">
          <value>Small and Large Vehicles</value>
        </Data>
        <Data name="SHAPE_Length">
          <value>80.8838925666</value>
        </Data>
        <Data name="Source">
          <value/>
        </Data>
      </ExtendedData>
      <LineString>
        <tessellate>1</tessellate>
        <coordinates>
          144.14144,-35.134215,0
          144.141707,-35.134215,0
          144.142162,-35.134268,0
        </coordinates>
      </LineString>
    </Placemark>
    <Placemark>
      <name>NULL</name>
      <description><![CDATA[description: <br>fid: 48<br>FType: 0<br>Owner: DTE<br>Usage: Mixed<br>Status: In Use<br>Surface: Sand<br>Restriction: General<br>Lanes: 0<br>GlobalID: {E5D049AC-BFD1-439F-9CAA-0F69DC0E8283}<br>created_user: WELNIG<br>last_edited_user: WELNIG<br>VehicleTravel: Passing Possible<br>VehicleRequirement: No Requirements<br>VehicleLimitation: Small and Large Vehicles<br>SHAPE_Length: 46.0285920201<br>Source: ]]></description>
      <styleUrl>#line-FF5252-2163</styleUrl>
      <ExtendedData>
        <Data name="description">
          <value/>
        </Data>
        <Data name="fid">
          <value>48</value>
        </Data>
        <Data name="FType">
          <value>0</value>
        </Data>
        <Data name="Owner">
          <value>DTE</value>
        </Data>
        <Data name="Usage">
          <value>Mixed</value>
        </Data>
        <Data name="Status">
          <value>In Use</value>
        </Data>
        <Data name="Surface">
          <value>Sand</value>
        </Data>
        <Data name="Restriction">
          <value>General</value>
        </Data>
        <Data name="Lanes">
          <value>0</value>
        </Data>
        <Data name="GlobalID">
          <value>{E5D049AC-BFD1-439F-9CAA-0F69DC0E8283}</value>
        </Data>
        <Data name="created_user">
          <value>WELNIG</value>
        </Data>
        <Data name="last_edited_user">
          <value>WELNIG</value>
        </Data>
        <Data name="VehicleTravel">
          <value>Passing Possible</value>
        </Data>
        <Data name="VehicleRequirement">
          <value>No Requirements</value>
        </Data>
        <Data name="VehicleLimitation">
          <value>Small and Large Vehicles</value>
        </Data>
        <Data name="SHAPE_Length">
          <value>46.0285920201</value>
        </Data>
        <Data name="Source">
          <value/>
        </Data>
      </ExtendedData>
      <LineString>
        <tessellate>1</tessellate>
        <coordinates>
          144.142162,-35.134268,0
          144.142162,-35.134184,0
          144.142163,-35.134036,0
          144.142191,-35.133932,0
        </coordinates>
      </LineString>
    </Placemark>
    <Placemark>
      <name>NULL</name>
      <description><![CDATA[description: <br>fid: 49<br>FType: 0<br>Owner: DTE<br>Usage: Mixed<br>Status: In Use<br>Surface: Sand<br>Restriction: General<br>Lanes: 0<br>GlobalID: {B9F56E0B-4518-4882-8D14-DA244CF36D7D}<br>created_user: WELNIG<br>last_edited_user: WELNIG<br>VehicleTravel: Passing Possible<br>VehicleRequirement: Unknown<br>VehicleLimitation: Small and Large Vehicles<br>SHAPE_Length: 95.9964468418<br>Source: ]]></description>
      <styleUrl>#line-FF5252-2163</styleUrl>
      <ExtendedData>
        <Data name="description">
          <value/>
        </Data>
        <Data name="fid">
          <value>49</value>
        </Data>
        <Data name="FType">
          <value>0</value>
        </Data>
        <Data name="Owner">
          <value>DTE</value>
        </Data>
        <Data name="Usage">
          <value>Mixed</value>
        </Data>
        <Data name="Status">
          <value>In Use</value>
        </Data>
        <Data name="Surface">
          <value>Sand</value>
        </Data>
        <Data name="Restriction">
          <value>General</value>
        </Data>
        <Data name="Lanes">
          <value>0</value>
        </Data>
        <Data name="GlobalID">
          <value>{B9F56E0B-4518-4882-8D14-DA244CF36D7D}</value>
        </Data>
        <Data name="created_user">
          <value>WELNIG</value>
        </Data>
        <Data name="last_edited_user">
          <value>WELNIG</value>
        </Data>
        <Data name="VehicleTravel">
          <value>Passing Possible</value>
        </Data>
        <Data name="VehicleRequirement">
          <value>Unknown</value>
        </Data>
        <Data name="VehicleLimitation">
          <value>Small and Large Vehicles</value>
        </Data>
        <Data name="SHAPE_Length">
          <value>95.9964468418</value>
        </Data>
        <Data name="Source">
          <value/>
        </Data>
      </ExtendedData>
      <LineString>
        <tessellate>1</tessellate>
        <coordinates>
          144.141004,-35.134822,0
          144.14108,-35.134696,0
          144.141187,-35.134541,0
          144.141297,-35.134383,0
          144.14144,-35.134215,0
        </coordinates>
      </LineString>
    </Placemark>
    <Placemark>
      <name>NULL</name>
      <description><![CDATA[description: <br>fid: 50<br>FType: 0<br>Owner: DTE<br>Usage: Mixed<br>Status: In Use<br>Surface: Bare<br>Restriction: General<br>Lanes: 2<br>GlobalID: {4BFC8A5E-29F0-48F6-9664-4F627CD83A68}<br>created_user: WELNIG<br>last_edited_user: WELNIG<br>VehicleTravel: Passing Possible<br>VehicleRequirement: No Requirements<br>VehicleLimitation: Small and Large Vehicles<br>SHAPE_Length: 284.59769926<br>Source: ]]></description>
      <styleUrl>#line-FF5252-2163</styleUrl>
      <ExtendedData>
        <Data name="description">
          <value/>
        </Data>
        <Data name="fid">
          <value>50</value>
        </Data>
        <Data name="FType">
          <value>0</value>
        </Data>
        <Data name="Owner">
          <value>DTE</value>
        </Data>
        <Data name="Usage">
          <value>Mixed</value>
        </Data>
        <Data name="Status">
          <value>In Use</value>
        </Data>
        <Data name="Surface">
          <value>Bare</value>
        </Data>
        <Data name="Restriction">
          <value>General</value>
        </Data>
        <Data name="Lanes">
          <value>2</value>
        </Data>
        <Data name="GlobalID">
          <value>{4BFC8A5E-29F0-48F6-9664-4F627CD83A68}</value>
        </Data>
        <Data name="created_user">
          <value>WELNIG</value>
        </Data>
        <Data name="last_edited_user">
          <value>WELNIG</value>
        </Data>
        <Data name="VehicleTravel">
          <value>Passing Possible</value>
        </Data>
        <Data name="VehicleRequirement">
          <value>No Requirements</value>
        </Data>
        <Data name="VehicleLimitation">
          <value>Small and Large Vehicles</value>
        </Data>
        <Data name="SHAPE_Length">
          <value>284.59769926</value>
        </Data>
        <Data name="Source">
          <value/>
        </Data>
      </ExtendedData>
      <LineString>
        <tessellate>1</tessellate>
        <coordinates>
          144.145369,-35.131364,0
          144.145869,-35.131959,0
          144.146016,-35.1322,0
          144.146152,-35.132528,0
          144.146178,-35.132706,0
          144.146328,-35.133004,0
          144.146428,-35.133242,0
        </coordinates>
      </LineString>
    </Placemark>
    <Placemark>
      <name>NULL</name>
      <description><![CDATA[description: <br>fid: 51<br>FType: 0<br>Owner: DTE<br>Usage: Motorised<br>Status: In Use<br>Surface: Bare<br>Restriction: Staff<br>Lanes: 1<br>GlobalID: {156730EB-A9CC-48FF-AA64-7BFB2C97C124}<br>created_user: WELNIG<br>last_edited_user: WELNIG<br>VehicleTravel: Passing Possible<br>VehicleRequirement: No Requirements<br>VehicleLimitation: Small and Large Vehicles<br>SHAPE_Length: 770.832106017<br>Source: ]]></description>
      <styleUrl>#line-FF5252-2163</styleUrl>
      <ExtendedData>
        <Data name="description">
          <value/>
        </Data>
        <Data name="fid">
          <value>51</value>
        </Data>
        <Data name="FType">
          <value>0</value>
        </Data>
        <Data name="Owner">
          <value>DTE</value>
        </Data>
        <Data name="Usage">
          <value>Motorised</value>
        </Data>
        <Data name="Status">
          <value>In Use</value>
        </Data>
        <Data name="Surface">
          <value>Bare</value>
        </Data>
        <Data name="Restriction">
          <value>Staff</value>
        </Data>
        <Data name="Lanes">
          <value>1</value>
        </Data>
        <Data name="GlobalID">
          <value>{156730EB-A9CC-48FF-AA64-7BFB2C97C124}</value>
        </Data>
        <Data name="created_user">
          <value>WELNIG</value>
        </Data>
        <Data name="last_edited_user">
          <value>WELNIG</value>
        </Data>
        <Data name="VehicleTravel">
          <value>Passing Possible</value>
        </Data>
        <Data name="VehicleRequirement">
          <value>No Requirements</value>
        </Data>
        <Data name="VehicleLimitation">
          <value>Small and Large Vehicles</value>
        </Data>
        <Data name="SHAPE_Length">
          <value>770.832106017</value>
        </Data>
        <Data name="Source">
          <value/>
        </Data>
      </ExtendedData>
      <LineString>
        <tessellate>1</tessellate>
        <coordinates>
          144.150492,-35.128788,0
          144.151216,-35.129636,0
          144.15192,-35.13046,0
          144.152676,-35.131378,0
          144.153317,-35.132148,0
          144.154391,-35.133467,0
        </coordinates>
      </LineString>
    </Placemark>
    <Placemark>
      <name>NULL</name>
      <description><![CDATA[description: <br>fid: 52<br>FType: 0<br>Owner: DTE<br>Usage: Motorised<br>Status: In Use<br>Surface: Bare<br>Restriction: Staff<br>Lanes: 0<br>GlobalID: {76937385-7EC3-4FFC-B2C4-0E97F082D448}<br>created_user: WELNIG<br>last_edited_user: WELNIG<br>VehicleTravel: Unknown<br>VehicleRequirement: Unknown<br>VehicleLimitation: Small and Large Vehicles<br>SHAPE_Length: 264.750371787<br>Source: ]]></description>
      <styleUrl>#line-FF5252-2163</styleUrl>
      <ExtendedData>
        <Data name="description">
          <value/>
        </Data>
        <Data name="fid">
          <value>52</value>
        </Data>
        <Data name="FType">
          <value>0</value>
        </Data>
        <Data name="Owner">
          <value>DTE</value>
        </Data>
        <Data name="Usage">
          <value>Motorised</value>
        </Data>
        <Data name="Status">
          <value>In Use</value>
        </Data>
        <Data name="Surface">
          <value>Bare</value>
        </Data>
        <Data name="Restriction">
          <value>Staff</value>
        </Data>
        <Data name="Lanes">
          <value>0</value>
        </Data>
        <Data name="GlobalID">
          <value>{76937385-7EC3-4FFC-B2C4-0E97F082D448}</value>
        </Data>
        <Data name="created_user">
          <value>WELNIG</value>
        </Data>
        <Data name="last_edited_user">
          <value>WELNIG</value>
        </Data>
        <Data name="VehicleTravel">
          <value>Unknown</value>
        </Data>
        <Data name="VehicleRequirement">
          <value>Unknown</value>
        </Data>
        <Data name="VehicleLimitation">
          <value>Small and Large Vehicles</value>
        </Data>
        <Data name="SHAPE_Length">
          <value>264.750371787</value>
        </Data>
        <Data name="Source">
          <value/>
        </Data>
      </ExtendedData>
      <LineString>
        <tessellate>1</tessellate>
        <coordinates>
          144.150492,-35.128788,0
          144.149177,-35.127167,0
        </coordinates>
      </LineString>
    </Placemark>
    <Placemark>
      <name>NULL</name>
      <description><![CDATA[description: <br>fid: 53<br>FType: 0<br>Owner: DTE<br>Usage: Motorised<br>Status: In Use<br>Surface: Bare<br>Restriction: Staff<br>Lanes: 0<br>GlobalID: {4701FD90-A0CD-4F3A-B0D1-6981DB355751}<br>created_user: WELNIG<br>last_edited_user: WELNIG<br>VehicleTravel: Unknown<br>VehicleRequirement: Unknown<br>VehicleLimitation: Small and Large Vehicles<br>SHAPE_Length: 26.3996943818<br>Source: ]]></description>
      <styleUrl>#line-FF5252-2163</styleUrl>
      <ExtendedData>
        <Data name="description">
          <value/>
        </Data>
        <Data name="fid">
          <value>53</value>
        </Data>
        <Data name="FType">
          <value>0</value>
        </Data>
        <Data name="Owner">
          <value>DTE</value>
        </Data>
        <Data name="Usage">
          <value>Motorised</value>
        </Data>
        <Data name="Status">
          <value>In Use</value>
        </Data>
        <Data name="Surface">
          <value>Bare</value>
        </Data>
        <Data name="Restriction">
          <value>Staff</value>
        </Data>
        <Data name="Lanes">
          <value>0</value>
        </Data>
        <Data name="GlobalID">
          <value>{4701FD90-A0CD-4F3A-B0D1-6981DB355751}</value>
        </Data>
        <Data name="created_user">
          <value>WELNIG</value>
        </Data>
        <Data name="last_edited_user">
          <value>WELNIG</value>
        </Data>
        <Data name="VehicleTravel">
          <value>Unknown</value>
        </Data>
        <Data name="VehicleRequirement">
          <value>Unknown</value>
        </Data>
        <Data name="VehicleLimitation">
          <value>Small and Large Vehicles</value>
        </Data>
        <Data name="SHAPE_Length">
          <value>26.3996943818</value>
        </Data>
        <Data name="Source">
          <value/>
        </Data>
      </ExtendedData>
      <LineString>
        <tessellate>1</tessellate>
        <coordinates>
          144.15016,-35.128028,0
          144.149965,-35.128138,0
        </coordinates>
      </LineString>
    </Placemark>
    <Placemark>
      <name>NULL</name>
      <description><![CDATA[description: <br>fid: 54<br>FType: 0<br>Owner: DTE<br>Usage: Motorised<br>Status: In Use<br>Surface: Bare<br>Restriction: Staff<br>Lanes: 0<br>GlobalID: {D7501FFB-CB6F-4994-8DC5-9F6995F99CAE}<br>created_user: WELNIG<br>last_edited_user: WELNIG<br>VehicleTravel: Passing Possible<br>VehicleRequirement: Unknown<br>VehicleLimitation: Small and Large Vehicles<br>SHAPE_Length: 2677.77219016<br>Source: ]]></description>
      <styleUrl>#line-FF5252-2163</styleUrl>
      <ExtendedData>
        <Data name="description">
          <value/>
        </Data>
        <Data name="fid">
          <value>54</value>
        </Data>
        <Data name="FType">
          <value>0</value>
        </Data>
        <Data name="Owner">
          <value>DTE</value>
        </Data>
        <Data name="Usage">
          <value>Motorised</value>
        </Data>
        <Data name="Status">
          <value>In Use</value>
        </Data>
        <Data name="Surface">
          <value>Bare</value>
        </Data>
        <Data name="Restriction">
          <value>Staff</value>
        </Data>
        <Data name="Lanes">
          <value>0</value>
        </Data>
        <Data name="GlobalID">
          <value>{D7501FFB-CB6F-4994-8DC5-9F6995F99CAE}</value>
        </Data>
        <Data name="created_user">
          <value>WELNIG</value>
        </Data>
        <Data name="last_edited_user">
          <value>WELNIG</value>
        </Data>
        <Data name="VehicleTravel">
          <value>Passing Possible</value>
        </Data>
        <Data name="VehicleRequirement">
          <value>Unknown</value>
        </Data>
        <Data name="VehicleLimitation">
          <value>Small and Large Vehicles</value>
        </Data>
        <Data name="SHAPE_Length">
          <value>2677.77219016</value>
        </Data>
        <Data name="Source">
          <value/>
        </Data>
      </ExtendedData>
      <LineString>
        <tessellate>1</tessellate>
        <coordinates>
          144.144544,-35.129939,0
          144.14458,-35.129704,0
          144.144606,-35.129348,0
          144.144769,-35.128988,0
          144.144868,-35.128732,0
          144.144999,-35.128544,0
          144.145429,-35.128108,0
          144.14585,-35.12773,0
          144.14625,-35.127471,0
          144.146496,-35.127309,0
          144.146601,-35.127159,0
          144.146682,-35.126988,0
          144.146759,-35.126731,0
          144.146945,-35.126434,0
          144.147297,-35.125968,0
          144.147331,-35.125861,0
          144.147278,-35.125717,0
          144.146265,-35.125153,0
          144.14484,-35.124378,0
          144.143804,-35.1239,0
          144.142661,-35.123377,0
          144.141102,-35.122695,0
          144.140189,-35.122309,0
          144.139848,-35.122268,0
          144.139568,-35.1222,0
          144.139468,-35.122122,0
          144.139379,-35.122002,0
          144.139129,-35.121792,0
          144.138317,-35.121403,0
          144.137132,-35.120864,0
          144.136491,-35.120543,0
          144.136291,-35.120435,0
          144.136182,-35.1204,0
          144.136084,-35.12045,0
          144.136018,-35.12057,0
          144.135797,-35.12217,0
          144.135545,-35.123549,0
          144.135484,-35.124433,0
        </coordinates>
      </LineString>
    </Placemark>
    <Placemark>
      <name>NULL</name>
      <description><![CDATA[description: <br>fid: 55<br>FType: 0<br>Owner: DTE<br>Usage: Motorised<br>Status: In Use<br>Surface: Bare<br>Restriction: Staff<br>Lanes: 0<br>GlobalID: {9A8B07BD-F46A-4E9B-AC30-D0C9629E4301}<br>created_user: WELNIG<br>last_edited_user: WELNIG<br>VehicleTravel: Constricted<br>VehicleRequirement: 4WD DWO<br>VehicleLimitation: Small and Large Vehicles<br>SHAPE_Length: 111.060028329<br>Source: ]]></description>
      <styleUrl>#line-FF5252-2163</styleUrl>
      <ExtendedData>
        <Data name="description">
          <value/>
        </Data>
        <Data name="fid">
          <value>55</value>
        </Data>
        <Data name="FType">
          <value>0</value>
        </Data>
        <Data name="Owner">
          <value>DTE</value>
        </Data>
        <Data name="Usage">
          <value>Motorised</value>
        </Data>
        <Data name="Status">
          <value>In Use</value>
        </Data>
        <Data name="Surface">
          <value>Bare</value>
        </Data>
        <Data name="Restriction">
          <value>Staff</value>
        </Data>
        <Data name="Lanes">
          <value>0</value>
        </Data>
        <Data name="GlobalID">
          <value>{9A8B07BD-F46A-4E9B-AC30-D0C9629E4301}</value>
        </Data>
        <Data name="created_user">
          <value>WELNIG</value>
        </Data>
        <Data name="last_edited_user">
          <value>WELNIG</value>
        </Data>
        <Data name="VehicleTravel">
          <value>Constricted</value>
        </Data>
        <Data name="VehicleRequirement">
          <value>4WD DWO</value>
        </Data>
        <Data name="VehicleLimitation">
          <value>Small and Large Vehicles</value>
        </Data>
        <Data name="SHAPE_Length">
          <value>111.060028329</value>
        </Data>
        <Data name="Source">
          <value/>
        </Data>
      </ExtendedData>
      <LineString>
        <tessellate>1</tessellate>
        <coordinates>
          144.135484,-35.124433,0
          144.13537,-35.125244,0
        </coordinates>
      </LineString>
    </Placemark>
    <Placemark>
      <name>NULL</name>
      <description><![CDATA[description: <br>fid: 56<br>FType: 0<br>Owner: DTE<br>Usage: Motorised<br>Status: In Use<br>Surface: Bare<br>Restriction: Staff<br>Lanes: 0<br>GlobalID: {2C74CD44-3E7E-4FD3-926E-7D99416F330C}<br>created_user: WELNIG<br>last_edited_user: WELNIG<br>VehicleTravel: Passing Possible<br>VehicleRequirement: Unknown<br>VehicleLimitation: Small and Large Vehicles<br>SHAPE_Length: 1037.23730775<br>Source: ]]></description>
      <styleUrl>#line-FF5252-2163</styleUrl>
      <ExtendedData>
        <Data name="description">
          <value/>
        </Data>
        <Data name="fid">
          <value>56</value>
        </Data>
        <Data name="FType">
          <value>0</value>
        </Data>
        <Data name="Owner">
          <value>DTE</value>
        </Data>
        <Data name="Usage">
          <value>Motorised</value>
        </Data>
        <Data name="Status">
          <value>In Use</value>
        </Data>
        <Data name="Surface">
          <value>Bare</value>
        </Data>
        <Data name="Restriction">
          <value>Staff</value>
        </Data>
        <Data name="Lanes">
          <value>0</value>
        </Data>
        <Data name="GlobalID">
          <value>{2C74CD44-3E7E-4FD3-926E-7D99416F330C}</value>
        </Data>
        <Data name="created_user">
          <value>WELNIG</value>
        </Data>
        <Data name="last_edited_user">
          <value>WELNIG</value>
        </Data>
        <Data name="VehicleTravel">
          <value>Passing Possible</value>
        </Data>
        <Data name="VehicleRequirement">
          <value>Unknown</value>
        </Data>
        <Data name="VehicleLimitation">
          <value>Small and Large Vehicles</value>
        </Data>
        <Data name="SHAPE_Length">
          <value>1037.23730775</value>
        </Data>
        <Data name="Source">
          <value/>
        </Data>
      </ExtendedData>
      <LineString>
        <tessellate>1</tessellate>
        <coordinates>
          144.13537,-35.125244,0
          144.135059,-35.126996,0
          144.135004,-35.1275,0
          144.135097,-35.128189,0
          144.134615,-35.130113,0
          144.134553,-35.130915,0
          144.13461,-35.131195,0
          144.134838,-35.131679,0
          144.135152,-35.132198,0
          144.135442,-35.13264,0
        </coordinates>
      </LineString>
    </Placemark>
    <Placemark>
      <name>NULL</name>
      <description><![CDATA[description: <br>fid: 57<br>FType: 0<br>Owner: DTE<br>Usage: Motorised<br>Status: In Use<br>Surface: Bare<br>Restriction: Staff<br>Lanes: 0<br>GlobalID: {877BE1B8-4D62-4A41-9789-2834D2E0B6D1}<br>created_user: WELNIG<br>last_edited_user: WELNIG<br>VehicleTravel: Passing Possible<br>VehicleRequirement: Unknown<br>VehicleLimitation: Small and Large Vehicles<br>SHAPE_Length: 213.090590663<br>Source: ]]></description>
      <styleUrl>#line-FF5252-2163</styleUrl>
      <ExtendedData>
        <Data name="description">
          <value/>
        </Data>
        <Data name="fid">
          <value>57</value>
        </Data>
        <Data name="FType">
          <value>0</value>
        </Data>
        <Data name="Owner">
          <value>DTE</value>
        </Data>
        <Data name="Usage">
          <value>Motorised</value>
        </Data>
        <Data name="Status">
          <value>In Use</value>
        </Data>
        <Data name="Surface">
          <value>Bare</value>
        </Data>
        <Data name="Restriction">
          <value>Staff</value>
        </Data>
        <Data name="Lanes">
          <value>0</value>
        </Data>
        <Data name="GlobalID">
          <value>{877BE1B8-4D62-4A41-9789-2834D2E0B6D1}</value>
        </Data>
        <Data name="created_user">
          <value>WELNIG</value>
        </Data>
        <Data name="last_edited_user">
          <value>WELNIG</value>
        </Data>
        <Data name="VehicleTravel">
          <value>Passing Possible</value>
        </Data>
        <Data name="VehicleRequirement">
          <value>Unknown</value>
        </Data>
        <Data name="VehicleLimitation">
          <value>Small and Large Vehicles</value>
        </Data>
        <Data name="SHAPE_Length">
          <value>213.090590663</value>
        </Data>
        <Data name="Source">
          <value/>
        </Data>
      </ExtendedData>
      <LineString>
        <tessellate>1</tessellate>
        <coordinates>
          144.135442,-35.13264,0
          144.135109,-35.132864,0
          144.134952,-35.133133,0
          144.134864,-35.133236,0
          144.134687,-35.133286,0
          144.134557,-35.133266,0
          144.13441,-35.133249,0
          144.1343,-35.133267,0
          144.134097,-35.133368,0
          144.133964,-35.133418,0
        </coordinates>
      </LineString>
    </Placemark>
    <Placemark>
      <name>NULL</name>
      <description><![CDATA[description: <br>fid: 58<br>FType: 0<br>Owner: DTE<br>Usage: Motorised<br>Status: In Use<br>Surface: Bare<br>Restriction: Staff<br>Lanes: 0<br>GlobalID: {D65ADF6E-A21B-4D55-A44D-77E94F22CE0B}<br>created_user: WELNIG<br>last_edited_user: WELNIG<br>VehicleTravel: Passing Possible<br>VehicleRequirement: Unknown<br>VehicleLimitation: Small and Large Vehicles<br>SHAPE_Length: 1226.5037474<br>Source: ]]></description>
      <styleUrl>#line-FF5252-2163</styleUrl>
      <ExtendedData>
        <Data name="description">
          <value/>
        </Data>
        <Data name="fid">
          <value>58</value>
        </Data>
        <Data name="FType">
          <value>0</value>
        </Data>
        <Data name="Owner">
          <value>DTE</value>
        </Data>
        <Data name="Usage">
          <value>Motorised</value>
        </Data>
        <Data name="Status">
          <value>In Use</value>
        </Data>
        <Data name="Surface">
          <value>Bare</value>
        </Data>
        <Data name="Restriction">
          <value>Staff</value>
        </Data>
        <Data name="Lanes">
          <value>0</value>
        </Data>
        <Data name="GlobalID">
          <value>{D65ADF6E-A21B-4D55-A44D-77E94F22CE0B}</value>
        </Data>
        <Data name="created_user">
          <value>WELNIG</value>
        </Data>
        <Data name="last_edited_user">
          <value>WELNIG</value>
        </Data>
        <Data name="VehicleTravel">
          <value>Passing Possible</value>
        </Data>
        <Data name="VehicleRequirement">
          <value>Unknown</value>
        </Data>
        <Data name="VehicleLimitation">
          <value>Small and Large Vehicles</value>
        </Data>
        <Data name="SHAPE_Length">
          <value>1226.5037474</value>
        </Data>
        <Data name="Source">
          <value/>
        </Data>
      </ExtendedData>
      <LineString>
        <tessellate>1</tessellate>
        <coordinates>
          144.135442,-35.13264,0
          144.135751,-35.132513,0
          144.136051,-35.132312,0
          144.136252,-35.132157,0
          144.136562,-35.13196,0
          144.136764,-35.131823,0
          144.137064,-35.131463,0
          144.137457,-35.131043,0
          144.137791,-35.130691,0
          144.138188,-35.130355,0
          144.138499,-35.130113,0
          144.138997,-35.129906,0
          144.139433,-35.129755,0
          144.139742,-35.129687,0
          144.140577,-35.129523,0
          144.141057,-35.129371,0
          144.141557,-35.129165,0
          144.141827,-35.129073,0
          144.142405,-35.128986,0
          144.142805,-35.128972,0
          144.143037,-35.129042,0
          144.143328,-35.129101,0
          144.143639,-35.129268,0
          144.143903,-35.129415,0
          144.14411,-35.129555,0
          144.144266,-35.129718,0
          144.144344,-35.129806,0
          144.144475,-35.129893,0
        </coordinates>
      </LineString>
    </Placemark>
    <Placemark>
      <name>NULL</name>
      <description><![CDATA[description: <br>fid: 59<br>FType: 0<br>Owner: DTE<br>Usage: Motorised<br>Status: In Use<br>Surface: Bare<br>Restriction: Staff<br>Lanes: 0<br>GlobalID: {E24DEAE7-D815-4AB1-B1BF-5C185ED79F27}<br>created_user: WELNIG<br>last_edited_user: WELNIG<br>VehicleTravel: Passing Possible<br>VehicleRequirement: Unknown<br>VehicleLimitation: Small and Large Vehicles<br>SHAPE_Length: 942.676489437<br>Source: ]]></description>
      <styleUrl>#line-FF5252-2163</styleUrl>
      <ExtendedData>
        <Data name="description">
          <value/>
        </Data>
        <Data name="fid">
          <value>59</value>
        </Data>
        <Data name="FType">
          <value>0</value>
        </Data>
        <Data name="Owner">
          <value>DTE</value>
        </Data>
        <Data name="Usage">
          <value>Motorised</value>
        </Data>
        <Data name="Status">
          <value>In Use</value>
        </Data>
        <Data name="Surface">
          <value>Bare</value>
        </Data>
        <Data name="Restriction">
          <value>Staff</value>
        </Data>
        <Data name="Lanes">
          <value>0</value>
        </Data>
        <Data name="GlobalID">
          <value>{E24DEAE7-D815-4AB1-B1BF-5C185ED79F27}</value>
        </Data>
        <Data name="created_user">
          <value>WELNIG</value>
        </Data>
        <Data name="last_edited_user">
          <value>WELNIG</value>
        </Data>
        <Data name="VehicleTravel">
          <value>Passing Possible</value>
        </Data>
        <Data name="VehicleRequirement">
          <value>Unknown</value>
        </Data>
        <Data name="VehicleLimitation">
          <value>Small and Large Vehicles</value>
        </Data>
        <Data name="SHAPE_Length">
          <value>942.676489437</value>
        </Data>
        <Data name="Source">
          <value/>
        </Data>
      </ExtendedData>
      <LineString>
        <tessellate>1</tessellate>
        <coordinates>
          144.143085,-35.129057,0
          144.142896,-35.128936,0
          144.142566,-35.128739,0
          144.142399,-35.128637,0
          144.142049,-35.128562,0
          144.141395,-35.128518,0
          144.140956,-35.128494,0
          144.140801,-35.128484,0
          144.140572,-35.128477,0
          144.140495,-35.128472,0
          144.140204,-35.128414,0
          144.139907,-35.128377,0
          144.13974,-35.128365,0
          144.139538,-35.128365,0
          144.139286,-35.128392,0
          144.139102,-35.128406,0
          144.138888,-35.128404,0
          144.138623,-35.128382,0
          144.138201,-35.128346,0
          144.137884,-35.128299,0
          144.137708,-35.12827,0
          144.137488,-35.12821,0
          144.137346,-35.128156,0
          144.13709,-35.128103,0
          144.136924,-35.128049,0
          144.136668,-35.127947,0
          144.136517,-35.127884,0
          144.13638,-35.127845,0
          144.136273,-35.12783,0
          144.136068,-35.127806,0
          144.135825,-35.127753,0
          144.135415,-35.127648,0
          144.135228,-35.12758,0
          144.135004,-35.1275,0
        </coordinates>
      </LineString>
    </Placemark>
    <Placemark>
      <name>NULL</name>
      <description><![CDATA[description: <br>fid: 60<br>FType: 0<br>Owner: DTE<br>Usage: Mixed<br>Status: In Use<br>Surface: Bare<br>Restriction: General<br>Lanes: 0<br>GlobalID: {04BA3D09-EC1B-4011-9CA8-49EC5CFE0442}<br>created_user: WELNIG<br>last_edited_user: WELNIG<br>VehicleTravel: Passing Possible<br>VehicleRequirement: Unknown<br>VehicleLimitation: Small and Large Vehicles<br>SHAPE_Length: 585.443328332<br>Source: ]]></description>
      <styleUrl>#line-FF5252-2163</styleUrl>
      <ExtendedData>
        <Data name="description">
          <value/>
        </Data>
        <Data name="fid">
          <value>60</value>
        </Data>
        <Data name="FType">
          <value>0</value>
        </Data>
        <Data name="Owner">
          <value>DTE</value>
        </Data>
        <Data name="Usage">
          <value>Mixed</value>
        </Data>
        <Data name="Status">
          <value>In Use</value>
        </Data>
        <Data name="Surface">
          <value>Bare</value>
        </Data>
        <Data name="Restriction">
          <value>General</value>
        </Data>
        <Data name="Lanes">
          <value>0</value>
        </Data>
        <Data name="GlobalID">
          <value>{04BA3D09-EC1B-4011-9CA8-49EC5CFE0442}</value>
        </Data>
        <Data name="created_user">
          <value>WELNIG</value>
        </Data>
        <Data name="last_edited_user">
          <value>WELNIG</value>
        </Data>
        <Data name="VehicleTravel">
          <value>Passing Possible</value>
        </Data>
        <Data name="VehicleRequirement">
          <value>Unknown</value>
        </Data>
        <Data name="VehicleLimitation">
          <value>Small and Large Vehicles</value>
        </Data>
        <Data name="SHAPE_Length">
          <value>585.443328332</value>
        </Data>
        <Data name="Source">
          <value/>
        </Data>
      </ExtendedData>
      <LineString>
        <tessellate>1</tessellate>
        <coordinates>
          144.146428,-35.133242,0
          144.146536,-35.133526,0
          144.146619,-35.134289,0
          144.146619,-35.135247,0
          144.14647,-35.136005,0
          144.146057,-35.136976,0
          144.145831,-35.137423,0
        </coordinates>
      </LineString>
    </Placemark>
    <Placemark>
      <name>NULL</name>
      <description><![CDATA[description: <br>fid: 61<br>FType: 0<br>Owner: DTE<br>Usage: Motorised<br>Status: In Use<br>Surface: Bare<br>Restriction: Staff<br>Lanes: 1<br>GlobalID: {5D193594-D56C-4DA9-BBAB-D584D2911768}<br>created_user: WELNIG<br>last_edited_user: WELNIG<br>VehicleTravel: Passing Possible<br>VehicleRequirement: No Requirements<br>VehicleLimitation: Small and Large Vehicles<br>SHAPE_Length: 152.137512514<br>Source: ]]></description>
      <styleUrl>#line-FF5252-2163</styleUrl>
      <ExtendedData>
        <Data name="description">
          <value/>
        </Data>
        <Data name="fid">
          <value>61</value>
        </Data>
        <Data name="FType">
          <value>0</value>
        </Data>
        <Data name="Owner">
          <value>DTE</value>
        </Data>
        <Data name="Usage">
          <value>Motorised</value>
        </Data>
        <Data name="Status">
          <value>In Use</value>
        </Data>
        <Data name="Surface">
          <value>Bare</value>
        </Data>
        <Data name="Restriction">
          <value>Staff</value>
        </Data>
        <Data name="Lanes">
          <value>1</value>
        </Data>
        <Data name="GlobalID">
          <value>{5D193594-D56C-4DA9-BBAB-D584D2911768}</value>
        </Data>
        <Data name="created_user">
          <value>WELNIG</value>
        </Data>
        <Data name="last_edited_user">
          <value>WELNIG</value>
        </Data>
        <Data name="VehicleTravel">
          <value>Passing Possible</value>
        </Data>
        <Data name="VehicleRequirement">
          <value>No Requirements</value>
        </Data>
        <Data name="VehicleLimitation">
          <value>Small and Large Vehicles</value>
        </Data>
        <Data name="SHAPE_Length">
          <value>152.137512514</value>
        </Data>
        <Data name="Source">
          <value/>
        </Data>
      </ExtendedData>
      <LineString>
        <tessellate>1</tessellate>
        <coordinates>
          144.154553,-35.133384,0
          144.15446,-35.133433,0
          144.154391,-35.133467,0
          144.154303,-35.133524,0
          144.15423,-35.133611,0
          144.154218,-35.133689,0
          144.154236,-35.133838,0
          144.154294,-35.134011,0
          144.154331,-35.134158,0
          144.15437,-35.134362,0
        </coordinates>
      </LineString>
    </Placemark>
    <Placemark>
      <name>NULL</name>
      <description><![CDATA[description: <br>fid: 62<br>FType: 0<br>Owner: DTE<br>Usage: Motorised<br>Status: In Use<br>Surface: Bare<br>Restriction: Staff<br>Lanes: 1<br>GlobalID: {D3179FD1-D6D1-40FB-9DE8-183F70428C75}<br>created_user: WELNIG<br>last_edited_user: WELNIG<br>VehicleTravel: Passing Possible<br>VehicleRequirement: No Requirements<br>VehicleLimitation: Small and Large Vehicles<br>SHAPE_Length: 337.398675902<br>Source: ]]></description>
      <styleUrl>#line-FF5252-2163</styleUrl>
      <ExtendedData>
        <Data name="description">
          <value/>
        </Data>
        <Data name="fid">
          <value>62</value>
        </Data>
        <Data name="FType">
          <value>0</value>
        </Data>
        <Data name="Owner">
          <value>DTE</value>
        </Data>
        <Data name="Usage">
          <value>Motorised</value>
        </Data>
        <Data name="Status">
          <value>In Use</value>
        </Data>
        <Data name="Surface">
          <value>Bare</value>
        </Data>
        <Data name="Restriction">
          <value>Staff</value>
        </Data>
        <Data name="Lanes">
          <value>1</value>
        </Data>
        <Data name="GlobalID">
          <value>{D3179FD1-D6D1-40FB-9DE8-183F70428C75}</value>
        </Data>
        <Data name="created_user">
          <value>WELNIG</value>
        </Data>
        <Data name="last_edited_user">
          <value>WELNIG</value>
        </Data>
        <Data name="VehicleTravel">
          <value>Passing Possible</value>
        </Data>
        <Data name="VehicleRequirement">
          <value>No Requirements</value>
        </Data>
        <Data name="VehicleLimitation">
          <value>Small and Large Vehicles</value>
        </Data>
        <Data name="SHAPE_Length">
          <value>337.398675902</value>
        </Data>
        <Data name="Source">
          <value/>
        </Data>
      </ExtendedData>
      <LineString>
        <tessellate>1</tessellate>
        <coordinates>
          144.15446,-35.133433,0
          144.154438,-35.133479,0
          144.154426,-35.133557,0
          144.154452,-35.133653,0
          144.154454,-35.1338,0
          144.154434,-35.13397,0
          144.15437,-35.134362,0
          144.15431,-35.134849,0
          144.154223,-35.135253,0
          144.154134,-35.135426,0
          144.154004,-35.13562,0
          144.153806,-35.135783,0
        </coordinates>
      </LineString>
    </Placemark>
    <Placemark>
      <name>NULL</name>
      <description><![CDATA[description: <br>fid: 63<br>FType: 0<br>Owner: DTE<br>Usage: Mixed<br>Status: In Use<br>Surface: Bare<br>Restriction: General<br>Lanes: 0<br>GlobalID: {0238FD9D-8E8F-46A3-8E94-672590A0D62E}<br>created_user: WELNIG<br>last_edited_user: WELNIG<br>VehicleTravel: Passing Possible<br>VehicleRequirement: Unknown<br>VehicleLimitation: Small and Large Vehicles<br>SHAPE_Length: 404.01154838<br>Source: ]]></description>
      <styleUrl>#line-FF5252-2163</styleUrl>
      <ExtendedData>
        <Data name="description">
          <value/>
        </Data>
        <Data name="fid">
          <value>63</value>
        </Data>
        <Data name="FType">
          <value>0</value>
        </Data>
        <Data name="Owner">
          <value>DTE</value>
        </Data>
        <Data name="Usage">
          <value>Mixed</value>
        </Data>
        <Data name="Status">
          <value>In Use</value>
        </Data>
        <Data name="Surface">
          <value>Bare</value>
        </Data>
        <Data name="Restriction">
          <value>General</value>
        </Data>
        <Data name="Lanes">
          <value>0</value>
        </Data>
        <Data name="GlobalID">
          <value>{0238FD9D-8E8F-46A3-8E94-672590A0D62E}</value>
        </Data>
        <Data name="created_user">
          <value>WELNIG</value>
        </Data>
        <Data name="last_edited_user">
          <value>WELNIG</value>
        </Data>
        <Data name="VehicleTravel">
          <value>Passing Possible</value>
        </Data>
        <Data name="VehicleRequirement">
          <value>Unknown</value>
        </Data>
        <Data name="VehicleLimitation">
          <value>Small and Large Vehicles</value>
        </Data>
        <Data name="SHAPE_Length">
          <value>404.01154838</value>
        </Data>
        <Data name="Source">
          <value/>
        </Data>
      </ExtendedData>
      <LineString>
        <tessellate>1</tessellate>
        <coordinates>
          144.143523,-35.135033,0
          144.143842,-35.134932,0
          144.144306,-35.13464,0
          144.144763,-35.134062,0
          144.144918,-35.133834,0
          144.145233,-35.133197,0
          144.145375,-35.132842,0
          144.145426,-35.132646,0
        </coordinates>
      </LineString>
    </Placemark>
    <Placemark>
      <name>NULL</name>
      <description><![CDATA[description: <br>fid: 64<br>FType: 0<br>Owner: DTE<br>Usage: Ped02<br>Status: In Use<br>Surface: Bare<br>Restriction: General<br>Lanes: 0<br>GlobalID: {56494A30-4B5C-40FF-8C29-59171521846B}<br>created_user: WELNIG<br>last_edited_user: WELNIG<br>VehicleTravel: Unknown<br>VehicleRequirement: Unknown<br>VehicleLimitation: Not Accessible with Vehicle<br>SHAPE_Length: 239.021488806<br>Source: ]]></description>
      <styleUrl>#line-FF5252-2163</styleUrl>
      <ExtendedData>
        <Data name="description">
          <value/>
        </Data>
        <Data name="fid">
          <value>64</value>
        </Data>
        <Data name="FType">
          <value>0</value>
        </Data>
        <Data name="Owner">
          <value>DTE</value>
        </Data>
        <Data name="Usage">
          <value>Ped02</value>
        </Data>
        <Data name="Status">
          <value>In Use</value>
        </Data>
        <Data name="Surface">
          <value>Bare</value>
        </Data>
        <Data name="Restriction">
          <value>General</value>
        </Data>
        <Data name="Lanes">
          <value>0</value>
        </Data>
        <Data name="GlobalID">
          <value>{56494A30-4B5C-40FF-8C29-59171521846B}</value>
        </Data>
        <Data name="created_user">
          <value>WELNIG</value>
        </Data>
        <Data name="last_edited_user">
          <value>WELNIG</value>
        </Data>
        <Data name="VehicleTravel">
          <value>Unknown</value>
        </Data>
        <Data name="VehicleRequirement">
          <value>Unknown</value>
        </Data>
        <Data name="VehicleLimitation">
          <value>Not Accessible with Vehicle</value>
        </Data>
        <Data name="SHAPE_Length">
          <value>239.021488806</value>
        </Data>
        <Data name="Source">
          <value/>
        </Data>
      </ExtendedData>
      <LineString>
        <tessellate>1</tessellate>
        <coordinates>
          144.139787,-35.13261,0
          144.139999,-35.132574,0
          144.14021,-35.132432,0
          144.140493,-35.132365,0
          144.14078,-35.132319,0
          144.140988,-35.132357,0
          144.141374,-35.132416,0
          144.141617,-35.132494,0
          144.141789,-35.132583,0
        </coordinates>
      </LineString>
    </Placemark>
    <Placemark>
      <name>NULL</name>
      <description><![CDATA[description: <br>fid: 65<br>FType: 0<br>Owner: DTE<br>Usage: Ped02<br>Status: In Use<br>Surface: Bare<br>Restriction: General<br>Lanes: 0<br>GlobalID: {5484CE1D-8CB8-4A78-9EDB-26B20119BF06}<br>created_user: WELNIG<br>last_edited_user: WELNIG<br>VehicleTravel: Unknown<br>VehicleRequirement: Unknown<br>VehicleLimitation: Not Accessible with Vehicle<br>SHAPE_Length: 59.022905787<br>Source: ]]></description>
      <styleUrl>#line-FF5252-2163</styleUrl>
      <ExtendedData>
        <Data name="description">
          <value/>
        </Data>
        <Data name="fid">
          <value>65</value>
        </Data>
        <Data name="FType">
          <value>0</value>
        </Data>
        <Data name="Owner">
          <value>DTE</value>
        </Data>
        <Data name="Usage">
          <value>Ped02</value>
        </Data>
        <Data name="Status">
          <value>In Use</value>
        </Data>
        <Data name="Surface">
          <value>Bare</value>
        </Data>
        <Data name="Restriction">
          <value>General</value>
        </Data>
        <Data name="Lanes">
          <value>0</value>
        </Data>
        <Data name="GlobalID">
          <value>{5484CE1D-8CB8-4A78-9EDB-26B20119BF06}</value>
        </Data>
        <Data name="created_user">
          <value>WELNIG</value>
        </Data>
        <Data name="last_edited_user">
          <value>WELNIG</value>
        </Data>
        <Data name="VehicleTravel">
          <value>Unknown</value>
        </Data>
        <Data name="VehicleRequirement">
          <value>Unknown</value>
        </Data>
        <Data name="VehicleLimitation">
          <value>Not Accessible with Vehicle</value>
        </Data>
        <Data name="SHAPE_Length">
          <value>59.022905787</value>
        </Data>
        <Data name="Source">
          <value/>
        </Data>
      </ExtendedData>
      <LineString>
        <tessellate>1</tessellate>
        <coordinates>
          144.13864,-35.133286,0
          144.138623,-35.133446,0
          144.138551,-35.133587,0
          144.138504,-35.133701,0
        </coordinates>
      </LineString>
    </Placemark>
    <Placemark>
      <name>NULL</name>
      <description><![CDATA[description: <br>fid: 66<br>FType: 0<br>Owner: DTE<br>Usage: Ped02<br>Status: In Use<br>Surface: Bare<br>Restriction: General<br>Lanes: 0<br>GlobalID: {3C8F2AC1-87AE-451B-9178-BE3BCB8E193B}<br>created_user: WELNIG<br>last_edited_user: WELNIG<br>VehicleTravel: Unknown<br>VehicleRequirement: Unknown<br>VehicleLimitation: Not Accessible with Vehicle<br>SHAPE_Length: 67.0983243763<br>Source: ]]></description>
      <styleUrl>#line-FF5252-2163</styleUrl>
      <ExtendedData>
        <Data name="description">
          <value/>
        </Data>
        <Data name="fid">
          <value>66</value>
        </Data>
        <Data name="FType">
          <value>0</value>
        </Data>
        <Data name="Owner">
          <value>DTE</value>
        </Data>
        <Data name="Usage">
          <value>Ped02</value>
        </Data>
        <Data name="Status">
          <value>In Use</value>
        </Data>
        <Data name="Surface">
          <value>Bare</value>
        </Data>
        <Data name="Restriction">
          <value>General</value>
        </Data>
        <Data name="Lanes">
          <value>0</value>
        </Data>
        <Data name="GlobalID">
          <value>{3C8F2AC1-87AE-451B-9178-BE3BCB8E193B}</value>
        </Data>
        <Data name="created_user">
          <value>WELNIG</value>
        </Data>
        <Data name="last_edited_user">
          <value>WELNIG</value>
        </Data>
        <Data name="VehicleTravel">
          <value>Unknown</value>
        </Data>
        <Data name="VehicleRequirement">
          <value>Unknown</value>
        </Data>
        <Data name="VehicleLimitation">
          <value>Not Accessible with Vehicle</value>
        </Data>
        <Data name="SHAPE_Length">
          <value>67.0983243763</value>
        </Data>
        <Data name="Source">
          <value/>
        </Data>
      </ExtendedData>
      <LineString>
        <tessellate>1</tessellate>
        <coordinates>
          144.139787,-35.13261,0
          144.139827,-35.132759,0
          144.13991,-35.132909,0
          144.140059,-35.133036,0
        </coordinates>
      </LineString>
    </Placemark>
    <Placemark>
      <name>NULL</name>
      <description><![CDATA[description: <br>fid: 67<br>FType: 0<br>Owner: DTE<br>Usage: Mixed<br>Status: In Use<br>Surface: Sand<br>Restriction: General<br>Lanes: 0<br>GlobalID: {2CB41637-5538-448A-A0C0-BDD074CEF3C0}<br>created_user: WELNIG<br>last_edited_user: WELNIG<br>VehicleTravel: Passing Possible<br>VehicleRequirement: Unknown<br>VehicleLimitation: Small and Large Vehicles<br>SHAPE_Length: 162.57550703<br>Source: ]]></description>
      <styleUrl>#line-FF5252-2163</styleUrl>
      <ExtendedData>
        <Data name="description">
          <value/>
        </Data>
        <Data name="fid">
          <value>67</value>
        </Data>
        <Data name="FType">
          <value>0</value>
        </Data>
        <Data name="Owner">
          <value>DTE</value>
        </Data>
        <Data name="Usage">
          <value>Mixed</value>
        </Data>
        <Data name="Status">
          <value>In Use</value>
        </Data>
        <Data name="Surface">
          <value>Sand</value>
        </Data>
        <Data name="Restriction">
          <value>General</value>
        </Data>
        <Data name="Lanes">
          <value>0</value>
        </Data>
        <Data name="GlobalID">
          <value>{2CB41637-5538-448A-A0C0-BDD074CEF3C0}</value>
        </Data>
        <Data name="created_user">
          <value>WELNIG</value>
        </Data>
        <Data name="last_edited_user">
          <value>WELNIG</value>
        </Data>
        <Data name="VehicleTravel">
          <value>Passing Possible</value>
        </Data>
        <Data name="VehicleRequirement">
          <value>Unknown</value>
        </Data>
        <Data name="VehicleLimitation">
          <value>Small and Large Vehicles</value>
        </Data>
        <Data name="SHAPE_Length">
          <value>162.57550703</value>
        </Data>
        <Data name="Source">
          <value/>
        </Data>
      </ExtendedData>
      <LineString>
        <tessellate>1</tessellate>
        <coordinates>
          144.141039,-35.135642,0
          144.141267,-35.135437,0
          144.141407,-35.135276,0
          144.14152,-35.135204,0
          144.141716,-35.135119,0
          144.141958,-35.135013,0
          144.142194,-35.134978,0
        </coordinates>
      </LineString>
    </Placemark>
    <Placemark>
      <name>NULL</name>
      <description><![CDATA[description: <br>fid: 68<br>FType: 0<br>Owner: DTE<br>Usage: Mixed<br>Status: In Use<br>Surface: Bare<br>Restriction: General<br>Lanes: 0<br>GlobalID: {3A06D456-3E2E-4F89-BA63-1A4F76B873FC}<br>created_user: WELNIG<br>last_edited_user: WELNIG<br>VehicleTravel: Passing Possible<br>VehicleRequirement: Unknown<br>VehicleLimitation: Not Accessible with Vehicle<br>SHAPE_Length: 159.021485991<br>Source: ]]></description>
      <styleUrl>#line-FF5252-2163</styleUrl>
      <ExtendedData>
        <Data name="description">
          <value/>
        </Data>
        <Data name="fid">
          <value>68</value>
        </Data>
        <Data name="FType">
          <value>0</value>
        </Data>
        <Data name="Owner">
          <value>DTE</value>
        </Data>
        <Data name="Usage">
          <value>Mixed</value>
        </Data>
        <Data name="Status">
          <value>In Use</value>
        </Data>
        <Data name="Surface">
          <value>Bare</value>
        </Data>
        <Data name="Restriction">
          <value>General</value>
        </Data>
        <Data name="Lanes">
          <value>0</value>
        </Data>
        <Data name="GlobalID">
          <value>{3A06D456-3E2E-4F89-BA63-1A4F76B873FC}</value>
        </Data>
        <Data name="created_user">
          <value>WELNIG</value>
        </Data>
        <Data name="last_edited_user">
          <value>WELNIG</value>
        </Data>
        <Data name="VehicleTravel">
          <value>Passing Possible</value>
        </Data>
        <Data name="VehicleRequirement">
          <value>Unknown</value>
        </Data>
        <Data name="VehicleLimitation">
          <value>Not Accessible with Vehicle</value>
        </Data>
        <Data name="SHAPE_Length">
          <value>159.021485991</value>
        </Data>
        <Data name="Source">
          <value/>
        </Data>
      </ExtendedData>
      <LineString>
        <tessellate>1</tessellate>
        <coordinates>
          144.144469,-35.132812,0
          144.144727,-35.13273,0
          144.14492,-35.132549,0
          144.145091,-35.132351,0
          144.14536,-35.131948,0
        </coordinates>
      </LineString>
    </Placemark>
    <Placemark>
      <name>NULL</name>
      <description><![CDATA[description: <br>fid: 69<br>FType: 0<br>Owner: DTE<br>Usage: Mixed<br>Status: In Use<br>Surface: Bare<br>Restriction: General<br>Lanes: 0<br>GlobalID: {C8DA9367-643B-468E-8876-7A21845D2207}<br>created_user: WELNIG<br>last_edited_user: WELNIG<br>VehicleTravel: Passing Possible<br>VehicleRequirement: Unknown<br>VehicleLimitation: Small and Large Vehicles<br>SHAPE_Length: 299.835193062<br>Source: ]]></description>
      <styleUrl>#line-FF5252-2163</styleUrl>
      <ExtendedData>
        <Data name="description">
          <value/>
        </Data>
        <Data name="fid">
          <value>69</value>
        </Data>
        <Data name="FType">
          <value>0</value>
        </Data>
        <Data name="Owner">
          <value>DTE</value>
        </Data>
        <Data name="Usage">
          <value>Mixed</value>
        </Data>
        <Data name="Status">
          <value>In Use</value>
        </Data>
        <Data name="Surface">
          <value>Bare</value>
        </Data>
        <Data name="Restriction">
          <value>General</value>
        </Data>
        <Data name="Lanes">
          <value>0</value>
        </Data>
        <Data name="GlobalID">
          <value>{C8DA9367-643B-468E-8876-7A21845D2207}</value>
        </Data>
        <Data name="created_user">
          <value>WELNIG</value>
        </Data>
        <Data name="last_edited_user">
          <value>WELNIG</value>
        </Data>
        <Data name="VehicleTravel">
          <value>Passing Possible</value>
        </Data>
        <Data name="VehicleRequirement">
          <value>Unknown</value>
        </Data>
        <Data name="VehicleLimitation">
          <value>Small and Large Vehicles</value>
        </Data>
        <Data name="SHAPE_Length">
          <value>299.835193062</value>
        </Data>
        <Data name="Source">
          <value/>
        </Data>
      </ExtendedData>
      <LineString>
        <tessellate>1</tessellate>
        <coordinates>
          144.144469,-35.132812,0
          144.144495,-35.132881,0
          144.144465,-35.133056,0
          144.144434,-35.133116,0
          144.144374,-35.133223,0
          144.144348,-35.13333,0
          144.144289,-35.133459,0
          144.144203,-35.133718,0
          144.144178,-35.133797,0
          144.144157,-35.133922,0
          144.144136,-35.134004,0
          144.144118,-35.134132,0
          144.144096,-35.134284,0
          144.144057,-35.134415,0
          144.144018,-35.134549,0
          144.143954,-35.134715,0
          144.143842,-35.134932,0
        </coordinates>
      </LineString>
    </Placemark>
    <Placemark>
      <name>NULL</name>
      <description><![CDATA[description: <br>fid: 70<br>FType: 0<br>Owner: DTE<br>Usage: Mixed<br>Status: In Use<br>Surface: Bare<br>Restriction: General<br>Lanes: 0<br>GlobalID: {5D291FAD-8EEC-46EB-905C-7506209C0170}<br>created_user: WELNIG<br>last_edited_user: WELNIG<br>VehicleTravel: Passing Possible<br>VehicleRequirement: Unknown<br>VehicleLimitation: Small and Large Vehicles<br>SHAPE_Length: 122.111511015<br>Source: ]]></description>
      <styleUrl>#line-FF5252-2163</styleUrl>
      <ExtendedData>
        <Data name="description">
          <value/>
        </Data>
        <Data name="fid">
          <value>70</value>
        </Data>
        <Data name="FType">
          <value>0</value>
        </Data>
        <Data name="Owner">
          <value>DTE</value>
        </Data>
        <Data name="Usage">
          <value>Mixed</value>
        </Data>
        <Data name="Status">
          <value>In Use</value>
        </Data>
        <Data name="Surface">
          <value>Bare</value>
        </Data>
        <Data name="Restriction">
          <value>General</value>
        </Data>
        <Data name="Lanes">
          <value>0</value>
        </Data>
        <Data name="GlobalID">
          <value>{5D291FAD-8EEC-46EB-905C-7506209C0170}</value>
        </Data>
        <Data name="created_user">
          <value>WELNIG</value>
        </Data>
        <Data name="last_edited_user">
          <value>WELNIG</value>
        </Data>
        <Data name="VehicleTravel">
          <value>Passing Possible</value>
        </Data>
        <Data name="VehicleRequirement">
          <value>Unknown</value>
        </Data>
        <Data name="VehicleLimitation">
          <value>Small and Large Vehicles</value>
        </Data>
        <Data name="SHAPE_Length">
          <value>122.111511015</value>
        </Data>
        <Data name="Source">
          <value/>
        </Data>
      </ExtendedData>
      <LineString>
        <tessellate>1</tessellate>
        <coordinates>
          144.14385,-35.135453,0
          144.143997,-35.135164,0
          144.144197,-35.134889,0
          144.144306,-35.13464,0
        </coordinates>
      </LineString>
    </Placemark>
    <Placemark>
      <name>NULL</name>
      <description><![CDATA[description: <br>fid: 71<br>FType: 0<br>Owner: DTE<br>Usage: Mixed<br>Status: In Use<br>Surface: Bare<br>Restriction: General<br>Lanes: 0<br>GlobalID: {30017B87-EC95-43C9-8C43-4F2EB0C68D31}<br>created_user: WELNIG<br>last_edited_user: WELNIG<br>VehicleTravel: Passing Possible<br>VehicleRequirement: Unknown<br>VehicleLimitation: Small and Large Vehicles<br>SHAPE_Length: 28.0150352562<br>Source: ]]></description>
      <styleUrl>#line-FF5252-2163</styleUrl>
      <ExtendedData>
        <Data name="description">
          <value/>
        </Data>
        <Data name="fid">
          <value>71</value>
        </Data>
        <Data name="FType">
          <value>0</value>
        </Data>
        <Data name="Owner">
          <value>DTE</value>
        </Data>
        <Data name="Usage">
          <value>Mixed</value>
        </Data>
        <Data name="Status">
          <value>In Use</value>
        </Data>
        <Data name="Surface">
          <value>Bare</value>
        </Data>
        <Data name="Restriction">
          <value>General</value>
        </Data>
        <Data name="Lanes">
          <value>0</value>
        </Data>
        <Data name="GlobalID">
          <value>{30017B87-EC95-43C9-8C43-4F2EB0C68D31}</value>
        </Data>
        <Data name="created_user">
          <value>WELNIG</value>
        </Data>
        <Data name="last_edited_user">
          <value>WELNIG</value>
        </Data>
        <Data name="VehicleTravel">
          <value>Passing Possible</value>
        </Data>
        <Data name="VehicleRequirement">
          <value>Unknown</value>
        </Data>
        <Data name="VehicleLimitation">
          <value>Small and Large Vehicles</value>
        </Data>
        <Data name="SHAPE_Length">
          <value>28.0150352562</value>
        </Data>
        <Data name="Source">
          <value/>
        </Data>
      </ExtendedData>
      <LineString>
        <tessellate>1</tessellate>
        <coordinates>
          144.141189,-35.134205,0
          144.14144,-35.134215,0
        </coordinates>
      </LineString>
    </Placemark>
    <Placemark>
      <name>NULL</name>
      <description><![CDATA[description: <br>fid: 72<br>FType: 0<br>Owner: DTE<br>Usage: Mixed<br>Status: In Use<br>Surface: Bare<br>Restriction: General<br>Lanes: 1<br>GlobalID: {54708272-8B89-40B0-AEE6-5386DEBE742A}<br>created_user: WELNIG<br>last_edited_user: WELNIG<br>VehicleTravel: Constricted<br>VehicleRequirement: NULL<br>VehicleLimitation: Not Accessible with Vehicle<br>SHAPE_Length: 16.1090914661<br>Source: ]]></description>
      <styleUrl>#line-FF5252-2163</styleUrl>
      <ExtendedData>
        <Data name="description">
          <value/>
        </Data>
        <Data name="fid">
          <value>72</value>
        </Data>
        <Data name="FType">
          <value>0</value>
        </Data>
        <Data name="Owner">
          <value>DTE</value>
        </Data>
        <Data name="Usage">
          <value>Mixed</value>
        </Data>
        <Data name="Status">
          <value>In Use</value>
        </Data>
        <Data name="Surface">
          <value>Bare</value>
        </Data>
        <Data name="Restriction">
          <value>General</value>
        </Data>
        <Data name="Lanes">
          <value>1</value>
        </Data>
        <Data name="GlobalID">
          <value>{54708272-8B89-40B0-AEE6-5386DEBE742A}</value>
        </Data>
        <Data name="created_user">
          <value>WELNIG</value>
        </Data>
        <Data name="last_edited_user">
          <value>WELNIG</value>
        </Data>
        <Data name="VehicleTravel">
          <value>Constricted</value>
        </Data>
        <Data name="VehicleRequirement">
          <value>NULL</value>
        </Data>
        <Data name="VehicleLimitation">
          <value>Not Accessible with Vehicle</value>
        </Data>
        <Data name="SHAPE_Length">
          <value>16.1090914661</value>
        </Data>
        <Data name="Source">
          <value/>
        </Data>
      </ExtendedData>
      <LineString>
        <tessellate>1</tessellate>
        <coordinates>
          144.141563,-35.133309,0
          144.141539,-35.133276,0
          144.14151,-35.133238,0
          144.141511,-35.133203,0
        </coordinates>
      </LineString>
    </Placemark>
    <Placemark>
      <name>NULL</name>
      <description><![CDATA[description: <br>fid: 73<br>FType: 0<br>Owner: DTE<br>Usage: Mixed<br>Status: In Use<br>Surface: Bare<br>Restriction: General<br>Lanes: 1<br>GlobalID: {DDC13AA2-39C3-4C93-BE9A-5225C6225E9F}<br>created_user: WELNIG<br>last_edited_user: WELNIG<br>VehicleTravel: Passing Possible<br>VehicleRequirement: NULL<br>VehicleLimitation: Small Vehicle Only<br>SHAPE_Length: 29.1805529777<br>Source: ]]></description>
      <styleUrl>#line-FF5252-2163</styleUrl>
      <ExtendedData>
        <Data name="description">
          <value/>
        </Data>
        <Data name="fid">
          <value>73</value>
        </Data>
        <Data name="FType">
          <value>0</value>
        </Data>
        <Data name="Owner">
          <value>DTE</value>
        </Data>
        <Data name="Usage">
          <value>Mixed</value>
        </Data>
        <Data name="Status">
          <value>In Use</value>
        </Data>
        <Data name="Surface">
          <value>Bare</value>
        </Data>
        <Data name="Restriction">
          <value>General</value>
        </Data>
        <Data name="Lanes">
          <value>1</value>
        </Data>
        <Data name="GlobalID">
          <value>{DDC13AA2-39C3-4C93-BE9A-5225C6225E9F}</value>
        </Data>
        <Data name="created_user">
          <value>WELNIG</value>
        </Data>
        <Data name="last_edited_user">
          <value>WELNIG</value>
        </Data>
        <Data name="VehicleTravel">
          <value>Passing Possible</value>
        </Data>
        <Data name="VehicleRequirement">
          <value>NULL</value>
        </Data>
        <Data name="VehicleLimitation">
          <value>Small Vehicle Only</value>
        </Data>
        <Data name="SHAPE_Length">
          <value>29.1805529777</value>
        </Data>
        <Data name="Source">
          <value/>
        </Data>
      </ExtendedData>
      <LineString>
        <tessellate>1</tessellate>
        <coordinates>
          144.140751,-35.134804,0
          144.140759,-35.134808,0
          144.140829,-35.134832,0
          144.140884,-35.134837,0
          144.141004,-35.134822,0
        </coordinates>
      </LineString>
    </Placemark>
    <Placemark>
      <name>NULL</name>
      <description><![CDATA[description: <br>fid: 74<br>FType: 0<br>Owner: DTE<br>Usage: Ped02<br>Status: In Use<br>Surface: Bare<br>Restriction: General<br>Lanes: 0<br>GlobalID: {0FDEC59C-226E-427F-913C-B579B220064E}<br>created_user: WELNIG<br>last_edited_user: WELNIG<br>VehicleTravel: Unknown<br>VehicleRequirement: NA<br>VehicleLimitation: Not Accessible with Vehicle<br>SHAPE_Length: 173.223850784<br>Source: ]]></description>
      <styleUrl>#line-FF5252-2163</styleUrl>
      <ExtendedData>
        <Data name="description">
          <value/>
        </Data>
        <Data name="fid">
          <value>74</value>
        </Data>
        <Data name="FType">
          <value>0</value>
        </Data>
        <Data name="Owner">
          <value>DTE</value>
        </Data>
        <Data name="Usage">
          <value>Ped02</value>
        </Data>
        <Data name="Status">
          <value>In Use</value>
        </Data>
        <Data name="Surface">
          <value>Bare</value>
        </Data>
        <Data name="Restriction">
          <value>General</value>
        </Data>
        <Data name="Lanes">
          <value>0</value>
        </Data>
        <Data name="GlobalID">
          <value>{0FDEC59C-226E-427F-913C-B579B220064E}</value>
        </Data>
        <Data name="created_user">
          <value>WELNIG</value>
        </Data>
        <Data name="last_edited_user">
          <value>WELNIG</value>
        </Data>
        <Data name="VehicleTravel">
          <value>Unknown</value>
        </Data>
        <Data name="VehicleRequirement">
          <value>NA</value>
        </Data>
        <Data name="VehicleLimitation">
          <value>Not Accessible with Vehicle</value>
        </Data>
        <Data name="SHAPE_Length">
          <value>173.223850784</value>
        </Data>
        <Data name="Source">
          <value/>
        </Data>
      </ExtendedData>
      <LineString>
        <tessellate>1</tessellate>
        <coordinates>
          144.138718,-35.132795,0
          144.138538,-35.132701,0
          144.138341,-35.132677,0
          144.138269,-35.13272,0
          144.138264,-35.132831,0
          144.13824,-35.132937,0
          144.138143,-35.133013,0
          144.138055,-35.133081,0
          144.13797,-35.133149,0
          144.137917,-35.133243,0
          144.137931,-35.133352,0
          144.137993,-35.133465,0
        </coordinates>
      </LineString>
    </Placemark>
    <Placemark>
      <name>NULL</name>
      <description><![CDATA[description: <br>fid: 75<br>FType: 0<br>Owner: DTE<br>Usage: Ped02<br>Status: In Use<br>Surface: Bare<br>Restriction: General<br>Lanes: 0<br>GlobalID: {FEFBFF8F-3AF3-43DB-817F-08B001BADD4A}<br>created_user: WELNIG<br>last_edited_user: WELNIG<br>VehicleTravel: NA<br>VehicleRequirement: NA<br>VehicleLimitation: Not Accessible with Vehicle<br>SHAPE_Length: 192.127747377<br>Source: ]]></description>
      <styleUrl>#line-FF5252-2163</styleUrl>
      <ExtendedData>
        <Data name="description">
          <value/>
        </Data>
        <Data name="fid">
          <value>75</value>
        </Data>
        <Data name="FType">
          <value>0</value>
        </Data>
        <Data name="Owner">
          <value>DTE</value>
        </Data>
        <Data name="Usage">
          <value>Ped02</value>
        </Data>
        <Data name="Status">
          <value>In Use</value>
        </Data>
        <Data name="Surface">
          <value>Bare</value>
        </Data>
        <Data name="Restriction">
          <value>General</value>
        </Data>
        <Data name="Lanes">
          <value>0</value>
        </Data>
        <Data name="GlobalID">
          <value>{FEFBFF8F-3AF3-43DB-817F-08B001BADD4A}</value>
        </Data>
        <Data name="created_user">
          <value>WELNIG</value>
        </Data>
        <Data name="last_edited_user">
          <value>WELNIG</value>
        </Data>
        <Data name="VehicleTravel">
          <value>NA</value>
        </Data>
        <Data name="VehicleRequirement">
          <value>NA</value>
        </Data>
        <Data name="VehicleLimitation">
          <value>Not Accessible with Vehicle</value>
        </Data>
        <Data name="SHAPE_Length">
          <value>192.127747377</value>
        </Data>
        <Data name="Source">
          <value/>
        </Data>
      </ExtendedData>
      <LineString>
        <tessellate>1</tessellate>
        <coordinates>
          144.139363,-35.133436,0
          144.139527,-35.133576,0
          144.13962,-35.13376,0
          144.139592,-35.133967,0
          144.139567,-35.134058,0
          144.13946,-35.134183,0
          144.139432,-35.13433,0
          144.139402,-35.134429,0
          144.139371,-35.134553,0
          144.13938,-35.13474,0
        </coordinates>
      </LineString>
    </Placemark>
    <Placemark>
      <name>NULL</name>
      <description><![CDATA[description: <br>fid: 76<br>FType: 0<br>Owner: DTE<br>Usage: Ped02<br>Status: In Use<br>Surface: Bare<br>Restriction: General<br>Lanes: 0<br>GlobalID: {DC201CE7-315B-4274-B86E-0CE9B23E8514}<br>created_user: WELNIG<br>last_edited_user: WELNIG<br>VehicleTravel: Unknown<br>VehicleRequirement: NA<br>VehicleLimitation: Not Accessible with Vehicle<br>SHAPE_Length: 113.465065748<br>Source: ]]></description>
      <styleUrl>#line-FF5252-2163</styleUrl>
      <ExtendedData>
        <Data name="description">
          <value/>
        </Data>
        <Data name="fid">
          <value>76</value>
        </Data>
        <Data name="FType">
          <value>0</value>
        </Data>
        <Data name="Owner">
          <value>DTE</value>
        </Data>
        <Data name="Usage">
          <value>Ped02</value>
        </Data>
        <Data name="Status">
          <value>In Use</value>
        </Data>
        <Data name="Surface">
          <value>Bare</value>
        </Data>
        <Data name="Restriction">
          <value>General</value>
        </Data>
        <Data name="Lanes">
          <value>0</value>
        </Data>
        <Data name="GlobalID">
          <value>{DC201CE7-315B-4274-B86E-0CE9B23E8514}</value>
        </Data>
        <Data name="created_user">
          <value>WELNIG</value>
        </Data>
        <Data name="last_edited_user">
          <value>WELNIG</value>
        </Data>
        <Data name="VehicleTravel">
          <value>Unknown</value>
        </Data>
        <Data name="VehicleRequirement">
          <value>NA</value>
        </Data>
        <Data name="VehicleLimitation">
          <value>Not Accessible with Vehicle</value>
        </Data>
        <Data name="SHAPE_Length">
          <value>113.465065748</value>
        </Data>
        <Data name="Source">
          <value/>
        </Data>
      </ExtendedData>
      <LineString>
        <tessellate>1</tessellate>
        <coordinates>
          144.139363,-35.133436,0
          144.138974,-35.132996,0
          144.138718,-35.132795,0
        </coordinates>
      </LineString>
    </Placemark>
    <Placemark>
      <name>NULL</name>
      <description><![CDATA[description: <br>fid: 77<br>FType: 0<br>Owner: DTE<br>Usage: Motorised<br>Status: In Use<br>Surface: Bare<br>Restriction: Staff<br>Lanes: 2<br>GlobalID: {D339D21A-0FFF-4CBD-907D-03F1BA8AB878}<br>created_user: WELNIG<br>last_edited_user: WELNIG<br>VehicleTravel: Passing Possible<br>VehicleRequirement: No Requirements<br>VehicleLimitation: Small and Large Vehicles<br>SHAPE_Length: 226.936338099<br>Source: ]]></description>
      <styleUrl>#line-FF5252-2163</styleUrl>
      <ExtendedData>
        <Data name="description">
          <value/>
        </Data>
        <Data name="fid">
          <value>77</value>
        </Data>
        <Data name="FType">
          <value>0</value>
        </Data>
        <Data name="Owner">
          <value>DTE</value>
        </Data>
        <Data name="Usage">
          <value>Motorised</value>
        </Data>
        <Data name="Status">
          <value>In Use</value>
        </Data>
        <Data name="Surface">
          <value>Bare</value>
        </Data>
        <Data name="Restriction">
          <value>Staff</value>
        </Data>
        <Data name="Lanes">
          <value>2</value>
        </Data>
        <Data name="GlobalID">
          <value>{D339D21A-0FFF-4CBD-907D-03F1BA8AB878}</value>
        </Data>
        <Data name="created_user">
          <value>WELNIG</value>
        </Data>
        <Data name="last_edited_user">
          <value>WELNIG</value>
        </Data>
        <Data name="VehicleTravel">
          <value>Passing Possible</value>
        </Data>
        <Data name="VehicleRequirement">
          <value>No Requirements</value>
        </Data>
        <Data name="VehicleLimitation">
          <value>Small and Large Vehicles</value>
        </Data>
        <Data name="SHAPE_Length">
          <value>226.936338099</value>
        </Data>
        <Data name="Source">
          <value/>
        </Data>
      </ExtendedData>
      <LineString>
        <tessellate>1</tessellate>
        <coordinates>
          144.145355,-35.131366,0
          144.145315,-35.131179,0
          144.145282,-35.131085,0
          144.145255,-35.131007,0
          144.145177,-35.130816,0
          144.14513,-35.130725,0
          144.145079,-35.130615,0
          144.145012,-35.130502,0
          144.144938,-35.130382,0
          144.144769,-35.130167,0
          144.144544,-35.129939,0
          144.144475,-35.129893,0
        </coordinates>
      </LineString>
    </Placemark>
    <Placemark>
      <name>NULL</name>
      <description><![CDATA[description: <br>fid: 78<br>FType: 0<br>Owner: DTE<br>Usage: Ped02<br>Status: In Use<br>Surface: Bare<br>Restriction: General<br>Lanes: 1<br>GlobalID: {5772A648-D07E-48BD-A98D-44793CC8CF7C}<br>created_user: WELNIG<br>last_edited_user: WELNIG<br>VehicleTravel: Constricted<br>VehicleRequirement: No Requirements<br>VehicleLimitation: Small Vehicle Only<br>SHAPE_Length: 57.2249278043<br>Source: ]]></description>
      <styleUrl>#line-FF5252-2163</styleUrl>
      <ExtendedData>
        <Data name="description">
          <value/>
        </Data>
        <Data name="fid">
          <value>78</value>
        </Data>
        <Data name="FType">
          <value>0</value>
        </Data>
        <Data name="Owner">
          <value>DTE</value>
        </Data>
        <Data name="Usage">
          <value>Ped02</value>
        </Data>
        <Data name="Status">
          <value>In Use</value>
        </Data>
        <Data name="Surface">
          <value>Bare</value>
        </Data>
        <Data name="Restriction">
          <value>General</value>
        </Data>
        <Data name="Lanes">
          <value>1</value>
        </Data>
        <Data name="GlobalID">
          <value>{5772A648-D07E-48BD-A98D-44793CC8CF7C}</value>
        </Data>
        <Data name="created_user">
          <value>WELNIG</value>
        </Data>
        <Data name="last_edited_user">
          <value>WELNIG</value>
        </Data>
        <Data name="VehicleTravel">
          <value>Constricted</value>
        </Data>
        <Data name="VehicleRequirement">
          <value>No Requirements</value>
        </Data>
        <Data name="VehicleLimitation">
          <value>Small Vehicle Only</value>
        </Data>
        <Data name="SHAPE_Length">
          <value>57.2249278043</value>
        </Data>
        <Data name="Source">
          <value/>
        </Data>
      </ExtendedData>
      <LineString>
        <tessellate>1</tessellate>
        <coordinates>
          144.138453,-35.136834,0
          144.138292,-35.136908,0
          144.137963,-35.136905,0
        </coordinates>
      </LineString>
    </Placemark>
    <Placemark>
      <name>NULL</name>
      <description><![CDATA[description: <br>fid: 79<br>FType: 0<br>Owner: DTE<br>Usage: Ped02<br>Status: In Use<br>Surface: Bare<br>Restriction: General<br>Lanes: 0<br>GlobalID: {E44B3CFB-0BA4-4503-B63E-07449F1177D6}<br>created_user: WELNIG<br>last_edited_user: WELNIG<br>VehicleTravel: Unknown<br>VehicleRequirement: Unknown<br>VehicleLimitation: Not Accessible with Vehicle<br>SHAPE_Length: 126.244231382<br>Source: ]]></description>
      <styleUrl>#line-FF5252-2163</styleUrl>
      <ExtendedData>
        <Data name="description">
          <value/>
        </Data>
        <Data name="fid">
          <value>79</value>
        </Data>
        <Data name="FType">
          <value>0</value>
        </Data>
        <Data name="Owner">
          <value>DTE</value>
        </Data>
        <Data name="Usage">
          <value>Ped02</value>
        </Data>
        <Data name="Status">
          <value>In Use</value>
        </Data>
        <Data name="Surface">
          <value>Bare</value>
        </Data>
        <Data name="Restriction">
          <value>General</value>
        </Data>
        <Data name="Lanes">
          <value>0</value>
        </Data>
        <Data name="GlobalID">
          <value>{E44B3CFB-0BA4-4503-B63E-07449F1177D6}</value>
        </Data>
        <Data name="created_user">
          <value>WELNIG</value>
        </Data>
        <Data name="last_edited_user">
          <value>WELNIG</value>
        </Data>
        <Data name="VehicleTravel">
          <value>Unknown</value>
        </Data>
        <Data name="VehicleRequirement">
          <value>Unknown</value>
        </Data>
        <Data name="VehicleLimitation">
          <value>Not Accessible with Vehicle</value>
        </Data>
        <Data name="SHAPE_Length">
          <value>126.244231382</value>
        </Data>
        <Data name="Source">
          <value/>
        </Data>
      </ExtendedData>
      <LineString>
        <tessellate>1</tessellate>
        <coordinates>
          144.137806,-35.133768,0
          144.137892,-35.133558,0
          144.138094,-35.133373,0
          144.138349,-35.13331,0
          144.13864,-35.133286,0
        </coordinates>
      </LineString>
    </Placemark>
    <Placemark>
      <name>NULL</name>
      <description><![CDATA[description: <br>fid: 80<br>FType: 0<br>Owner: DTE<br>Usage: Ped02<br>Status: In Use<br>Surface: Bare<br>Restriction: General<br>Lanes: 0<br>GlobalID: {59B6FA86-9CFE-4EAB-8179-00BE69E8BCFA}<br>created_user: WELNIG<br>last_edited_user: WELNIG<br>VehicleTravel: Unknown<br>VehicleRequirement: Unknown<br>VehicleLimitation: Not Accessible with Vehicle<br>SHAPE_Length: 201.768985438<br>Source: ]]></description>
      <styleUrl>#line-FF5252-2163</styleUrl>
      <ExtendedData>
        <Data name="description">
          <value/>
        </Data>
        <Data name="fid">
          <value>80</value>
        </Data>
        <Data name="FType">
          <value>0</value>
        </Data>
        <Data name="Owner">
          <value>DTE</value>
        </Data>
        <Data name="Usage">
          <value>Ped02</value>
        </Data>
        <Data name="Status">
          <value>In Use</value>
        </Data>
        <Data name="Surface">
          <value>Bare</value>
        </Data>
        <Data name="Restriction">
          <value>General</value>
        </Data>
        <Data name="Lanes">
          <value>0</value>
        </Data>
        <Data name="GlobalID">
          <value>{59B6FA86-9CFE-4EAB-8179-00BE69E8BCFA}</value>
        </Data>
        <Data name="created_user">
          <value>WELNIG</value>
        </Data>
        <Data name="last_edited_user">
          <value>WELNIG</value>
        </Data>
        <Data name="VehicleTravel">
          <value>Unknown</value>
        </Data>
        <Data name="VehicleRequirement">
          <value>Unknown</value>
        </Data>
        <Data name="VehicleLimitation">
          <value>Not Accessible with Vehicle</value>
        </Data>
        <Data name="SHAPE_Length">
          <value>201.768985438</value>
        </Data>
        <Data name="Source">
          <value/>
        </Data>
      </ExtendedData>
      <LineString>
        <tessellate>1</tessellate>
        <coordinates>
          144.13864,-35.133286,0
          144.138736,-35.133198,0
          144.138741,-35.133082,0
          144.138688,-35.13297,0
          144.138718,-35.132795,0
          144.138878,-35.132673,0
          144.138991,-35.132625,0
          144.13911,-35.132625,0
          144.139235,-35.132654,0
          144.139336,-35.132683,0
          144.139502,-35.132659,0
          144.139686,-35.132615,0
          144.139787,-35.13261,0
        </coordinates>
      </LineString>
    </Placemark>
    <Placemark>
      <name>NULL</name>
      <description><![CDATA[description: <br>fid: 81<br>FType: 0<br>Owner: DTE<br>Usage: Mixed<br>Status: In Use<br>Surface: Bare<br>Restriction: General<br>Lanes: 1<br>GlobalID: {DBCB0D10-0845-48C7-9BD8-1DA452A0D486}<br>created_user: WELNIG<br>last_edited_user: WELNIG<br>VehicleTravel: NA<br>VehicleRequirement: NULL<br>VehicleLimitation: Not Accessible with Vehicle<br>SHAPE_Length: 91.923405812<br>Source: ]]></description>
      <styleUrl>#line-FF5252-2163</styleUrl>
      <ExtendedData>
        <Data name="description">
          <value/>
        </Data>
        <Data name="fid">
          <value>81</value>
        </Data>
        <Data name="FType">
          <value>0</value>
        </Data>
        <Data name="Owner">
          <value>DTE</value>
        </Data>
        <Data name="Usage">
          <value>Mixed</value>
        </Data>
        <Data name="Status">
          <value>In Use</value>
        </Data>
        <Data name="Surface">
          <value>Bare</value>
        </Data>
        <Data name="Restriction">
          <value>General</value>
        </Data>
        <Data name="Lanes">
          <value>1</value>
        </Data>
        <Data name="GlobalID">
          <value>{DBCB0D10-0845-48C7-9BD8-1DA452A0D486}</value>
        </Data>
        <Data name="created_user">
          <value>WELNIG</value>
        </Data>
        <Data name="last_edited_user">
          <value>WELNIG</value>
        </Data>
        <Data name="VehicleTravel">
          <value>NA</value>
        </Data>
        <Data name="VehicleRequirement">
          <value>NULL</value>
        </Data>
        <Data name="VehicleLimitation">
          <value>Not Accessible with Vehicle</value>
        </Data>
        <Data name="SHAPE_Length">
          <value>91.923405812</value>
        </Data>
        <Data name="Source">
          <value/>
        </Data>
      </ExtendedData>
      <LineString>
        <tessellate>1</tessellate>
        <coordinates>
          144.141511,-35.133203,0
          144.141513,-35.133166,0
          144.141619,-35.133025,0
          144.141693,-35.132923,0
          144.141716,-35.13285,0
          144.141733,-35.132691,0
          144.141747,-35.132641,0
          144.141789,-35.132583,0
        </coordinates>
      </LineString>
    </Placemark>
    <Placemark>
      <name>NULL</name>
      <description><![CDATA[description: <br>fid: 82<br>FType: 0<br>Owner: DTE<br>Usage: Mixed<br>Status: In Use<br>Surface: Bare<br>Restriction: General<br>Lanes: 1<br>GlobalID: {E25A86F5-17EB-4BFE-9969-0B9FE577FE1A}<br>created_user: WELNIG<br>last_edited_user: WELNIG<br>VehicleTravel: NA<br>VehicleRequirement: NULL<br>VehicleLimitation: Not Accessible with Vehicle<br>SHAPE_Length: 79.7580711526<br>Source: ]]></description>
      <styleUrl>#line-FF5252-2163</styleUrl>
      <ExtendedData>
        <Data name="description">
          <value/>
        </Data>
        <Data name="fid">
          <value>82</value>
        </Data>
        <Data name="FType">
          <value>0</value>
        </Data>
        <Data name="Owner">
          <value>DTE</value>
        </Data>
        <Data name="Usage">
          <value>Mixed</value>
        </Data>
        <Data name="Status">
          <value>In Use</value>
        </Data>
        <Data name="Surface">
          <value>Bare</value>
        </Data>
        <Data name="Restriction">
          <value>General</value>
        </Data>
        <Data name="Lanes">
          <value>1</value>
        </Data>
        <Data name="GlobalID">
          <value>{E25A86F5-17EB-4BFE-9969-0B9FE577FE1A}</value>
        </Data>
        <Data name="created_user">
          <value>WELNIG</value>
        </Data>
        <Data name="last_edited_user">
          <value>WELNIG</value>
        </Data>
        <Data name="VehicleTravel">
          <value>NA</value>
        </Data>
        <Data name="VehicleRequirement">
          <value>NULL</value>
        </Data>
        <Data name="VehicleLimitation">
          <value>Not Accessible with Vehicle</value>
        </Data>
        <Data name="SHAPE_Length">
          <value>79.7580711526</value>
        </Data>
        <Data name="Source">
          <value/>
        </Data>
      </ExtendedData>
      <LineString>
        <tessellate>1</tessellate>
        <coordinates>
          144.142584,-35.132943,0
          144.142616,-35.133132,0
          144.142684,-35.133362,0
          144.14273,-35.133516,0
        </coordinates>
      </LineString>
    </Placemark>
    <Placemark>
      <name>NULL</name>
      <description><![CDATA[description: <br>fid: 83<br>FType: 0<br>Owner: DTE<br>Usage: Mixed<br>Status: In Use<br>Surface: Bare<br>Restriction: General<br>Lanes: 1<br>GlobalID: {DDC89CDD-E2CB-4AA5-A67B-3D998FD2F685}<br>created_user: WELNIG<br>last_edited_user: WELNIG<br>VehicleTravel: Constricted<br>VehicleRequirement: NULL<br>VehicleLimitation: Not Accessible with Vehicle<br>SHAPE_Length: 41.989652179<br>Source: ]]></description>
      <styleUrl>#line-FF5252-2163</styleUrl>
      <ExtendedData>
        <Data name="description">
          <value/>
        </Data>
        <Data name="fid">
          <value>83</value>
        </Data>
        <Data name="FType">
          <value>0</value>
        </Data>
        <Data name="Owner">
          <value>DTE</value>
        </Data>
        <Data name="Usage">
          <value>Mixed</value>
        </Data>
        <Data name="Status">
          <value>In Use</value>
        </Data>
        <Data name="Surface">
          <value>Bare</value>
        </Data>
        <Data name="Restriction">
          <value>General</value>
        </Data>
        <Data name="Lanes">
          <value>1</value>
        </Data>
        <Data name="GlobalID">
          <value>{DDC89CDD-E2CB-4AA5-A67B-3D998FD2F685}</value>
        </Data>
        <Data name="created_user">
          <value>WELNIG</value>
        </Data>
        <Data name="last_edited_user">
          <value>WELNIG</value>
        </Data>
        <Data name="VehicleTravel">
          <value>Constricted</value>
        </Data>
        <Data name="VehicleRequirement">
          <value>NULL</value>
        </Data>
        <Data name="VehicleLimitation">
          <value>Not Accessible with Vehicle</value>
        </Data>
        <Data name="SHAPE_Length">
          <value>41.989652179</value>
        </Data>
        <Data name="Source">
          <value/>
        </Data>
      </ExtendedData>
      <LineString>
        <tessellate>1</tessellate>
        <coordinates>
          144.137429,-35.133784,0
          144.137621,-35.133772,0
          144.137806,-35.133768,0
        </coordinates>
      </LineString>
    </Placemark>
    <Placemark>
      <name>NULL</name>
      <description><![CDATA[description: <br>fid: 84<br>FType: 0<br>Owner: DTE<br>Usage: Mixed<br>Status: In Use<br>Surface: Bare<br>Restriction: General<br>Lanes: 1<br>GlobalID: {95FA04BA-DE42-4726-ACA5-342F1E82ADEF}<br>created_user: WELNIG<br>last_edited_user: WELNIG<br>VehicleTravel: Constricted<br>VehicleRequirement: NULL<br>VehicleLimitation: Not Accessible with Vehicle<br>SHAPE_Length: 79.0235380113<br>Source: ]]></description>
      <styleUrl>#line-FF5252-2163</styleUrl>
      <ExtendedData>
        <Data name="description">
          <value/>
        </Data>
        <Data name="fid">
          <value>84</value>
        </Data>
        <Data name="FType">
          <value>0</value>
        </Data>
        <Data name="Owner">
          <value>DTE</value>
        </Data>
        <Data name="Usage">
          <value>Mixed</value>
        </Data>
        <Data name="Status">
          <value>In Use</value>
        </Data>
        <Data name="Surface">
          <value>Bare</value>
        </Data>
        <Data name="Restriction">
          <value>General</value>
        </Data>
        <Data name="Lanes">
          <value>1</value>
        </Data>
        <Data name="GlobalID">
          <value>{95FA04BA-DE42-4726-ACA5-342F1E82ADEF}</value>
        </Data>
        <Data name="created_user">
          <value>WELNIG</value>
        </Data>
        <Data name="last_edited_user">
          <value>WELNIG</value>
        </Data>
        <Data name="VehicleTravel">
          <value>Constricted</value>
        </Data>
        <Data name="VehicleRequirement">
          <value>NULL</value>
        </Data>
        <Data name="VehicleLimitation">
          <value>Not Accessible with Vehicle</value>
        </Data>
        <Data name="SHAPE_Length">
          <value>79.0235380113</value>
        </Data>
        <Data name="Source">
          <value/>
        </Data>
      </ExtendedData>
      <LineString>
        <tessellate>1</tessellate>
        <coordinates>
          144.137806,-35.133768,0
          144.137946,-35.133743,0
          144.138086,-35.133715,0
          144.138243,-35.133726,0
          144.138429,-35.133699,0
          144.138504,-35.133701,0
        </coordinates>
      </LineString>
    </Placemark>
    <Placemark>
      <name>NULL</name>
      <description><![CDATA[description: <br>fid: 85<br>FType: 0<br>Owner: DTE<br>Usage: Mixed<br>Status: In Use<br>Surface: Bare<br>Restriction: General<br>Lanes: 1<br>GlobalID: {AD2061DA-1706-4254-B24F-A146FD5A12F9}<br>created_user: WELNIG<br>last_edited_user: WELNIG<br>VehicleTravel: Constricted<br>VehicleRequirement: NULL<br>VehicleLimitation: Not Accessible with Vehicle<br>SHAPE_Length: 26.7161117443<br>Source: ]]></description>
      <styleUrl>#line-FF5252-2163</styleUrl>
      <ExtendedData>
        <Data name="description">
          <value/>
        </Data>
        <Data name="fid">
          <value>85</value>
        </Data>
        <Data name="FType">
          <value>0</value>
        </Data>
        <Data name="Owner">
          <value>DTE</value>
        </Data>
        <Data name="Usage">
          <value>Mixed</value>
        </Data>
        <Data name="Status">
          <value>In Use</value>
        </Data>
        <Data name="Surface">
          <value>Bare</value>
        </Data>
        <Data name="Restriction">
          <value>General</value>
        </Data>
        <Data name="Lanes">
          <value>1</value>
        </Data>
        <Data name="GlobalID">
          <value>{AD2061DA-1706-4254-B24F-A146FD5A12F9}</value>
        </Data>
        <Data name="created_user">
          <value>WELNIG</value>
        </Data>
        <Data name="last_edited_user">
          <value>WELNIG</value>
        </Data>
        <Data name="VehicleTravel">
          <value>Constricted</value>
        </Data>
        <Data name="VehicleRequirement">
          <value>NULL</value>
        </Data>
        <Data name="VehicleLimitation">
          <value>Not Accessible with Vehicle</value>
        </Data>
        <Data name="SHAPE_Length">
          <value>26.7161117443</value>
        </Data>
        <Data name="Source">
          <value/>
        </Data>
      </ExtendedData>
      <LineString>
        <tessellate>1</tessellate>
        <coordinates>
          144.140059,-35.133036,0
          144.140284,-35.132967,0
        </coordinates>
      </LineString>
    </Placemark>
    <Placemark>
      <name>NULL</name>
      <description><![CDATA[description: <br>fid: 86<br>FType: 0<br>Owner: Other<br>Usage: Motorised<br>Status: In Use<br>Surface: Sand<br>Restriction: General<br>Lanes: 2<br>GlobalID: {E4F3B4F7-8339-4BBA-AE87-C47446215E5A}<br>created_user: WELNIG<br>last_edited_user: WELNIG<br>VehicleTravel: Passing Possible<br>VehicleRequirement: No Requirements<br>VehicleLimitation: Small and Large Vehicles<br>SHAPE_Length: 72.3855581679<br>Source: ]]></description>
      <styleUrl>#line-FF5252-2163</styleUrl>
      <ExtendedData>
        <Data name="description">
          <value/>
        </Data>
        <Data name="fid">
          <value>86</value>
        </Data>
        <Data name="FType">
          <value>0</value>
        </Data>
        <Data name="Owner">
          <value>Other</value>
        </Data>
        <Data name="Usage">
          <value>Motorised</value>
        </Data>
        <Data name="Status">
          <value>In Use</value>
        </Data>
        <Data name="Surface">
          <value>Sand</value>
        </Data>
        <Data name="Restriction">
          <value>General</value>
        </Data>
        <Data name="Lanes">
          <value>2</value>
        </Data>
        <Data name="GlobalID">
          <value>{E4F3B4F7-8339-4BBA-AE87-C47446215E5A}</value>
        </Data>
        <Data name="created_user">
          <value>WELNIG</value>
        </Data>
        <Data name="last_edited_user">
          <value>WELNIG</value>
        </Data>
        <Data name="VehicleTravel">
          <value>Passing Possible</value>
        </Data>
        <Data name="VehicleRequirement">
          <value>No Requirements</value>
        </Data>
        <Data name="VehicleLimitation">
          <value>Small and Large Vehicles</value>
        </Data>
        <Data name="SHAPE_Length">
          <value>72.3855581679</value>
        </Data>
        <Data name="Source">
          <value/>
        </Data>
      </ExtendedData>
      <LineString>
        <tessellate>1</tessellate>
        <coordinates>
          144.156358,-35.134631,0
          144.155831,-35.13491,0
          144.155813,-35.13492,0
        </coordinates>
      </LineString>
    </Placemark>
    <Placemark>
      <name>Sunset Drive</name>
      <description><![CDATA[description: <br>fid: 87<br>FType: 0<br>Owner: DTE<br>Usage: Motorised<br>Status: In Use<br>Surface: Sand<br>Restriction: General<br>Lanes: 2<br>GlobalID: {F2E8370A-C996-4199-ADBD-5506FD2416D0}<br>created_user: WELNIG<br>last_edited_user: WELNIG<br>VehicleTravel: Passing Possible<br>VehicleRequirement: No Requirements<br>VehicleLimitation: Small and Large Vehicles<br>SHAPE_Length: 212.891036108<br>Source: ]]></description>
      <styleUrl>#line-FF5252-2163</styleUrl>
      <ExtendedData>
        <Data name="description">
          <value/>
        </Data>
        <Data name="fid">
          <value>87</value>
        </Data>
        <Data name="FType">
          <value>0</value>
        </Data>
        <Data name="Owner">
          <value>DTE</value>
        </Data>
        <Data name="Usage">
          <value>Motorised</value>
        </Data>
        <Data name="Status">
          <value>In Use</value>
        </Data>
        <Data name="Surface">
          <value>Sand</value>
        </Data>
        <Data name="Restriction">
          <value>General</value>
        </Data>
        <Data name="Lanes">
          <value>2</value>
        </Data>
        <Data name="GlobalID">
          <value>{F2E8370A-C996-4199-ADBD-5506FD2416D0}</value>
        </Data>
        <Data name="created_user">
          <value>WELNIG</value>
        </Data>
        <Data name="last_edited_user">
          <value>WELNIG</value>
        </Data>
        <Data name="VehicleTravel">
          <value>Passing Possible</value>
        </Data>
        <Data name="VehicleRequirement">
          <value>No Requirements</value>
        </Data>
        <Data name="VehicleLimitation">
          <value>Small and Large Vehicles</value>
        </Data>
        <Data name="SHAPE_Length">
          <value>212.891036108</value>
        </Data>
        <Data name="Source">
          <value/>
        </Data>
      </ExtendedData>
      <LineString>
        <tessellate>1</tessellate>
        <coordinates>
          144.155813,-35.13492,0
          144.155226,-35.135258,0
          144.154941,-35.135433,0
          144.154673,-35.135579,0
          144.154519,-35.135647,0
          144.154465,-35.135667,0
          144.154186,-35.135701,0
        </coordinates>
      </LineString>
    </Placemark>
    <Placemark>
      <name>NULL</name>
      <description><![CDATA[description: <br>fid: 88<br>FType: 0<br>Owner: Other<br>Usage: Motorised<br>Status: In Use<br>Surface: Bare<br>Restriction: Staff<br>Lanes: 1<br>GlobalID: {027F8B64-F892-4D9A-9FF1-24C7097A877D}<br>created_user: WELNIG<br>last_edited_user: WELNIG<br>VehicleTravel: Passing Possible<br>VehicleRequirement: No Requirements<br>VehicleLimitation: Small and Large Vehicles<br>SHAPE_Length: 17.3414439497<br>Source: ]]></description>
      <styleUrl>#line-FF5252-2163</styleUrl>
      <ExtendedData>
        <Data name="description">
          <value/>
        </Data>
        <Data name="fid">
          <value>88</value>
        </Data>
        <Data name="FType">
          <value>0</value>
        </Data>
        <Data name="Owner">
          <value>Other</value>
        </Data>
        <Data name="Usage">
          <value>Motorised</value>
        </Data>
        <Data name="Status">
          <value>In Use</value>
        </Data>
        <Data name="Surface">
          <value>Bare</value>
        </Data>
        <Data name="Restriction">
          <value>Staff</value>
        </Data>
        <Data name="Lanes">
          <value>1</value>
        </Data>
        <Data name="GlobalID">
          <value>{027F8B64-F892-4D9A-9FF1-24C7097A877D}</value>
        </Data>
        <Data name="created_user">
          <value>WELNIG</value>
        </Data>
        <Data name="last_edited_user">
          <value>WELNIG</value>
        </Data>
        <Data name="VehicleTravel">
          <value>Passing Possible</value>
        </Data>
        <Data name="VehicleRequirement">
          <value>No Requirements</value>
        </Data>
        <Data name="VehicleLimitation">
          <value>Small and Large Vehicles</value>
        </Data>
        <Data name="SHAPE_Length">
          <value>17.3414439497</value>
        </Data>
        <Data name="Source">
          <value/>
        </Data>
      </ExtendedData>
      <LineString>
        <tessellate>1</tessellate>
        <coordinates>
          144.154553,-35.133384,0
          144.154704,-35.133354,0
        </coordinates>
      </LineString>
    </Placemark>
    <Placemark>
      <name>NULL</name>
      <description><![CDATA[description: <br>fid: 89<br>FType: 0<br>Owner: Other<br>Usage: Motorised<br>Status: In Use<br>Surface: Bare<br>Restriction: Staff<br>Lanes: 1<br>GlobalID: {8C4184E6-2D32-4BBD-9EE4-186AFC0493C6}<br>created_user: WELNIG<br>last_edited_user: WELNIG<br>VehicleTravel: Passing Possible<br>VehicleRequirement: No Requirements<br>VehicleLimitation: Small and Large Vehicles<br>SHAPE_Length: 111.283727055<br>Source: ]]></description>
      <styleUrl>#line-FF5252-2163</styleUrl>
      <ExtendedData>
        <Data name="description">
          <value/>
        </Data>
        <Data name="fid">
          <value>89</value>
        </Data>
        <Data name="FType">
          <value>0</value>
        </Data>
        <Data name="Owner">
          <value>Other</value>
        </Data>
        <Data name="Usage">
          <value>Motorised</value>
        </Data>
        <Data name="Status">
          <value>In Use</value>
        </Data>
        <Data name="Surface">
          <value>Bare</value>
        </Data>
        <Data name="Restriction">
          <value>Staff</value>
        </Data>
        <Data name="Lanes">
          <value>1</value>
        </Data>
        <Data name="GlobalID">
          <value>{8C4184E6-2D32-4BBD-9EE4-186AFC0493C6}</value>
        </Data>
        <Data name="created_user">
          <value>WELNIG</value>
        </Data>
        <Data name="last_edited_user">
          <value>WELNIG</value>
        </Data>
        <Data name="VehicleTravel">
          <value>Passing Possible</value>
        </Data>
        <Data name="VehicleRequirement">
          <value>No Requirements</value>
        </Data>
        <Data name="VehicleLimitation">
          <value>Small and Large Vehicles</value>
        </Data>
        <Data name="SHAPE_Length">
          <value>111.283727055</value>
        </Data>
        <Data name="Source">
          <value/>
        </Data>
      </ExtendedData>
      <LineString>
        <tessellate>1</tessellate>
        <coordinates>
          144.154704,-35.133354,0
          144.154751,-35.133156,0
          144.154716,-35.132919,0
          144.154747,-35.132543,0
        </coordinates>
      </LineString>
    </Placemark>
    <Placemark>
      <name>NULL</name>
      <description><![CDATA[description: <br>fid: 90<br>FType: 0<br>Owner: Other<br>Usage: Motorised<br>Status: In Use<br>Surface: Bare<br>Restriction: Staff<br>Lanes: 1<br>GlobalID: {46C6761E-264E-46E4-9D17-F8673F7EE7FA}<br>created_user: WELNIG<br>last_edited_user: WELNIG<br>VehicleTravel: Passing Possible<br>VehicleRequirement: No Requirements<br>VehicleLimitation: Small and Large Vehicles<br>SHAPE_Length: 105.768739358<br>Source: ]]></description>
      <styleUrl>#line-FF5252-2163</styleUrl>
      <ExtendedData>
        <Data name="description">
          <value/>
        </Data>
        <Data name="fid">
          <value>90</value>
        </Data>
        <Data name="FType">
          <value>0</value>
        </Data>
        <Data name="Owner">
          <value>Other</value>
        </Data>
        <Data name="Usage">
          <value>Motorised</value>
        </Data>
        <Data name="Status">
          <value>In Use</value>
        </Data>
        <Data name="Surface">
          <value>Bare</value>
        </Data>
        <Data name="Restriction">
          <value>Staff</value>
        </Data>
        <Data name="Lanes">
          <value>1</value>
        </Data>
        <Data name="GlobalID">
          <value>{46C6761E-264E-46E4-9D17-F8673F7EE7FA}</value>
        </Data>
        <Data name="created_user">
          <value>WELNIG</value>
        </Data>
        <Data name="last_edited_user">
          <value>WELNIG</value>
        </Data>
        <Data name="VehicleTravel">
          <value>Passing Possible</value>
        </Data>
        <Data name="VehicleRequirement">
          <value>No Requirements</value>
        </Data>
        <Data name="VehicleLimitation">
          <value>Small and Large Vehicles</value>
        </Data>
        <Data name="SHAPE_Length">
          <value>105.768739358</value>
        </Data>
        <Data name="Source">
          <value/>
        </Data>
      </ExtendedData>
      <LineString>
        <tessellate>1</tessellate>
        <coordinates>
          144.154704,-35.133354,0
          144.155031,-35.133448,0
          144.155276,-35.133511,0
          144.15556,-35.133674,0
        </coordinates>
      </LineString>
    </Placemark>
    <Placemark>
      <name>NULL</name>
      <description><![CDATA[description: <br>fid: 91<br>FType: 0<br>Owner: DTE<br>Usage: Mixed<br>Status: In Use<br>Surface: Bare<br>Restriction: General<br>Lanes: 0<br>GlobalID: {3B7A40FB-DB14-4711-90BD-5DB5CF43E5F2}<br>created_user: WELNIG<br>last_edited_user: WELNIG<br>VehicleTravel: Passing Possible<br>VehicleRequirement: Unknown<br>VehicleLimitation: Small and Large Vehicles<br>SHAPE_Length: 92.3698490485<br>Source: ]]></description>
      <styleUrl>#line-FF5252-2163</styleUrl>
      <ExtendedData>
        <Data name="description">
          <value/>
        </Data>
        <Data name="fid">
          <value>91</value>
        </Data>
        <Data name="FType">
          <value>0</value>
        </Data>
        <Data name="Owner">
          <value>DTE</value>
        </Data>
        <Data name="Usage">
          <value>Mixed</value>
        </Data>
        <Data name="Status">
          <value>In Use</value>
        </Data>
        <Data name="Surface">
          <value>Bare</value>
        </Data>
        <Data name="Restriction">
          <value>General</value>
        </Data>
        <Data name="Lanes">
          <value>0</value>
        </Data>
        <Data name="GlobalID">
          <value>{3B7A40FB-DB14-4711-90BD-5DB5CF43E5F2}</value>
        </Data>
        <Data name="created_user">
          <value>WELNIG</value>
        </Data>
        <Data name="last_edited_user">
          <value>WELNIG</value>
        </Data>
        <Data name="VehicleTravel">
          <value>Passing Possible</value>
        </Data>
        <Data name="VehicleRequirement">
          <value>Unknown</value>
        </Data>
        <Data name="VehicleLimitation">
          <value>Small and Large Vehicles</value>
        </Data>
        <Data name="SHAPE_Length">
          <value>92.3698490485</value>
        </Data>
        <Data name="Source">
          <value/>
        </Data>
      </ExtendedData>
      <LineString>
        <tessellate>1</tessellate>
        <coordinates>
          144.141039,-35.135642,0
          144.141109,-35.135884,0
          144.14117,-35.136004,0
          144.141232,-35.136164,0
          144.141232,-35.136296,0
        </coordinates>
      </LineString>
    </Placemark>
    <Placemark>
      <name>NULL</name>
      <description><![CDATA[description: <br>fid: 92<br>FType: 0<br>Owner: DTE<br>Usage: Mixed<br>Status: In Use<br>Surface: Bare<br>Restriction: General<br>Lanes: 0<br>GlobalID: {0CD8C068-0F71-4BF6-82C1-4971DB64EDC1}<br>created_user: WELNIG<br>last_edited_user: WELNIG<br>VehicleTravel: Passing Possible<br>VehicleRequirement: No Requirements<br>VehicleLimitation: Small and Large Vehicles<br>SHAPE_Length: 38.2532979846<br>Source: ]]></description>
      <styleUrl>#line-FF5252-2163</styleUrl>
      <ExtendedData>
        <Data name="description">
          <value/>
        </Data>
        <Data name="fid">
          <value>92</value>
        </Data>
        <Data name="FType">
          <value>0</value>
        </Data>
        <Data name="Owner">
          <value>DTE</value>
        </Data>
        <Data name="Usage">
          <value>Mixed</value>
        </Data>
        <Data name="Status">
          <value>In Use</value>
        </Data>
        <Data name="Surface">
          <value>Bare</value>
        </Data>
        <Data name="Restriction">
          <value>General</value>
        </Data>
        <Data name="Lanes">
          <value>0</value>
        </Data>
        <Data name="GlobalID">
          <value>{0CD8C068-0F71-4BF6-82C1-4971DB64EDC1}</value>
        </Data>
        <Data name="created_user">
          <value>WELNIG</value>
        </Data>
        <Data name="last_edited_user">
          <value>WELNIG</value>
        </Data>
        <Data name="VehicleTravel">
          <value>Passing Possible</value>
        </Data>
        <Data name="VehicleRequirement">
          <value>No Requirements</value>
        </Data>
        <Data name="VehicleLimitation">
          <value>Small and Large Vehicles</value>
        </Data>
        <Data name="SHAPE_Length">
          <value>38.2532979846</value>
        </Data>
        <Data name="Source">
          <value/>
        </Data>
      </ExtendedData>
      <LineString>
        <tessellate>1</tessellate>
        <coordinates>
          144.142191,-35.133932,0
          144.142215,-35.133843,0
          144.142196,-35.133763,0
          144.142124,-35.133672,0
        </coordinates>
      </LineString>
    </Placemark>
    <Placemark>
      <name>Friendship Drive</name>
      <description><![CDATA[description: <br>fid: 93<br>FType: 0<br>Owner: DTE<br>Usage: Unknown<br>Status: Unknown<br>Surface: Unknown<br>Restriction: Staff<br>Lanes: 0<br>GlobalID: {DD2C8AB5-CCBA-4DE2-BDD5-335CFFCFF08A}<br>created_user: WELNIG<br>last_edited_user: WELNIG<br>VehicleTravel: Unknown<br>VehicleRequirement: Unknown<br>VehicleLimitation: Unknown<br>SHAPE_Length: 334.363714643<br>Source: ]]></description>
      <styleUrl>#line-FF5252-2163</styleUrl>
      <ExtendedData>
        <Data name="description">
          <value/>
        </Data>
        <Data name="fid">
          <value>93</value>
        </Data>
        <Data name="FType">
          <value>0</value>
        </Data>
        <Data name="Owner">
          <value>DTE</value>
        </Data>
        <Data name="Usage">
          <value>Unknown</value>
        </Data>
        <Data name="Status">
          <value>Unknown</value>
        </Data>
        <Data name="Surface">
          <value>Unknown</value>
        </Data>
        <Data name="Restriction">
          <value>Staff</value>
        </Data>
        <Data name="Lanes">
          <value>0</value>
        </Data>
        <Data name="GlobalID">
          <value>{DD2C8AB5-CCBA-4DE2-BDD5-335CFFCFF08A}</value>
        </Data>
        <Data name="created_user">
          <value>WELNIG</value>
        </Data>
        <Data name="last_edited_user">
          <value>WELNIG</value>
        </Data>
        <Data name="VehicleTravel">
          <value>Unknown</value>
        </Data>
        <Data name="VehicleRequirement">
          <value>Unknown</value>
        </Data>
        <Data name="VehicleLimitation">
          <value>Unknown</value>
        </Data>
        <Data name="SHAPE_Length">
          <value>334.363714643</value>
        </Data>
        <Data name="Source">
          <value/>
        </Data>
      </ExtendedData>
      <LineString>
        <tessellate>1</tessellate>
        <coordinates>
          144.146057,-35.138048,0
          144.146051,-35.138111,0
          144.14601,-35.138237,0
          144.145909,-35.138431,0
          144.145784,-35.138704,0
          144.145606,-35.139019,0
          144.145481,-35.139262,0
          144.145285,-35.139578,0
          144.145124,-35.13986,0
          144.145041,-35.14004,0
          144.145006,-35.140186,0
          144.145059,-35.140322,0
        </coordinates>
      </LineString>
    </Placemark>
    <Placemark>
      <name>NULL</name>
      <description><![CDATA[description: <br>fid: 94<br>FType: 0<br>Owner: DTE<br>Usage: Mixed<br>Status: In Use<br>Surface: Bare<br>Restriction: Staff<br>Lanes: 2<br>GlobalID: {1FF5928A-44BB-4714-BF21-77207A1F99B5}<br>created_user: WELNIG<br>last_edited_user: WELNIG<br>VehicleTravel: Passing Possible<br>VehicleRequirement: No Requirements<br>VehicleLimitation: Small and Large Vehicles<br>SHAPE_Length: 55.2214997416<br>Source: ]]></description>
      <styleUrl>#line-FF5252-2163</styleUrl>
      <ExtendedData>
        <Data name="description">
          <value/>
        </Data>
        <Data name="fid">
          <value>94</value>
        </Data>
        <Data name="FType">
          <value>0</value>
        </Data>
        <Data name="Owner">
          <value>DTE</value>
        </Data>
        <Data name="Usage">
          <value>Mixed</value>
        </Data>
        <Data name="Status">
          <value>In Use</value>
        </Data>
        <Data name="Surface">
          <value>Bare</value>
        </Data>
        <Data name="Restriction">
          <value>Staff</value>
        </Data>
        <Data name="Lanes">
          <value>2</value>
        </Data>
        <Data name="GlobalID">
          <value>{1FF5928A-44BB-4714-BF21-77207A1F99B5}</value>
        </Data>
        <Data name="created_user">
          <value>WELNIG</value>
        </Data>
        <Data name="last_edited_user">
          <value>WELNIG</value>
        </Data>
        <Data name="VehicleTravel">
          <value>Passing Possible</value>
        </Data>
        <Data name="VehicleRequirement">
          <value>No Requirements</value>
        </Data>
        <Data name="VehicleLimitation">
          <value>Small and Large Vehicles</value>
        </Data>
        <Data name="SHAPE_Length">
          <value>55.2214997416</value>
        </Data>
        <Data name="Source">
          <value/>
        </Data>
      </ExtendedData>
      <LineString>
        <tessellate>1</tessellate>
        <coordinates>
          144.141555,-35.138005,0
          144.141399,-35.138042,0
          144.14126,-35.138,0
          144.141153,-35.137877,0
        </coordinates>
      </LineString>
    </Placemark>
    <Placemark>
      <name>NULL</name>
      <description><![CDATA[description: <br>fid: 95<br>FType: 0<br>Owner: DTE<br>Usage: Mixed<br>Status: In Use<br>Surface: Bare<br>Restriction: Staff<br>Lanes: 2<br>GlobalID: {25B9A86A-7888-4D3B-89CD-391169D6086A}<br>created_user: WELNIG<br>last_edited_user: WELNIG<br>VehicleTravel: Passing Possible<br>VehicleRequirement: No Requirements<br>VehicleLimitation: Small and Large Vehicles<br>SHAPE_Length: 46.987747269<br>Source: ]]></description>
      <styleUrl>#line-FF5252-2163</styleUrl>
      <ExtendedData>
        <Data name="description">
          <value/>
        </Data>
        <Data name="fid">
          <value>95</value>
        </Data>
        <Data name="FType">
          <value>0</value>
        </Data>
        <Data name="Owner">
          <value>DTE</value>
        </Data>
        <Data name="Usage">
          <value>Mixed</value>
        </Data>
        <Data name="Status">
          <value>In Use</value>
        </Data>
        <Data name="Surface">
          <value>Bare</value>
        </Data>
        <Data name="Restriction">
          <value>Staff</value>
        </Data>
        <Data name="Lanes">
          <value>2</value>
        </Data>
        <Data name="GlobalID">
          <value>{25B9A86A-7888-4D3B-89CD-391169D6086A}</value>
        </Data>
        <Data name="created_user">
          <value>WELNIG</value>
        </Data>
        <Data name="last_edited_user">
          <value>WELNIG</value>
        </Data>
        <Data name="VehicleTravel">
          <value>Passing Possible</value>
        </Data>
        <Data name="VehicleRequirement">
          <value>No Requirements</value>
        </Data>
        <Data name="VehicleLimitation">
          <value>Small and Large Vehicles</value>
        </Data>
        <Data name="SHAPE_Length">
          <value>46.987747269</value>
        </Data>
        <Data name="Source">
          <value/>
        </Data>
      </ExtendedData>
      <LineString>
        <tessellate>1</tessellate>
        <coordinates>
          144.141572,-35.137903,0
          144.141352,-35.137906,0
          144.141153,-35.137877,0
        </coordinates>
      </LineString>
    </Placemark>
    <Placemark>
      <name>NULL</name>
      <description><![CDATA[description: <br>fid: 96<br>FType: 0<br>Owner: DTE<br>Usage: Mixed<br>Status: In Use<br>Surface: Bare<br>Restriction: Staff<br>Lanes: 0<br>GlobalID: {9144F06F-571B-4112-B28A-0576D82B5A3C}<br>created_user: WELNIG<br>last_edited_user: WELNIG<br>VehicleTravel: Passing Possible<br>VehicleRequirement: No Requirements<br>VehicleLimitation: Small and Large Vehicles<br>SHAPE_Length: 20.8303481189<br>Source: ]]></description>
      <styleUrl>#line-FF5252-2163</styleUrl>
      <ExtendedData>
        <Data name="description">
          <value/>
        </Data>
        <Data name="fid">
          <value>96</value>
        </Data>
        <Data name="FType">
          <value>0</value>
        </Data>
        <Data name="Owner">
          <value>DTE</value>
        </Data>
        <Data name="Usage">
          <value>Mixed</value>
        </Data>
        <Data name="Status">
          <value>In Use</value>
        </Data>
        <Data name="Surface">
          <value>Bare</value>
        </Data>
        <Data name="Restriction">
          <value>Staff</value>
        </Data>
        <Data name="Lanes">
          <value>0</value>
        </Data>
        <Data name="GlobalID">
          <value>{9144F06F-571B-4112-B28A-0576D82B5A3C}</value>
        </Data>
        <Data name="created_user">
          <value>WELNIG</value>
        </Data>
        <Data name="last_edited_user">
          <value>WELNIG</value>
        </Data>
        <Data name="VehicleTravel">
          <value>Passing Possible</value>
        </Data>
        <Data name="VehicleRequirement">
          <value>No Requirements</value>
        </Data>
        <Data name="VehicleLimitation">
          <value>Small and Large Vehicles</value>
        </Data>
        <Data name="SHAPE_Length">
          <value>20.8303481189</value>
        </Data>
        <Data name="Source">
          <value/>
        </Data>
      </ExtendedData>
      <LineString>
        <tessellate>1</tessellate>
        <coordinates>
          144.141506,-35.138151,0
          144.141542,-35.138086,0
          144.141555,-35.138005,0
        </coordinates>
      </LineString>
    </Placemark>
    <Placemark>
      <name>NULL</name>
      <description><![CDATA[description: <br>fid: 97<br>FType: 0<br>Owner: DTE<br>Usage: Mixed<br>Status: In Use<br>Surface: Bare<br>Restriction: Staff<br>Lanes: 0<br>GlobalID: {ACAA7B6F-63C3-4D12-B0FE-FBC622A74CD0}<br>created_user: WELNIG<br>last_edited_user: WELNIG<br>VehicleTravel: Passing Possible<br>VehicleRequirement: No Requirements<br>VehicleLimitation: Small and Large Vehicles<br>SHAPE_Length: 13.9658129916<br>Source: ]]></description>
      <styleUrl>#line-FF5252-2163</styleUrl>
      <ExtendedData>
        <Data name="description">
          <value/>
        </Data>
        <Data name="fid">
          <value>97</value>
        </Data>
        <Data name="FType">
          <value>0</value>
        </Data>
        <Data name="Owner">
          <value>DTE</value>
        </Data>
        <Data name="Usage">
          <value>Mixed</value>
        </Data>
        <Data name="Status">
          <value>In Use</value>
        </Data>
        <Data name="Surface">
          <value>Bare</value>
        </Data>
        <Data name="Restriction">
          <value>Staff</value>
        </Data>
        <Data name="Lanes">
          <value>0</value>
        </Data>
        <Data name="GlobalID">
          <value>{ACAA7B6F-63C3-4D12-B0FE-FBC622A74CD0}</value>
        </Data>
        <Data name="created_user">
          <value>WELNIG</value>
        </Data>
        <Data name="last_edited_user">
          <value>WELNIG</value>
        </Data>
        <Data name="VehicleTravel">
          <value>Passing Possible</value>
        </Data>
        <Data name="VehicleRequirement">
          <value>No Requirements</value>
        </Data>
        <Data name="VehicleLimitation">
          <value>Small and Large Vehicles</value>
        </Data>
        <Data name="SHAPE_Length">
          <value>13.9658129916</value>
        </Data>
        <Data name="Source">
          <value/>
        </Data>
      </ExtendedData>
      <LineString>
        <tessellate>1</tessellate>
        <coordinates>
          144.141555,-35.138005,0
          144.141572,-35.137903,0
        </coordinates>
      </LineString>
    </Placemark>
    <Placemark>
      <name>Freedom Road</name>
      <description><![CDATA[description: <br>fid: 100<br>FType: 0<br>Owner: DTE<br>Usage: Unknown<br>Status: Unknown<br>Surface: Unknown<br>Restriction: Staff<br>Lanes: 0<br>GlobalID: {00201D65-16F6-4B49-A218-EC92B33F3274}<br>created_user: WELNIG<br>last_edited_user: WELNIG<br>VehicleTravel: Unknown<br>VehicleRequirement: Unknown<br>VehicleLimitation: Unknown<br>SHAPE_Length: 271.632253986<br>Source: ]]></description>
      <styleUrl>#line-FF5252-2163</styleUrl>
      <ExtendedData>
        <Data name="description">
          <value/>
        </Data>
        <Data name="fid">
          <value>100</value>
        </Data>
        <Data name="FType">
          <value>0</value>
        </Data>
        <Data name="Owner">
          <value>DTE</value>
        </Data>
        <Data name="Usage">
          <value>Unknown</value>
        </Data>
        <Data name="Status">
          <value>Unknown</value>
        </Data>
        <Data name="Surface">
          <value>Unknown</value>
        </Data>
        <Data name="Restriction">
          <value>Staff</value>
        </Data>
        <Data name="Lanes">
          <value>0</value>
        </Data>
        <Data name="GlobalID">
          <value>{00201D65-16F6-4B49-A218-EC92B33F3274}</value>
        </Data>
        <Data name="created_user">
          <value>WELNIG</value>
        </Data>
        <Data name="last_edited_user">
          <value>WELNIG</value>
        </Data>
        <Data name="VehicleTravel">
          <value>Unknown</value>
        </Data>
        <Data name="VehicleRequirement">
          <value>Unknown</value>
        </Data>
        <Data name="VehicleLimitation">
          <value>Unknown</value>
        </Data>
        <Data name="SHAPE_Length">
          <value>271.632253986</value>
        </Data>
        <Data name="Source">
          <value/>
        </Data>
      </ExtendedData>
      <LineString>
        <tessellate>1</tessellate>
        <coordinates>
          144.143277,-35.148521,0
          144.143342,-35.148555,0
          144.143469,-35.148622,0
          144.143577,-35.14872,0
          144.14359,-35.148767,0
          144.143584,-35.148859,0
          144.143606,-35.148936,0
          144.143809,-35.149206,0
          144.143991,-35.14948,0
          144.144002,-35.149538,0
          144.144012,-35.149856,0
          144.144055,-35.149975,0
          144.144166,-35.150025,0
          144.144305,-35.150028,0
          144.144412,-35.150028,0
          144.144487,-35.150057,0
          144.144565,-35.150121,0
          144.144711,-35.150241,0
          144.14479,-35.150372,0
          144.144847,-35.150456,0
          144.14495,-35.150583,0
          144.145136,-35.150708,0
          144.145383,-35.150825,0
          144.14556,-35.15092,0
          144.145749,-35.150961,0
          144.145995,-35.150972,0
          144.146226,-35.150952,0
          144.146568,-35.150927,0
          144.146772,-35.150836,0
          144.146904,-35.1508,0
          144.147303,-35.150649,0
          144.147553,-35.150532,0
        </coordinates>
      </LineString>
    </Placemark>
    <Placemark>
      <name>Friendship Drive (this section prev. Mislocation Road)</name>
      <description><![CDATA[description: <br>fid: 101<br>FType: 0<br>Owner: DTE<br>Usage: Unknown<br>Status: Unknown<br>Surface: Unknown<br>Restriction: Staff<br>Lanes: 0<br>GlobalID: {795CF653-2988-48F4-AD12-B32E11508A2C}<br>created_user: WELNIG<br>last_edited_user: WELNIG<br>VehicleTravel: Unknown<br>VehicleRequirement: Unknown<br>VehicleLimitation: Unknown<br>SHAPE_Length: 121.121877053<br>Source: ]]></description>
      <styleUrl>#line-FF5252-2163</styleUrl>
      <ExtendedData>
        <Data name="description">
          <value/>
        </Data>
        <Data name="fid">
          <value>101</value>
        </Data>
        <Data name="FType">
          <value>0</value>
        </Data>
        <Data name="Owner">
          <value>DTE</value>
        </Data>
        <Data name="Usage">
          <value>Unknown</value>
        </Data>
        <Data name="Status">
          <value>Unknown</value>
        </Data>
        <Data name="Surface">
          <value>Unknown</value>
        </Data>
        <Data name="Restriction">
          <value>Staff</value>
        </Data>
        <Data name="Lanes">
          <value>0</value>
        </Data>
        <Data name="GlobalID">
          <value>{795CF653-2988-48F4-AD12-B32E11508A2C}</value>
        </Data>
        <Data name="created_user">
          <value>WELNIG</value>
        </Data>
        <Data name="last_edited_user">
          <value>WELNIG</value>
        </Data>
        <Data name="VehicleTravel">
          <value>Unknown</value>
        </Data>
        <Data name="VehicleRequirement">
          <value>Unknown</value>
        </Data>
        <Data name="VehicleLimitation">
          <value>Unknown</value>
        </Data>
        <Data name="SHAPE_Length">
          <value>121.121877053</value>
        </Data>
        <Data name="Source">
          <value/>
        </Data>
      </ExtendedData>
      <LineString>
        <tessellate>1</tessellate>
        <coordinates>
          144.147553,-35.150532,0
          144.147695,-35.150453,0
          144.147902,-35.150325,0
          144.14807,-35.150255,0
          144.148262,-35.150179,0
          144.148444,-35.150034,0
        </coordinates>
      </LineString>
    </Placemark>
    <Placemark>
      <name>NULL</name>
      <description><![CDATA[description: <br>fid: 103<br>FType: 0<br>Owner: DTE<br>Usage: Unknown<br>Status: Unknown<br>Surface: Unknown<br>Restriction: Staff<br>Lanes: 0<br>GlobalID: {CD68208E-C095-4CA8-82A4-4045FAF95F36}<br>created_user: WELNIG<br>last_edited_user: WELNIG<br>VehicleTravel: Unknown<br>VehicleRequirement: Unknown<br>VehicleLimitation: Unknown<br>SHAPE_Length: 94.0096096846<br>Source: ]]></description>
      <styleUrl>#line-FF5252-2163</styleUrl>
      <ExtendedData>
        <Data name="description">
          <value/>
        </Data>
        <Data name="fid">
          <value>103</value>
        </Data>
        <Data name="FType">
          <value>0</value>
        </Data>
        <Data name="Owner">
          <value>DTE</value>
        </Data>
        <Data name="Usage">
          <value>Unknown</value>
        </Data>
        <Data name="Status">
          <value>Unknown</value>
        </Data>
        <Data name="Surface">
          <value>Unknown</value>
        </Data>
        <Data name="Restriction">
          <value>Staff</value>
        </Data>
        <Data name="Lanes">
          <value>0</value>
        </Data>
        <Data name="GlobalID">
          <value>{CD68208E-C095-4CA8-82A4-4045FAF95F36}</value>
        </Data>
        <Data name="created_user">
          <value>WELNIG</value>
        </Data>
        <Data name="last_edited_user">
          <value>WELNIG</value>
        </Data>
        <Data name="VehicleTravel">
          <value>Unknown</value>
        </Data>
        <Data name="VehicleRequirement">
          <value>Unknown</value>
        </Data>
        <Data name="VehicleLimitation">
          <value>Unknown</value>
        </Data>
        <Data name="SHAPE_Length">
          <value>94.0096096846</value>
        </Data>
        <Data name="Source">
          <value/>
        </Data>
      </ExtendedData>
      <LineString>
        <tessellate>1</tessellate>
        <coordinates>
          144.148444,-35.150034,0
          144.148576,-35.149722,0
          144.14869,-35.149374,0
        </coordinates>
      </LineString>
    </Placemark>
    <Placemark>
      <name/>
      <description><![CDATA[description: <br>fid: 104<br>FType: 0<br>Owner: DTE<br>Usage: Unknown<br>Status: Unknown<br>Surface: Unknown<br>Restriction: Staff<br>Lanes: 0<br>GlobalID: {8CB3435A-4448-430F-BEFC-BCFD3563FDB1}<br>created_user: WELNIG<br>last_edited_user: WELNIG<br>VehicleTravel: Unknown<br>VehicleRequirement: Unknown<br>VehicleLimitation: Unknown<br>SHAPE_Length: 224.141933432<br>Source: ]]></description>
      <styleUrl>#line-FF5252-2163</styleUrl>
      <ExtendedData>
        <Data name="description">
          <value/>
        </Data>
        <Data name="fid">
          <value>104</value>
        </Data>
        <Data name="FType">
          <value>0</value>
        </Data>
        <Data name="Owner">
          <value>DTE</value>
        </Data>
        <Data name="Usage">
          <value>Unknown</value>
        </Data>
        <Data name="Status">
          <value>Unknown</value>
        </Data>
        <Data name="Surface">
          <value>Unknown</value>
        </Data>
        <Data name="Restriction">
          <value>Staff</value>
        </Data>
        <Data name="Lanes">
          <value>0</value>
        </Data>
        <Data name="GlobalID">
          <value>{8CB3435A-4448-430F-BEFC-BCFD3563FDB1}</value>
        </Data>
        <Data name="created_user">
          <value>WELNIG</value>
        </Data>
        <Data name="last_edited_user">
          <value>WELNIG</value>
        </Data>
        <Data name="VehicleTravel">
          <value>Unknown</value>
        </Data>
        <Data name="VehicleRequirement">
          <value>Unknown</value>
        </Data>
        <Data name="VehicleLimitation">
          <value>Unknown</value>
        </Data>
        <Data name="SHAPE_Length">
          <value>224.141933432</value>
        </Data>
        <Data name="Source">
          <value/>
        </Data>
      </ExtendedData>
      <LineString>
        <tessellate>1</tessellate>
        <coordinates>
          144.146772,-35.150836,0
          144.146755,-35.150631,0
          144.146662,-35.150396,0
          144.146567,-35.150259,0
          144.146455,-35.150114,0
          144.146351,-35.150013,0
          144.146284,-35.149893,0
          144.146241,-35.149687,0
          144.146199,-35.149523,0
          144.146095,-35.149328,0
        </coordinates>
      </LineString>
    </Placemark>
    <Placemark>
      <name>NULL</name>
      <description><![CDATA[description: <br>fid: 107<br>FType: 0<br>Owner: DTE<br>Usage: Unknown<br>Status: Unknown<br>Surface: Unknown<br>Restriction: Staff<br>Lanes: 0<br>GlobalID: {7029EE51-9E27-4ACB-A875-7C11F319D5BF}<br>created_user: WELNIG<br>last_edited_user: WELNIG<br>VehicleTravel: Unknown<br>VehicleRequirement: Unknown<br>VehicleLimitation: Unknown<br>SHAPE_Length: 150.573198379<br>Source: ]]></description>
      <styleUrl>#line-FF5252-2163</styleUrl>
      <ExtendedData>
        <Data name="description">
          <value/>
        </Data>
        <Data name="fid">
          <value>107</value>
        </Data>
        <Data name="FType">
          <value>0</value>
        </Data>
        <Data name="Owner">
          <value>DTE</value>
        </Data>
        <Data name="Usage">
          <value>Unknown</value>
        </Data>
        <Data name="Status">
          <value>Unknown</value>
        </Data>
        <Data name="Surface">
          <value>Unknown</value>
        </Data>
        <Data name="Restriction">
          <value>Staff</value>
        </Data>
        <Data name="Lanes">
          <value>0</value>
        </Data>
        <Data name="GlobalID">
          <value>{7029EE51-9E27-4ACB-A875-7C11F319D5BF}</value>
        </Data>
        <Data name="created_user">
          <value>WELNIG</value>
        </Data>
        <Data name="last_edited_user">
          <value>WELNIG</value>
        </Data>
        <Data name="VehicleTravel">
          <value>Unknown</value>
        </Data>
        <Data name="VehicleRequirement">
          <value>Unknown</value>
        </Data>
        <Data name="VehicleLimitation">
          <value>Unknown</value>
        </Data>
        <Data name="SHAPE_Length">
          <value>150.573198379</value>
        </Data>
        <Data name="Source">
          <value/>
        </Data>
      </ExtendedData>
      <LineString>
        <tessellate>1</tessellate>
        <coordinates>
          144.148444,-35.150034,0
          144.148654,-35.149903,0
          144.148989,-35.149716,0
          144.149196,-35.149594,0
          144.149335,-35.149506,0
          144.149407,-35.149391,0
        </coordinates>
      </LineString>
    </Placemark>
    <Placemark>
      <name>Axis Pass</name>
      <description><![CDATA[description: <br>fid: 108<br>FType: 0<br>Owner: DTE<br>Usage: Unknown<br>Status: Unknown<br>Surface: Unknown<br>Restriction: Staff<br>Lanes: 0<br>GlobalID: {0B6350CA-2DE6-4320-9072-E4F4D0C6609C}<br>created_user: WELNIG<br>last_edited_user: WELNIG<br>VehicleTravel: Unknown<br>VehicleRequirement: Unknown<br>VehicleLimitation: Unknown<br>SHAPE_Length: 212.10026317<br>Source: ]]></description>
      <styleUrl>#line-FF5252-2163</styleUrl>
      <ExtendedData>
        <Data name="description">
          <value/>
        </Data>
        <Data name="fid">
          <value>108</value>
        </Data>
        <Data name="FType">
          <value>0</value>
        </Data>
        <Data name="Owner">
          <value>DTE</value>
        </Data>
        <Data name="Usage">
          <value>Unknown</value>
        </Data>
        <Data name="Status">
          <value>Unknown</value>
        </Data>
        <Data name="Surface">
          <value>Unknown</value>
        </Data>
        <Data name="Restriction">
          <value>Staff</value>
        </Data>
        <Data name="Lanes">
          <value>0</value>
        </Data>
        <Data name="GlobalID">
          <value>{0B6350CA-2DE6-4320-9072-E4F4D0C6609C}</value>
        </Data>
        <Data name="created_user">
          <value>WELNIG</value>
        </Data>
        <Data name="last_edited_user">
          <value>WELNIG</value>
        </Data>
        <Data name="VehicleTravel">
          <value>Unknown</value>
        </Data>
        <Data name="VehicleRequirement">
          <value>Unknown</value>
        </Data>
        <Data name="VehicleLimitation">
          <value>Unknown</value>
        </Data>
        <Data name="SHAPE_Length">
          <value>212.10026317</value>
        </Data>
        <Data name="Source">
          <value/>
        </Data>
      </ExtendedData>
      <LineString>
        <tessellate>1</tessellate>
        <coordinates>
          144.145877,-35.149078,0
          144.145709,-35.14922,0
          144.145563,-35.149352,0
          144.145435,-35.149471,0
          144.145324,-35.149547,0
          144.145107,-35.14962,0
          144.145068,-35.149722,0
          144.145028,-35.149882,0
          144.144939,-35.149996,0
          144.144711,-35.150241,0
        </coordinates>
      </LineString>
    </Placemark>
    <Placemark>
      <name>NULL</name>
      <description><![CDATA[description: <br>fid: 110<br>FType: 0<br>Owner: DTE<br>Usage: Unknown<br>Status: Unknown<br>Surface: Unknown<br>Restriction: Staff<br>Lanes: 0<br>GlobalID: {E8E9E6C9-EC39-4584-92E7-0E20E846C9B2}<br>created_user: WELNIG<br>last_edited_user: WELNIG<br>VehicleTravel: Unknown<br>VehicleRequirement: Unknown<br>VehicleLimitation: Unknown<br>SHAPE_Length: 97.6175796253<br>Source: ]]></description>
      <styleUrl>#line-FF5252-2163</styleUrl>
      <ExtendedData>
        <Data name="description">
          <value/>
        </Data>
        <Data name="fid">
          <value>110</value>
        </Data>
        <Data name="FType">
          <value>0</value>
        </Data>
        <Data name="Owner">
          <value>DTE</value>
        </Data>
        <Data name="Usage">
          <value>Unknown</value>
        </Data>
        <Data name="Status">
          <value>Unknown</value>
        </Data>
        <Data name="Surface">
          <value>Unknown</value>
        </Data>
        <Data name="Restriction">
          <value>Staff</value>
        </Data>
        <Data name="Lanes">
          <value>0</value>
        </Data>
        <Data name="GlobalID">
          <value>{E8E9E6C9-EC39-4584-92E7-0E20E846C9B2}</value>
        </Data>
        <Data name="created_user">
          <value>WELNIG</value>
        </Data>
        <Data name="last_edited_user">
          <value>WELNIG</value>
        </Data>
        <Data name="VehicleTravel">
          <value>Unknown</value>
        </Data>
        <Data name="VehicleRequirement">
          <value>Unknown</value>
        </Data>
        <Data name="VehicleLimitation">
          <value>Unknown</value>
        </Data>
        <Data name="SHAPE_Length">
          <value>97.6175796253</value>
        </Data>
        <Data name="Source">
          <value/>
        </Data>
      </ExtendedData>
      <LineString>
        <tessellate>1</tessellate>
        <coordinates>
          144.145877,-35.149078,0
          144.146082,-35.148819,0
        </coordinates>
      </LineString>
    </Placemark>
    <Placemark>
      <name/>
      <description><![CDATA[description: <br>fid: 119<br>FType: 0<br>Owner: DTE<br>Usage: Unknown<br>Status: Unknown<br>Surface: Unknown<br>Restriction: Staff<br>Lanes: 0<br>GlobalID: {F2C77AA0-5D44-49BC-A324-D8646CC95190}<br>created_user: WELNIG<br>last_edited_user: WELNIG<br>VehicleTravel: Unknown<br>VehicleRequirement: Unknown<br>VehicleLimitation: Unknown<br>SHAPE_Length: 192.840053472<br>Source: ]]></description>
      <styleUrl>#line-FF5252-2163</styleUrl>
      <ExtendedData>
        <Data name="description">
          <value/>
        </Data>
        <Data name="fid">
          <value>119</value>
        </Data>
        <Data name="FType">
          <value>0</value>
        </Data>
        <Data name="Owner">
          <value>DTE</value>
        </Data>
        <Data name="Usage">
          <value>Unknown</value>
        </Data>
        <Data name="Status">
          <value>Unknown</value>
        </Data>
        <Data name="Surface">
          <value>Unknown</value>
        </Data>
        <Data name="Restriction">
          <value>Staff</value>
        </Data>
        <Data name="Lanes">
          <value>0</value>
        </Data>
        <Data name="GlobalID">
          <value>{F2C77AA0-5D44-49BC-A324-D8646CC95190}</value>
        </Data>
        <Data name="created_user">
          <value>WELNIG</value>
        </Data>
        <Data name="last_edited_user">
          <value>WELNIG</value>
        </Data>
        <Data name="VehicleTravel">
          <value>Unknown</value>
        </Data>
        <Data name="VehicleRequirement">
          <value>Unknown</value>
        </Data>
        <Data name="VehicleLimitation">
          <value>Unknown</value>
        </Data>
        <Data name="SHAPE_Length">
          <value>192.840053472</value>
        </Data>
        <Data name="Source">
          <value/>
        </Data>
      </ExtendedData>
      <LineString>
        <tessellate>1</tessellate>
        <coordinates>
          144.145843,-35.147514,0
          144.146144,-35.14745,0
          144.146371,-35.147371,0
          144.146505,-35.147127,0
          144.146942,-35.14674,0
          144.147408,-35.146372,0
          144.147322,-35.146702,0
        </coordinates>
      </LineString>
    </Placemark>
    <Placemark>
      <name>NULL</name>
      <description><![CDATA[description: <br>fid: 122<br>FType: 0<br>Owner: DTE<br>Usage: Unknown<br>Status: Unknown<br>Surface: Unknown<br>Restriction: Staff<br>Lanes: 0<br>GlobalID: {8DCF1B6F-B2A8-4F71-A4EF-AD508113E46F}<br>created_user: WELNIG<br>last_edited_user: WELNIG<br>VehicleTravel: Unknown<br>VehicleRequirement: Unknown<br>VehicleLimitation: Unknown<br>SHAPE_Length: 89.9214463752<br>Source: ]]></description>
      <styleUrl>#line-FF5252-2163</styleUrl>
      <ExtendedData>
        <Data name="description">
          <value/>
        </Data>
        <Data name="fid">
          <value>122</value>
        </Data>
        <Data name="FType">
          <value>0</value>
        </Data>
        <Data name="Owner">
          <value>DTE</value>
        </Data>
        <Data name="Usage">
          <value>Unknown</value>
        </Data>
        <Data name="Status">
          <value>Unknown</value>
        </Data>
        <Data name="Surface">
          <value>Unknown</value>
        </Data>
        <Data name="Restriction">
          <value>Staff</value>
        </Data>
        <Data name="Lanes">
          <value>0</value>
        </Data>
        <Data name="GlobalID">
          <value>{8DCF1B6F-B2A8-4F71-A4EF-AD508113E46F}</value>
        </Data>
        <Data name="created_user">
          <value>WELNIG</value>
        </Data>
        <Data name="last_edited_user">
          <value>WELNIG</value>
        </Data>
        <Data name="VehicleTravel">
          <value>Unknown</value>
        </Data>
        <Data name="VehicleRequirement">
          <value>Unknown</value>
        </Data>
        <Data name="VehicleLimitation">
          <value>Unknown</value>
        </Data>
        <Data name="SHAPE_Length">
          <value>89.9214463752</value>
        </Data>
        <Data name="Source">
          <value/>
        </Data>
      </ExtendedData>
      <LineString>
        <tessellate>1</tessellate>
        <coordinates>
          144.147408,-35.146372,0
          144.147312,-35.14674,0
        </coordinates>
      </LineString>
    </Placemark>
    <Placemark>
      <name>NULL</name>
      <description><![CDATA[description: <br>fid: 126<br>FType: 0<br>Owner: DTE<br>Usage: Unknown<br>Status: Unknown<br>Surface: Unknown<br>Restriction: Staff<br>Lanes: 0<br>GlobalID: {C4890949-D5CF-43DE-8A13-D42DBB16A71C}<br>created_user: WELNIG<br>last_edited_user: WELNIG<br>VehicleTravel: Unknown<br>VehicleRequirement: Unknown<br>VehicleLimitation: Unknown<br>SHAPE_Length: 99.941047435<br>Source: ]]></description>
      <styleUrl>#line-FF5252-2163</styleUrl>
      <ExtendedData>
        <Data name="description">
          <value/>
        </Data>
        <Data name="fid">
          <value>126</value>
        </Data>
        <Data name="FType">
          <value>0</value>
        </Data>
        <Data name="Owner">
          <value>DTE</value>
        </Data>
        <Data name="Usage">
          <value>Unknown</value>
        </Data>
        <Data name="Status">
          <value>Unknown</value>
        </Data>
        <Data name="Surface">
          <value>Unknown</value>
        </Data>
        <Data name="Restriction">
          <value>Staff</value>
        </Data>
        <Data name="Lanes">
          <value>0</value>
        </Data>
        <Data name="GlobalID">
          <value>{C4890949-D5CF-43DE-8A13-D42DBB16A71C}</value>
        </Data>
        <Data name="created_user">
          <value>WELNIG</value>
        </Data>
        <Data name="last_edited_user">
          <value>WELNIG</value>
        </Data>
        <Data name="VehicleTravel">
          <value>Unknown</value>
        </Data>
        <Data name="VehicleRequirement">
          <value>Unknown</value>
        </Data>
        <Data name="VehicleLimitation">
          <value>Unknown</value>
        </Data>
        <Data name="SHAPE_Length">
          <value>99.941047435</value>
        </Data>
        <Data name="Source">
          <value/>
        </Data>
      </ExtendedData>
      <LineString>
        <tessellate>1</tessellate>
        <coordinates>
          144.144706,-35.147529,0
          144.144661,-35.147004,0
          144.144875,-35.146538,0
        </coordinates>
      </LineString>
    </Placemark>
    <Placemark>
      <name>NULL</name>
      <description><![CDATA[description: <br>fid: 128<br>FType: 0<br>Owner: DTE<br>Usage: Unknown<br>Status: Unknown<br>Surface: Unknown<br>Restriction: Staff<br>Lanes: 0<br>GlobalID: {184C16CA-2AFE-4B4E-967E-E20E9CDFEF4E}<br>created_user: WELNIG<br>last_edited_user: WELNIG<br>VehicleTravel: Unknown<br>VehicleRequirement: Unknown<br>VehicleLimitation: Unknown<br>SHAPE_Length: 24.8267476619<br>Source: ]]></description>
      <styleUrl>#line-FF5252-2163</styleUrl>
      <ExtendedData>
        <Data name="description">
          <value/>
        </Data>
        <Data name="fid">
          <value>128</value>
        </Data>
        <Data name="FType">
          <value>0</value>
        </Data>
        <Data name="Owner">
          <value>DTE</value>
        </Data>
        <Data name="Usage">
          <value>Unknown</value>
        </Data>
        <Data name="Status">
          <value>Unknown</value>
        </Data>
        <Data name="Surface">
          <value>Unknown</value>
        </Data>
        <Data name="Restriction">
          <value>Staff</value>
        </Data>
        <Data name="Lanes">
          <value>0</value>
        </Data>
        <Data name="GlobalID">
          <value>{184C16CA-2AFE-4B4E-967E-E20E9CDFEF4E}</value>
        </Data>
        <Data name="created_user">
          <value>WELNIG</value>
        </Data>
        <Data name="last_edited_user">
          <value>WELNIG</value>
        </Data>
        <Data name="VehicleTravel">
          <value>Unknown</value>
        </Data>
        <Data name="VehicleRequirement">
          <value>Unknown</value>
        </Data>
        <Data name="VehicleLimitation">
          <value>Unknown</value>
        </Data>
        <Data name="SHAPE_Length">
          <value>24.8267476619</value>
        </Data>
        <Data name="Source">
          <value/>
        </Data>
      </ExtendedData>
      <LineString>
        <tessellate>1</tessellate>
        <coordinates>
          144.145505,-35.146541,0
          144.145582,-35.14637,0
        </coordinates>
      </LineString>
    </Placemark>
    <Placemark>
      <name>NULL</name>
      <description><![CDATA[description: <br>fid: 129<br>FType: 0<br>Owner: DTE<br>Usage: Unknown<br>Status: Unknown<br>Surface: Unknown<br>Restriction: Staff<br>Lanes: 0<br>GlobalID: {08D88AE1-30CA-40DA-A730-9B6C07216AB8}<br>created_user: WELNIG<br>last_edited_user: WELNIG<br>VehicleTravel: Unknown<br>VehicleRequirement: Unknown<br>VehicleLimitation: Unknown<br>SHAPE_Length: 38.6190661589<br>Source: ]]></description>
      <styleUrl>#line-FF5252-2163</styleUrl>
      <ExtendedData>
        <Data name="description">
          <value/>
        </Data>
        <Data name="fid">
          <value>129</value>
        </Data>
        <Data name="FType">
          <value>0</value>
        </Data>
        <Data name="Owner">
          <value>DTE</value>
        </Data>
        <Data name="Usage">
          <value>Unknown</value>
        </Data>
        <Data name="Status">
          <value>Unknown</value>
        </Data>
        <Data name="Surface">
          <value>Unknown</value>
        </Data>
        <Data name="Restriction">
          <value>Staff</value>
        </Data>
        <Data name="Lanes">
          <value>0</value>
        </Data>
        <Data name="GlobalID">
          <value>{08D88AE1-30CA-40DA-A730-9B6C07216AB8}</value>
        </Data>
        <Data name="created_user">
          <value>WELNIG</value>
        </Data>
        <Data name="last_edited_user">
          <value>WELNIG</value>
        </Data>
        <Data name="VehicleTravel">
          <value>Unknown</value>
        </Data>
        <Data name="VehicleRequirement">
          <value>Unknown</value>
        </Data>
        <Data name="VehicleLimitation">
          <value>Unknown</value>
        </Data>
        <Data name="SHAPE_Length">
          <value>38.6190661589</value>
        </Data>
        <Data name="Source">
          <value/>
        </Data>
      </ExtendedData>
      <LineString>
        <tessellate>1</tessellate>
        <coordinates>
          144.145582,-35.14637,0
          144.145835,-35.146564,0
        </coordinates>
      </LineString>
    </Placemark>
    <Placemark>
      <name>NULL</name>
      <description><![CDATA[description: <br>fid: 133<br>FType: 0<br>Owner: DTE<br>Usage: Unknown<br>Status: Unknown<br>Surface: Unknown<br>Restriction: Staff<br>Lanes: 0<br>GlobalID: {6B9D078D-8EEE-4E4E-AEF7-4250AC4ECF91}<br>created_user: WELNIG<br>last_edited_user: WELNIG<br>VehicleTravel: Unknown<br>VehicleRequirement: Unknown<br>VehicleLimitation: Unknown<br>SHAPE_Length: 161.854677016<br>Source: ]]></description>
      <styleUrl>#line-FF5252-2163</styleUrl>
      <ExtendedData>
        <Data name="description">
          <value/>
        </Data>
        <Data name="fid">
          <value>133</value>
        </Data>
        <Data name="FType">
          <value>0</value>
        </Data>
        <Data name="Owner">
          <value>DTE</value>
        </Data>
        <Data name="Usage">
          <value>Unknown</value>
        </Data>
        <Data name="Status">
          <value>Unknown</value>
        </Data>
        <Data name="Surface">
          <value>Unknown</value>
        </Data>
        <Data name="Restriction">
          <value>Staff</value>
        </Data>
        <Data name="Lanes">
          <value>0</value>
        </Data>
        <Data name="GlobalID">
          <value>{6B9D078D-8EEE-4E4E-AEF7-4250AC4ECF91}</value>
        </Data>
        <Data name="created_user">
          <value>WELNIG</value>
        </Data>
        <Data name="last_edited_user">
          <value>WELNIG</value>
        </Data>
        <Data name="VehicleTravel">
          <value>Unknown</value>
        </Data>
        <Data name="VehicleRequirement">
          <value>Unknown</value>
        </Data>
        <Data name="VehicleLimitation">
          <value>Unknown</value>
        </Data>
        <Data name="SHAPE_Length">
          <value>161.854677016</value>
        </Data>
        <Data name="Source">
          <value/>
        </Data>
      </ExtendedData>
      <LineString>
        <tessellate>1</tessellate>
        <coordinates>
          144.144875,-35.146538,0
          144.144735,-35.146525,0
          144.144314,-35.146498,0
          144.144033,-35.146453,0
          144.143739,-35.146397,0
          144.143541,-35.146342,0
          144.143463,-35.1463,0
        </coordinates>
      </LineString>
    </Placemark>
    <Placemark>
      <name>NULL</name>
      <description><![CDATA[description: <br>fid: 134<br>FType: 0<br>Owner: DTE<br>Usage: Unknown<br>Status: Unknown<br>Surface: Unknown<br>Restriction: Staff<br>Lanes: 0<br>GlobalID: {38FBF4FA-4859-49CE-857B-5B28A81FDBBF}<br>created_user: WELNIG<br>last_edited_user: WELNIG<br>VehicleTravel: Unknown<br>VehicleRequirement: Unknown<br>VehicleLimitation: Unknown<br>SHAPE_Length: 8.83316820086<br>Source: ]]></description>
      <styleUrl>#line-FF5252-2163</styleUrl>
      <ExtendedData>
        <Data name="description">
          <value/>
        </Data>
        <Data name="fid">
          <value>134</value>
        </Data>
        <Data name="FType">
          <value>0</value>
        </Data>
        <Data name="Owner">
          <value>DTE</value>
        </Data>
        <Data name="Usage">
          <value>Unknown</value>
        </Data>
        <Data name="Status">
          <value>Unknown</value>
        </Data>
        <Data name="Surface">
          <value>Unknown</value>
        </Data>
        <Data name="Restriction">
          <value>Staff</value>
        </Data>
        <Data name="Lanes">
          <value>0</value>
        </Data>
        <Data name="GlobalID">
          <value>{38FBF4FA-4859-49CE-857B-5B28A81FDBBF}</value>
        </Data>
        <Data name="created_user">
          <value>WELNIG</value>
        </Data>
        <Data name="last_edited_user">
          <value>WELNIG</value>
        </Data>
        <Data name="VehicleTravel">
          <value>Unknown</value>
        </Data>
        <Data name="VehicleRequirement">
          <value>Unknown</value>
        </Data>
        <Data name="VehicleLimitation">
          <value>Unknown</value>
        </Data>
        <Data name="SHAPE_Length">
          <value>8.83316820086</value>
        </Data>
        <Data name="Source">
          <value/>
        </Data>
      </ExtendedData>
      <LineString>
        <tessellate>1</tessellate>
        <coordinates>
          144.143463,-35.1463,0
          144.143415,-35.146248,0
        </coordinates>
      </LineString>
    </Placemark>
    <Placemark>
      <name>NULL</name>
      <description><![CDATA[description: <br>fid: 135<br>FType: 0<br>Owner: DTE<br>Usage: Unknown<br>Status: Unknown<br>Surface: Unknown<br>Restriction: Staff<br>Lanes: 0<br>GlobalID: {7B979683-3054-4F0F-94D9-12AB5154A87F}<br>created_user: WELNIG<br>last_edited_user: WELNIG<br>VehicleTravel: Unknown<br>VehicleRequirement: Unknown<br>VehicleLimitation: Unknown<br>SHAPE_Length: 0.359813977502<br>Source: ]]></description>
      <styleUrl>#line-FF5252-2163</styleUrl>
      <ExtendedData>
        <Data name="description">
          <value/>
        </Data>
        <Data name="fid">
          <value>135</value>
        </Data>
        <Data name="FType">
          <value>0</value>
        </Data>
        <Data name="Owner">
          <value>DTE</value>
        </Data>
        <Data name="Usage">
          <value>Unknown</value>
        </Data>
        <Data name="Status">
          <value>Unknown</value>
        </Data>
        <Data name="Surface">
          <value>Unknown</value>
        </Data>
        <Data name="Restriction">
          <value>Staff</value>
        </Data>
        <Data name="Lanes">
          <value>0</value>
        </Data>
        <Data name="GlobalID">
          <value>{7B979683-3054-4F0F-94D9-12AB5154A87F}</value>
        </Data>
        <Data name="created_user">
          <value>WELNIG</value>
        </Data>
        <Data name="last_edited_user">
          <value>WELNIG</value>
        </Data>
        <Data name="VehicleTravel">
          <value>Unknown</value>
        </Data>
        <Data name="VehicleRequirement">
          <value>Unknown</value>
        </Data>
        <Data name="VehicleLimitation">
          <value>Unknown</value>
        </Data>
        <Data name="SHAPE_Length">
          <value>0.359813977502</value>
        </Data>
        <Data name="Source">
          <value/>
        </Data>
      </ExtendedData>
      <LineString>
        <tessellate>1</tessellate>
        <coordinates>
          144.143415,-35.146248,0
          144.143417,-35.146249,0
        </coordinates>
      </LineString>
    </Placemark>
    <Placemark>
      <name>NULL</name>
      <description><![CDATA[description: <br>fid: 136<br>FType: 0<br>Owner: DTE<br>Usage: Unknown<br>Status: Unknown<br>Surface: Unknown<br>Restriction: Staff<br>Lanes: 0<br>GlobalID: {00D43308-FB9E-40AB-8B65-4C0249987303}<br>created_user: WELNIG<br>last_edited_user: WELNIG<br>VehicleTravel: Unknown<br>VehicleRequirement: Unknown<br>VehicleLimitation: Unknown<br>SHAPE_Length: 82.7448457617<br>Source: ]]></description>
      <styleUrl>#line-FF5252-2163</styleUrl>
      <ExtendedData>
        <Data name="description">
          <value/>
        </Data>
        <Data name="fid">
          <value>136</value>
        </Data>
        <Data name="FType">
          <value>0</value>
        </Data>
        <Data name="Owner">
          <value>DTE</value>
        </Data>
        <Data name="Usage">
          <value>Unknown</value>
        </Data>
        <Data name="Status">
          <value>Unknown</value>
        </Data>
        <Data name="Surface">
          <value>Unknown</value>
        </Data>
        <Data name="Restriction">
          <value>Staff</value>
        </Data>
        <Data name="Lanes">
          <value>0</value>
        </Data>
        <Data name="GlobalID">
          <value>{00D43308-FB9E-40AB-8B65-4C0249987303}</value>
        </Data>
        <Data name="created_user">
          <value>WELNIG</value>
        </Data>
        <Data name="last_edited_user">
          <value>WELNIG</value>
        </Data>
        <Data name="VehicleTravel">
          <value>Unknown</value>
        </Data>
        <Data name="VehicleRequirement">
          <value>Unknown</value>
        </Data>
        <Data name="VehicleLimitation">
          <value>Unknown</value>
        </Data>
        <Data name="SHAPE_Length">
          <value>82.7448457617</value>
        </Data>
        <Data name="Source">
          <value/>
        </Data>
      </ExtendedData>
      <LineString>
        <tessellate>1</tessellate>
        <coordinates>
          144.140691,-35.145776,0
          144.140654,-35.145934,0
          144.14064,-35.146086,0
          144.140612,-35.146158,0
          144.140556,-35.146173,0
          144.140471,-35.146154,0
          144.140367,-35.146105,0
        </coordinates>
      </LineString>
    </Placemark>
    <Placemark>
      <name>NULL</name>
      <description><![CDATA[description: <br>fid: 137<br>FType: 0<br>Owner: DTE<br>Usage: Unknown<br>Status: Unknown<br>Surface: Unknown<br>Restriction: Staff<br>Lanes: 0<br>GlobalID: {91DEA118-BE61-440E-8745-5C1072891726}<br>created_user: WELNIG<br>last_edited_user: WELNIG<br>VehicleTravel: Unknown<br>VehicleRequirement: Unknown<br>VehicleLimitation: Unknown<br>SHAPE_Length: 328.019002899<br>Source: ]]></description>
      <styleUrl>#line-FF5252-2163</styleUrl>
      <ExtendedData>
        <Data name="description">
          <value/>
        </Data>
        <Data name="fid">
          <value>137</value>
        </Data>
        <Data name="FType">
          <value>0</value>
        </Data>
        <Data name="Owner">
          <value>DTE</value>
        </Data>
        <Data name="Usage">
          <value>Unknown</value>
        </Data>
        <Data name="Status">
          <value>Unknown</value>
        </Data>
        <Data name="Surface">
          <value>Unknown</value>
        </Data>
        <Data name="Restriction">
          <value>Staff</value>
        </Data>
        <Data name="Lanes">
          <value>0</value>
        </Data>
        <Data name="GlobalID">
          <value>{91DEA118-BE61-440E-8745-5C1072891726}</value>
        </Data>
        <Data name="created_user">
          <value>WELNIG</value>
        </Data>
        <Data name="last_edited_user">
          <value>WELNIG</value>
        </Data>
        <Data name="VehicleTravel">
          <value>Unknown</value>
        </Data>
        <Data name="VehicleRequirement">
          <value>Unknown</value>
        </Data>
        <Data name="VehicleLimitation">
          <value>Unknown</value>
        </Data>
        <Data name="SHAPE_Length">
          <value>328.019002899</value>
        </Data>
        <Data name="Source">
          <value/>
        </Data>
      </ExtendedData>
      <LineString>
        <tessellate>1</tessellate>
        <coordinates>
          144.140691,-35.145776,0
          144.140854,-35.145867,0
          144.141109,-35.145938,0
          144.141267,-35.145947,0
          144.141442,-35.145879,0
          144.141614,-35.145802,0
          144.141781,-35.145758,0
          144.142036,-35.145775,0
          144.142384,-35.14587,0
          144.142613,-35.145921,0
          144.143109,-35.146127,0
          144.143415,-35.146248,0
        </coordinates>
      </LineString>
    </Placemark>
    <Placemark>
      <name>NULL</name>
      <description><![CDATA[description: <br>fid: 138<br>FType: 0<br>Owner: DTE<br>Usage: Unknown<br>Status: Unknown<br>Surface: Unknown<br>Restriction: Staff<br>Lanes: 0<br>GlobalID: {7DD98C11-AA8D-4B62-8F37-60C6853E8EEC}<br>created_user: WELNIG<br>last_edited_user: WELNIG<br>VehicleTravel: Unknown<br>VehicleRequirement: Unknown<br>VehicleLimitation: Unknown<br>SHAPE_Length: 220.31405858<br>Source: ]]></description>
      <styleUrl>#line-FF5252-2163</styleUrl>
      <ExtendedData>
        <Data name="description">
          <value/>
        </Data>
        <Data name="fid">
          <value>138</value>
        </Data>
        <Data name="FType">
          <value>0</value>
        </Data>
        <Data name="Owner">
          <value>DTE</value>
        </Data>
        <Data name="Usage">
          <value>Unknown</value>
        </Data>
        <Data name="Status">
          <value>Unknown</value>
        </Data>
        <Data name="Surface">
          <value>Unknown</value>
        </Data>
        <Data name="Restriction">
          <value>Staff</value>
        </Data>
        <Data name="Lanes">
          <value>0</value>
        </Data>
        <Data name="GlobalID">
          <value>{7DD98C11-AA8D-4B62-8F37-60C6853E8EEC}</value>
        </Data>
        <Data name="created_user">
          <value>WELNIG</value>
        </Data>
        <Data name="last_edited_user">
          <value>WELNIG</value>
        </Data>
        <Data name="VehicleTravel">
          <value>Unknown</value>
        </Data>
        <Data name="VehicleRequirement">
          <value>Unknown</value>
        </Data>
        <Data name="VehicleLimitation">
          <value>Unknown</value>
        </Data>
        <Data name="SHAPE_Length">
          <value>220.31405858</value>
        </Data>
        <Data name="Source">
          <value/>
        </Data>
      </ExtendedData>
      <LineString>
        <tessellate>1</tessellate>
        <coordinates>
          144.140412,-35.144798,0
          144.140215,-35.144953,0
          144.140048,-35.145094,0
          144.139841,-35.145426,0
          144.139513,-35.145613,0
          144.139057,-35.145945,0
        </coordinates>
      </LineString>
    </Placemark>
    <Placemark>
      <name>NULL</name>
      <description><![CDATA[description: <br>fid: 139<br>FType: 0<br>Owner: DTE<br>Usage: Unknown<br>Status: Unknown<br>Surface: Unknown<br>Restriction: Staff<br>Lanes: 0<br>GlobalID: {C40E9D8A-E3DA-4838-A489-EE15CD0161F2}<br>created_user: WELNIG<br>last_edited_user: WELNIG<br>VehicleTravel: Unknown<br>VehicleRequirement: Unknown<br>VehicleLimitation: Unknown<br>SHAPE_Length: 142.8750921<br>Source: ]]></description>
      <styleUrl>#line-FF5252-2163</styleUrl>
      <ExtendedData>
        <Data name="description">
          <value/>
        </Data>
        <Data name="fid">
          <value>139</value>
        </Data>
        <Data name="FType">
          <value>0</value>
        </Data>
        <Data name="Owner">
          <value>DTE</value>
        </Data>
        <Data name="Usage">
          <value>Unknown</value>
        </Data>
        <Data name="Status">
          <value>Unknown</value>
        </Data>
        <Data name="Surface">
          <value>Unknown</value>
        </Data>
        <Data name="Restriction">
          <value>Staff</value>
        </Data>
        <Data name="Lanes">
          <value>0</value>
        </Data>
        <Data name="GlobalID">
          <value>{C40E9D8A-E3DA-4838-A489-EE15CD0161F2}</value>
        </Data>
        <Data name="created_user">
          <value>WELNIG</value>
        </Data>
        <Data name="last_edited_user">
          <value>WELNIG</value>
        </Data>
        <Data name="VehicleTravel">
          <value>Unknown</value>
        </Data>
        <Data name="VehicleRequirement">
          <value>Unknown</value>
        </Data>
        <Data name="VehicleLimitation">
          <value>Unknown</value>
        </Data>
        <Data name="SHAPE_Length">
          <value>142.8750921</value>
        </Data>
        <Data name="Source">
          <value/>
        </Data>
      </ExtendedData>
      <LineString>
        <tessellate>1</tessellate>
        <coordinates>
          144.140412,-35.144798,0
          144.140386,-35.144978,0
          144.140408,-35.145152,0
          144.140471,-35.145436,0
          144.140519,-35.145568,0
          144.14067,-35.14567,0
          144.140691,-35.145776,0
        </coordinates>
      </LineString>
    </Placemark>
    <Placemark>
      <name>NULL</name>
      <description><![CDATA[description: <br>fid: 140<br>FType: 0<br>Owner: DTE<br>Usage: Unknown<br>Status: Unknown<br>Surface: Unknown<br>Restriction: Staff<br>Lanes: 0<br>GlobalID: {8A93238F-D9A5-4922-B6BC-CE08E420C212}<br>created_user: WELNIG<br>last_edited_user: WELNIG<br>VehicleTravel: Unknown<br>VehicleRequirement: Unknown<br>VehicleLimitation: Unknown<br>SHAPE_Length: 33.3985290183<br>Source: ]]></description>
      <styleUrl>#line-FF5252-2163</styleUrl>
      <ExtendedData>
        <Data name="description">
          <value/>
        </Data>
        <Data name="fid">
          <value>140</value>
        </Data>
        <Data name="FType">
          <value>0</value>
        </Data>
        <Data name="Owner">
          <value>DTE</value>
        </Data>
        <Data name="Usage">
          <value>Unknown</value>
        </Data>
        <Data name="Status">
          <value>Unknown</value>
        </Data>
        <Data name="Surface">
          <value>Unknown</value>
        </Data>
        <Data name="Restriction">
          <value>Staff</value>
        </Data>
        <Data name="Lanes">
          <value>0</value>
        </Data>
        <Data name="GlobalID">
          <value>{8A93238F-D9A5-4922-B6BC-CE08E420C212}</value>
        </Data>
        <Data name="created_user">
          <value>WELNIG</value>
        </Data>
        <Data name="last_edited_user">
          <value>WELNIG</value>
        </Data>
        <Data name="VehicleTravel">
          <value>Unknown</value>
        </Data>
        <Data name="VehicleRequirement">
          <value>Unknown</value>
        </Data>
        <Data name="VehicleLimitation">
          <value>Unknown</value>
        </Data>
        <Data name="SHAPE_Length">
          <value>33.3985290183</value>
        </Data>
        <Data name="Source">
          <value/>
        </Data>
      </ExtendedData>
      <LineString>
        <tessellate>1</tessellate>
        <coordinates>
          144.140639,-35.14464,0
          144.140523,-35.144708,0
          144.140412,-35.144798,0
        </coordinates>
      </LineString>
    </Placemark>
    <Placemark>
      <name>NULL</name>
      <description><![CDATA[description: <br>fid: 141<br>FType: 0<br>Owner: DTE<br>Usage: Unknown<br>Status: Unknown<br>Surface: Unknown<br>Restriction: Staff<br>Lanes: 0<br>GlobalID: {DCB112AC-3F44-4484-80F2-3907533F590C}<br>created_user: WELNIG<br>last_edited_user: WELNIG<br>VehicleTravel: Unknown<br>VehicleRequirement: Unknown<br>VehicleLimitation: Unknown<br>SHAPE_Length: 27.4423539508<br>Source: ]]></description>
      <styleUrl>#line-FF5252-2163</styleUrl>
      <ExtendedData>
        <Data name="description">
          <value/>
        </Data>
        <Data name="fid">
          <value>141</value>
        </Data>
        <Data name="FType">
          <value>0</value>
        </Data>
        <Data name="Owner">
          <value>DTE</value>
        </Data>
        <Data name="Usage">
          <value>Unknown</value>
        </Data>
        <Data name="Status">
          <value>Unknown</value>
        </Data>
        <Data name="Surface">
          <value>Unknown</value>
        </Data>
        <Data name="Restriction">
          <value>Staff</value>
        </Data>
        <Data name="Lanes">
          <value>0</value>
        </Data>
        <Data name="GlobalID">
          <value>{DCB112AC-3F44-4484-80F2-3907533F590C}</value>
        </Data>
        <Data name="created_user">
          <value>WELNIG</value>
        </Data>
        <Data name="last_edited_user">
          <value>WELNIG</value>
        </Data>
        <Data name="VehicleTravel">
          <value>Unknown</value>
        </Data>
        <Data name="VehicleRequirement">
          <value>Unknown</value>
        </Data>
        <Data name="VehicleLimitation">
          <value>Unknown</value>
        </Data>
        <Data name="SHAPE_Length">
          <value>27.4423539508</value>
        </Data>
        <Data name="Source">
          <value/>
        </Data>
      </ExtendedData>
      <LineString>
        <tessellate>1</tessellate>
        <coordinates>
          144.140412,-35.144798,0
          144.140375,-35.14467,0
          144.140318,-35.144618,0
        </coordinates>
      </LineString>
    </Placemark>
    <Placemark>
      <name>NULL</name>
      <description><![CDATA[description: <br>fid: 142<br>FType: 0<br>Owner: DTE<br>Usage: Unknown<br>Status: Unknown<br>Surface: Unknown<br>Restriction: Staff<br>Lanes: 0<br>GlobalID: {15FC06B5-13D9-4A72-81D8-7884A0ACE2B5}<br>created_user: WELNIG<br>last_edited_user: WELNIG<br>VehicleTravel: Unknown<br>VehicleRequirement: Unknown<br>VehicleLimitation: Unknown<br>SHAPE_Length: 37.9524030373<br>Source: ]]></description>
      <styleUrl>#line-FF5252-2163</styleUrl>
      <ExtendedData>
        <Data name="description">
          <value/>
        </Data>
        <Data name="fid">
          <value>142</value>
        </Data>
        <Data name="FType">
          <value>0</value>
        </Data>
        <Data name="Owner">
          <value>DTE</value>
        </Data>
        <Data name="Usage">
          <value>Unknown</value>
        </Data>
        <Data name="Status">
          <value>Unknown</value>
        </Data>
        <Data name="Surface">
          <value>Unknown</value>
        </Data>
        <Data name="Restriction">
          <value>Staff</value>
        </Data>
        <Data name="Lanes">
          <value>0</value>
        </Data>
        <Data name="GlobalID">
          <value>{15FC06B5-13D9-4A72-81D8-7884A0ACE2B5}</value>
        </Data>
        <Data name="created_user">
          <value>WELNIG</value>
        </Data>
        <Data name="last_edited_user">
          <value>WELNIG</value>
        </Data>
        <Data name="VehicleTravel">
          <value>Unknown</value>
        </Data>
        <Data name="VehicleRequirement">
          <value>Unknown</value>
        </Data>
        <Data name="VehicleLimitation">
          <value>Unknown</value>
        </Data>
        <Data name="SHAPE_Length">
          <value>37.9524030373</value>
        </Data>
        <Data name="Source">
          <value/>
        </Data>
      </ExtendedData>
      <LineString>
        <tessellate>1</tessellate>
        <coordinates>
          144.140639,-35.14464,0
          144.140467,-35.144674,0
          144.14042,-35.144657,0
          144.140318,-35.144618,0
        </coordinates>
      </LineString>
    </Placemark>
    <Placemark>
      <name>NULL</name>
      <description><![CDATA[description: <br>fid: 143<br>FType: 0<br>Owner: DTE<br>Usage: Unknown<br>Status: Unknown<br>Surface: Unknown<br>Restriction: Staff<br>Lanes: 0<br>GlobalID: {E196C66B-44F7-4BC5-A824-2D3B8B928C72}<br>created_user: WELNIG<br>last_edited_user: WELNIG<br>VehicleTravel: Unknown<br>VehicleRequirement: Unknown<br>VehicleLimitation: Unknown<br>SHAPE_Length: 353.38532181<br>Source: ]]></description>
      <styleUrl>#line-FF5252-2163</styleUrl>
      <ExtendedData>
        <Data name="description">
          <value/>
        </Data>
        <Data name="fid">
          <value>143</value>
        </Data>
        <Data name="FType">
          <value>0</value>
        </Data>
        <Data name="Owner">
          <value>DTE</value>
        </Data>
        <Data name="Usage">
          <value>Unknown</value>
        </Data>
        <Data name="Status">
          <value>Unknown</value>
        </Data>
        <Data name="Surface">
          <value>Unknown</value>
        </Data>
        <Data name="Restriction">
          <value>Staff</value>
        </Data>
        <Data name="Lanes">
          <value>0</value>
        </Data>
        <Data name="GlobalID">
          <value>{E196C66B-44F7-4BC5-A824-2D3B8B928C72}</value>
        </Data>
        <Data name="created_user">
          <value>WELNIG</value>
        </Data>
        <Data name="last_edited_user">
          <value>WELNIG</value>
        </Data>
        <Data name="VehicleTravel">
          <value>Unknown</value>
        </Data>
        <Data name="VehicleRequirement">
          <value>Unknown</value>
        </Data>
        <Data name="VehicleLimitation">
          <value>Unknown</value>
        </Data>
        <Data name="SHAPE_Length">
          <value>353.38532181</value>
        </Data>
        <Data name="Source">
          <value/>
        </Data>
      </ExtendedData>
      <LineString>
        <tessellate>1</tessellate>
        <coordinates>
          144.143415,-35.146248,0
          144.143327,-35.146156,0
          144.143235,-35.145969,0
          144.143168,-35.14588,0
          144.143068,-35.145785,0
          144.142947,-35.14566,0
          144.142767,-35.145514,0
          144.14255,-35.145439,0
          144.142294,-35.145351,0
          144.142063,-35.14525,0
          144.141749,-35.145077,0
          144.141511,-35.144911,0
          144.141341,-35.144741,0
          144.141241,-35.144603,0
          144.141137,-35.144546,0
        </coordinates>
      </LineString>
    </Placemark>
    <Placemark>
      <name>NULL</name>
      <description><![CDATA[description: <br>fid: 144<br>FType: 0<br>Owner: DTE<br>Usage: Unknown<br>Status: Unknown<br>Surface: Unknown<br>Restriction: Staff<br>Lanes: 0<br>GlobalID: {12972247-EC0A-4691-AA27-1B22749C414A}<br>created_user: WELNIG<br>last_edited_user: WELNIG<br>VehicleTravel: Unknown<br>VehicleRequirement: Unknown<br>VehicleLimitation: Unknown<br>SHAPE_Length: 58.3884111766<br>Source: ]]></description>
      <styleUrl>#line-FF5252-2163</styleUrl>
      <ExtendedData>
        <Data name="description">
          <value/>
        </Data>
        <Data name="fid">
          <value>144</value>
        </Data>
        <Data name="FType">
          <value>0</value>
        </Data>
        <Data name="Owner">
          <value>DTE</value>
        </Data>
        <Data name="Usage">
          <value>Unknown</value>
        </Data>
        <Data name="Status">
          <value>Unknown</value>
        </Data>
        <Data name="Surface">
          <value>Unknown</value>
        </Data>
        <Data name="Restriction">
          <value>Staff</value>
        </Data>
        <Data name="Lanes">
          <value>0</value>
        </Data>
        <Data name="GlobalID">
          <value>{12972247-EC0A-4691-AA27-1B22749C414A}</value>
        </Data>
        <Data name="created_user">
          <value>WELNIG</value>
        </Data>
        <Data name="last_edited_user">
          <value>WELNIG</value>
        </Data>
        <Data name="VehicleTravel">
          <value>Unknown</value>
        </Data>
        <Data name="VehicleRequirement">
          <value>Unknown</value>
        </Data>
        <Data name="VehicleLimitation">
          <value>Unknown</value>
        </Data>
        <Data name="SHAPE_Length">
          <value>58.3884111766</value>
        </Data>
        <Data name="Source">
          <value/>
        </Data>
      </ExtendedData>
      <LineString>
        <tessellate>1</tessellate>
        <coordinates>
          144.141137,-35.144546,0
          144.141025,-35.144527,0
          144.140851,-35.144585,0
          144.140639,-35.14464,0
        </coordinates>
      </LineString>
    </Placemark>
    <Placemark>
      <name>NULL</name>
      <description><![CDATA[description: <br>fid: 145<br>FType: 0<br>Owner: DTE<br>Usage: Unknown<br>Status: Unknown<br>Surface: Unknown<br>Restriction: Staff<br>Lanes: 0<br>GlobalID: {E5C2AA88-3962-4CEE-A290-C224087A523C}<br>created_user: WELNIG<br>last_edited_user: WELNIG<br>VehicleTravel: Unknown<br>VehicleRequirement: Unknown<br>VehicleLimitation: Unknown<br>SHAPE_Length: 122.388425819<br>Source: ]]></description>
      <styleUrl>#line-FF5252-2163</styleUrl>
      <ExtendedData>
        <Data name="description">
          <value/>
        </Data>
        <Data name="fid">
          <value>145</value>
        </Data>
        <Data name="FType">
          <value>0</value>
        </Data>
        <Data name="Owner">
          <value>DTE</value>
        </Data>
        <Data name="Usage">
          <value>Unknown</value>
        </Data>
        <Data name="Status">
          <value>Unknown</value>
        </Data>
        <Data name="Surface">
          <value>Unknown</value>
        </Data>
        <Data name="Restriction">
          <value>Staff</value>
        </Data>
        <Data name="Lanes">
          <value>0</value>
        </Data>
        <Data name="GlobalID">
          <value>{E5C2AA88-3962-4CEE-A290-C224087A523C}</value>
        </Data>
        <Data name="created_user">
          <value>WELNIG</value>
        </Data>
        <Data name="last_edited_user">
          <value>WELNIG</value>
        </Data>
        <Data name="VehicleTravel">
          <value>Unknown</value>
        </Data>
        <Data name="VehicleRequirement">
          <value>Unknown</value>
        </Data>
        <Data name="VehicleLimitation">
          <value>Unknown</value>
        </Data>
        <Data name="SHAPE_Length">
          <value>122.388425819</value>
        </Data>
        <Data name="Source">
          <value/>
        </Data>
      </ExtendedData>
      <LineString>
        <tessellate>1</tessellate>
        <coordinates>
          144.141137,-35.144546,0
          144.141273,-35.144341,0
          144.141486,-35.144101,0
          144.141529,-35.144013,0
          144.141584,-35.143911,0
          144.141781,-35.143888,0
        </coordinates>
      </LineString>
    </Placemark>
    <Placemark>
      <name>NULL</name>
      <description><![CDATA[description: <br>fid: 146<br>FType: 0<br>Owner: DTE<br>Usage: Unknown<br>Status: Unknown<br>Surface: Unknown<br>Restriction: Staff<br>Lanes: 0<br>GlobalID: {CE4A9259-B806-4BAC-B9DC-7B90190AF7E6}<br>created_user: WELNIG<br>last_edited_user: WELNIG<br>VehicleTravel: Unknown<br>VehicleRequirement: Unknown<br>VehicleLimitation: Unknown<br>SHAPE_Length: 96.8538509829<br>Source: ]]></description>
      <styleUrl>#line-FF5252-2163</styleUrl>
      <ExtendedData>
        <Data name="description">
          <value/>
        </Data>
        <Data name="fid">
          <value>146</value>
        </Data>
        <Data name="FType">
          <value>0</value>
        </Data>
        <Data name="Owner">
          <value>DTE</value>
        </Data>
        <Data name="Usage">
          <value>Unknown</value>
        </Data>
        <Data name="Status">
          <value>Unknown</value>
        </Data>
        <Data name="Surface">
          <value>Unknown</value>
        </Data>
        <Data name="Restriction">
          <value>Staff</value>
        </Data>
        <Data name="Lanes">
          <value>0</value>
        </Data>
        <Data name="GlobalID">
          <value>{CE4A9259-B806-4BAC-B9DC-7B90190AF7E6}</value>
        </Data>
        <Data name="created_user">
          <value>WELNIG</value>
        </Data>
        <Data name="last_edited_user">
          <value>WELNIG</value>
        </Data>
        <Data name="VehicleTravel">
          <value>Unknown</value>
        </Data>
        <Data name="VehicleRequirement">
          <value>Unknown</value>
        </Data>
        <Data name="VehicleLimitation">
          <value>Unknown</value>
        </Data>
        <Data name="SHAPE_Length">
          <value>96.8538509829</value>
        </Data>
        <Data name="Source">
          <value/>
        </Data>
      </ExtendedData>
      <LineString>
        <tessellate>1</tessellate>
        <coordinates>
          144.141781,-35.143888,0
          144.142082,-35.143882,0
          144.142394,-35.14387,0
          144.142631,-35.14379,0
        </coordinates>
      </LineString>
    </Placemark>
    <Placemark>
      <name>Friendship Drive</name>
      <description><![CDATA[description: <br>fid: 148<br>FType: 0<br>Owner: DTE<br>Usage: Unknown<br>Status: Unknown<br>Surface: Unknown<br>Restriction: Staff<br>Lanes: 0<br>GlobalID: {7898ECB8-AFB5-48CF-BD49-9FF9AB589455}<br>created_user: WELNIG<br>last_edited_user: WELNIG<br>VehicleTravel: Unknown<br>VehicleRequirement: Unknown<br>VehicleLimitation: Unknown<br>SHAPE_Length: 998.092409705<br>Source: ]]></description>
      <styleUrl>#line-FF5252-2163</styleUrl>
      <ExtendedData>
        <Data name="description">
          <value/>
        </Data>
        <Data name="fid">
          <value>148</value>
        </Data>
        <Data name="FType">
          <value>0</value>
        </Data>
        <Data name="Owner">
          <value>DTE</value>
        </Data>
        <Data name="Usage">
          <value>Unknown</value>
        </Data>
        <Data name="Status">
          <value>Unknown</value>
        </Data>
        <Data name="Surface">
          <value>Unknown</value>
        </Data>
        <Data name="Restriction">
          <value>Staff</value>
        </Data>
        <Data name="Lanes">
          <value>0</value>
        </Data>
        <Data name="GlobalID">
          <value>{7898ECB8-AFB5-48CF-BD49-9FF9AB589455}</value>
        </Data>
        <Data name="created_user">
          <value>WELNIG</value>
        </Data>
        <Data name="last_edited_user">
          <value>WELNIG</value>
        </Data>
        <Data name="VehicleTravel">
          <value>Unknown</value>
        </Data>
        <Data name="VehicleRequirement">
          <value>Unknown</value>
        </Data>
        <Data name="VehicleLimitation">
          <value>Unknown</value>
        </Data>
        <Data name="SHAPE_Length">
          <value>998.092409705</value>
        </Data>
        <Data name="Source">
          <value/>
        </Data>
      </ExtendedData>
      <LineString>
        <tessellate>1</tessellate>
        <coordinates>
          144.148892,-35.143606,0
          144.149064,-35.143665,0
          144.149248,-35.143699,0
          144.149486,-35.143718,0
          144.149789,-35.143747,0
          144.150062,-35.143772,0
          144.150252,-35.143791,0
          144.150431,-35.143801,0
          144.150594,-35.143837,0
          144.150721,-35.143912,0
          144.150776,-35.144039,0
          144.150793,-35.14418,0
          144.150728,-35.144408,0
          144.150609,-35.1447,0
          144.150544,-35.144879,0
          144.150454,-35.145108,0
          144.150342,-35.14537,0
          144.150229,-35.145608,0
          144.150145,-35.145807,0
          144.150062,-35.145948,0
          144.149961,-35.146118,0
          144.149819,-35.146366,0
          144.149694,-35.146575,0
          144.149593,-35.146779,0
          144.149474,-35.147041,0
          144.149385,-35.14728,0
          144.149308,-35.147508,0
          144.149207,-35.147761,0
          144.149147,-35.147979,0
          144.149064,-35.148212,0
          144.148826,-35.148931,0
          144.14869,-35.149374,0
        </coordinates>
      </LineString>
    </Placemark>
    <Placemark>
      <name>NULL</name>
      <description><![CDATA[description: <br>fid: 149<br>FType: 0<br>Owner: DTE<br>Usage: Unknown<br>Status: Unknown<br>Surface: Unknown<br>Restriction: Staff<br>Lanes: 0<br>GlobalID: {0D7605AA-D788-42AC-AA0D-91B99E019CDC}<br>created_user: WELNIG<br>last_edited_user: WELNIG<br>VehicleTravel: Unknown<br>VehicleRequirement: Unknown<br>VehicleLimitation: Unknown<br>SHAPE_Length: 277.833988116<br>Source: ]]></description>
      <styleUrl>#line-FF5252-2163</styleUrl>
      <ExtendedData>
        <Data name="description">
          <value/>
        </Data>
        <Data name="fid">
          <value>149</value>
        </Data>
        <Data name="FType">
          <value>0</value>
        </Data>
        <Data name="Owner">
          <value>DTE</value>
        </Data>
        <Data name="Usage">
          <value>Unknown</value>
        </Data>
        <Data name="Status">
          <value>Unknown</value>
        </Data>
        <Data name="Surface">
          <value>Unknown</value>
        </Data>
        <Data name="Restriction">
          <value>Staff</value>
        </Data>
        <Data name="Lanes">
          <value>0</value>
        </Data>
        <Data name="GlobalID">
          <value>{0D7605AA-D788-42AC-AA0D-91B99E019CDC}</value>
        </Data>
        <Data name="created_user">
          <value>WELNIG</value>
        </Data>
        <Data name="last_edited_user">
          <value>WELNIG</value>
        </Data>
        <Data name="VehicleTravel">
          <value>Unknown</value>
        </Data>
        <Data name="VehicleRequirement">
          <value>Unknown</value>
        </Data>
        <Data name="VehicleLimitation">
          <value>Unknown</value>
        </Data>
        <Data name="SHAPE_Length">
          <value>277.833988116</value>
        </Data>
        <Data name="Source">
          <value/>
        </Data>
      </ExtendedData>
      <LineString>
        <tessellate>1</tessellate>
        <coordinates>
          144.141781,-35.143888,0
          144.141508,-35.143776,0
          144.141279,-35.143682,0
          144.141146,-35.14367,0
          144.141044,-35.14367,0
          144.140963,-35.143668,0
          144.140933,-35.143616,0
          144.14087,-35.143373,0
          144.140829,-35.143242,0
          144.14081,-35.142997,0
          144.140752,-35.14288,0
          144.140746,-35.142738,0
          144.140748,-35.142568,0
          144.140771,-35.142398,0
          144.140787,-35.142375,0
        </coordinates>
      </LineString>
    </Placemark>
    <Placemark>
      <name>NULL</name>
      <description><![CDATA[description: <br>fid: 150<br>FType: 0<br>Owner: DTE<br>Usage: Unknown<br>Status: Unknown<br>Surface: Unknown<br>Restriction: Staff<br>Lanes: 0<br>GlobalID: {2799B2F5-0939-4A6B-9456-40F0355BF43D}<br>created_user: WELNIG<br>last_edited_user: WELNIG<br>VehicleTravel: Unknown<br>VehicleRequirement: Unknown<br>VehicleLimitation: Unknown<br>SHAPE_Length: 964.702032287<br>Source: ]]></description>
      <styleUrl>#line-FF5252-2163</styleUrl>
      <ExtendedData>
        <Data name="description">
          <value/>
        </Data>
        <Data name="fid">
          <value>150</value>
        </Data>
        <Data name="FType">
          <value>0</value>
        </Data>
        <Data name="Owner">
          <value>DTE</value>
        </Data>
        <Data name="Usage">
          <value>Unknown</value>
        </Data>
        <Data name="Status">
          <value>Unknown</value>
        </Data>
        <Data name="Surface">
          <value>Unknown</value>
        </Data>
        <Data name="Restriction">
          <value>Staff</value>
        </Data>
        <Data name="Lanes">
          <value>0</value>
        </Data>
        <Data name="GlobalID">
          <value>{2799B2F5-0939-4A6B-9456-40F0355BF43D}</value>
        </Data>
        <Data name="created_user">
          <value>WELNIG</value>
        </Data>
        <Data name="last_edited_user">
          <value>WELNIG</value>
        </Data>
        <Data name="VehicleTravel">
          <value>Unknown</value>
        </Data>
        <Data name="VehicleRequirement">
          <value>Unknown</value>
        </Data>
        <Data name="VehicleLimitation">
          <value>Unknown</value>
        </Data>
        <Data name="SHAPE_Length">
          <value>964.702032287</value>
        </Data>
        <Data name="Source">
          <value/>
        </Data>
      </ExtendedData>
      <LineString>
        <tessellate>1</tessellate>
        <coordinates>
          144.140787,-35.142375,0
          144.140805,-35.142348,0
          144.140968,-35.14227,0
          144.141101,-35.142244,0
          144.141197,-35.14227,0
          144.141341,-35.142355,0
          144.141398,-35.142425,0
          144.141624,-35.142471,0
          144.142082,-35.142563,0
          144.142278,-35.142585,0
          144.14245,-35.142588,0
          144.142607,-35.142502,0
          144.142758,-35.142426,0
          144.142874,-35.142441,0
          144.143075,-35.142555,0
          144.143216,-35.142606,0
          144.143397,-35.142691,0
          144.143592,-35.142805,0
          144.143769,-35.142767,0
          144.143909,-35.142728,0
          144.144106,-35.142765,0
          144.144235,-35.142873,0
          144.14437,-35.143088,0
          144.144338,-35.143287,0
          144.144307,-35.143406,0
          144.14439,-35.143537,0
          144.144575,-35.143664,0
          144.144712,-35.143821,0
          144.14483,-35.144043,0
          144.144925,-35.144198,0
          144.144954,-35.144373,0
          144.144902,-35.144576,0
          144.14491,-35.144687,0
          144.145028,-35.144867,0
          144.145069,-35.145161,0
          144.145068,-35.145291,0
          144.144991,-35.145483,0
          144.144942,-35.145619,0
          144.144951,-35.145725,0
          144.145071,-35.145898,0
          144.145276,-35.146133,0
          144.145551,-35.146346,0
          144.145582,-35.14637,0
        </coordinates>
      </LineString>
    </Placemark>
    <Placemark>
      <name>NULL</name>
      <description><![CDATA[description: <br>fid: 151<br>FType: 0<br>Owner: DTE<br>Usage: Unknown<br>Status: Unknown<br>Surface: Unknown<br>Restriction: Staff<br>Lanes: 0<br>GlobalID: {AC47337C-E063-4A35-9EA5-6843C5BC8EBA}<br>created_user: WELNIG<br>last_edited_user: WELNIG<br>VehicleTravel: Unknown<br>VehicleRequirement: Unknown<br>VehicleLimitation: Unknown<br>SHAPE_Length: 511.302463509<br>Source: ]]></description>
      <styleUrl>#line-FF5252-2163</styleUrl>
      <ExtendedData>
        <Data name="description">
          <value/>
        </Data>
        <Data name="fid">
          <value>151</value>
        </Data>
        <Data name="FType">
          <value>0</value>
        </Data>
        <Data name="Owner">
          <value>DTE</value>
        </Data>
        <Data name="Usage">
          <value>Unknown</value>
        </Data>
        <Data name="Status">
          <value>Unknown</value>
        </Data>
        <Data name="Surface">
          <value>Unknown</value>
        </Data>
        <Data name="Restriction">
          <value>Staff</value>
        </Data>
        <Data name="Lanes">
          <value>0</value>
        </Data>
        <Data name="GlobalID">
          <value>{AC47337C-E063-4A35-9EA5-6843C5BC8EBA}</value>
        </Data>
        <Data name="created_user">
          <value>WELNIG</value>
        </Data>
        <Data name="last_edited_user">
          <value>WELNIG</value>
        </Data>
        <Data name="VehicleTravel">
          <value>Unknown</value>
        </Data>
        <Data name="VehicleRequirement">
          <value>Unknown</value>
        </Data>
        <Data name="VehicleLimitation">
          <value>Unknown</value>
        </Data>
        <Data name="SHAPE_Length">
          <value>511.302463509</value>
        </Data>
        <Data name="Source">
          <value/>
        </Data>
      </ExtendedData>
      <LineString>
        <tessellate>1</tessellate>
        <coordinates>
          144.140318,-35.144618,0
          144.140244,-35.144543,0
          144.140178,-35.144495,0
          144.139885,-35.144467,0
          144.13959,-35.144452,0
          144.139473,-35.144434,0
          144.139353,-35.144386,0
          144.139295,-35.144328,0
          144.139265,-35.144234,0
          144.139311,-35.144125,0
          144.139538,-35.143853,0
          144.139611,-35.143702,0
          144.139697,-35.143512,0
          144.139836,-35.143369,0
          144.139978,-35.143276,0
          144.140023,-35.143185,0
          144.139949,-35.143033,0
          144.139911,-35.142937,0
          144.139895,-35.14281,0
          144.139951,-35.142673,0
          144.140067,-35.142489,0
          144.140186,-35.142341,0
          144.140304,-35.142257,0
          144.140416,-35.142227,0
          144.140515,-35.142242,0
          144.140787,-35.142375,0
        </coordinates>
      </LineString>
    </Placemark>
    <Placemark>
      <name>Friendship Drive</name>
      <description><![CDATA[description: <br>fid: 152<br>FType: 0<br>Owner: DTE<br>Usage: Unknown<br>Status: Unknown<br>Surface: Unknown<br>Restriction: Staff<br>Lanes: 0<br>GlobalID: {8A9A9782-61E4-4905-87E0-69665EA5712F}<br>created_user: WELNIG<br>last_edited_user: WELNIG<br>VehicleTravel: Unknown<br>VehicleRequirement: Unknown<br>VehicleLimitation: Unknown<br>SHAPE_Length: 565.736381095<br>Source: ]]></description>
      <styleUrl>#line-FF5252-2163</styleUrl>
      <ExtendedData>
        <Data name="description">
          <value/>
        </Data>
        <Data name="fid">
          <value>152</value>
        </Data>
        <Data name="FType">
          <value>0</value>
        </Data>
        <Data name="Owner">
          <value>DTE</value>
        </Data>
        <Data name="Usage">
          <value>Unknown</value>
        </Data>
        <Data name="Status">
          <value>Unknown</value>
        </Data>
        <Data name="Surface">
          <value>Unknown</value>
        </Data>
        <Data name="Restriction">
          <value>Staff</value>
        </Data>
        <Data name="Lanes">
          <value>0</value>
        </Data>
        <Data name="GlobalID">
          <value>{8A9A9782-61E4-4905-87E0-69665EA5712F}</value>
        </Data>
        <Data name="created_user">
          <value>WELNIG</value>
        </Data>
        <Data name="last_edited_user">
          <value>WELNIG</value>
        </Data>
        <Data name="VehicleTravel">
          <value>Unknown</value>
        </Data>
        <Data name="VehicleRequirement">
          <value>Unknown</value>
        </Data>
        <Data name="VehicleLimitation">
          <value>Unknown</value>
        </Data>
        <Data name="SHAPE_Length">
          <value>565.736381095</value>
        </Data>
        <Data name="Source">
          <value/>
        </Data>
      </ExtendedData>
      <LineString>
        <tessellate>1</tessellate>
        <coordinates>
          144.145427,-35.140614,0
          144.145576,-35.14074,0
          144.145832,-35.140982,0
          144.146022,-35.141206,0
          144.146218,-35.141391,0
          144.146396,-35.141517,0
          144.146663,-35.141692,0
          144.146901,-35.141843,0
          144.14718,-35.142071,0
          144.14743,-35.142294,0
          144.147721,-35.142532,0
          144.14785,-35.142744,0
          144.147999,-35.142873,0
          144.148107,-35.142999,0
          144.148214,-35.14314,0
          144.148363,-35.143266,0
          144.148601,-35.143436,0
          144.148809,-35.143553,0
          144.148892,-35.143606,0
        </coordinates>
      </LineString>
    </Placemark>
    <Placemark>
      <name>NULL</name>
      <description><![CDATA[description: <br>fid: 153<br>FType: 0<br>Owner: DTE<br>Usage: Unknown<br>Status: Unknown<br>Surface: Unknown<br>Restriction: Staff<br>Lanes: 0<br>GlobalID: {8BC5350E-DC3B-4CAF-8B38-377A63BD1834}<br>created_user: WELNIG<br>last_edited_user: WELNIG<br>VehicleTravel: Unknown<br>VehicleRequirement: Unknown<br>VehicleLimitation: Unknown<br>SHAPE_Length: 57.1894042993<br>Source: ]]></description>
      <styleUrl>#line-FF5252-2163</styleUrl>
      <ExtendedData>
        <Data name="description">
          <value/>
        </Data>
        <Data name="fid">
          <value>153</value>
        </Data>
        <Data name="FType">
          <value>0</value>
        </Data>
        <Data name="Owner">
          <value>DTE</value>
        </Data>
        <Data name="Usage">
          <value>Unknown</value>
        </Data>
        <Data name="Status">
          <value>Unknown</value>
        </Data>
        <Data name="Surface">
          <value>Unknown</value>
        </Data>
        <Data name="Restriction">
          <value>Staff</value>
        </Data>
        <Data name="Lanes">
          <value>0</value>
        </Data>
        <Data name="GlobalID">
          <value>{8BC5350E-DC3B-4CAF-8B38-377A63BD1834}</value>
        </Data>
        <Data name="created_user">
          <value>WELNIG</value>
        </Data>
        <Data name="last_edited_user">
          <value>WELNIG</value>
        </Data>
        <Data name="VehicleTravel">
          <value>Unknown</value>
        </Data>
        <Data name="VehicleRequirement">
          <value>Unknown</value>
        </Data>
        <Data name="VehicleLimitation">
          <value>Unknown</value>
        </Data>
        <Data name="SHAPE_Length">
          <value>57.1894042993</value>
        </Data>
        <Data name="Source">
          <value/>
        </Data>
      </ExtendedData>
      <LineString>
        <tessellate>1</tessellate>
        <coordinates>
          144.145059,-35.140322,0
          144.14519,-35.140433,0
          144.145374,-35.140569,0
          144.145427,-35.140614,0
        </coordinates>
      </LineString>
    </Placemark>
    <Placemark>
      <name>NULL</name>
      <description><![CDATA[description: <br>fid: 155<br>FType: 0<br>Owner: DTE<br>Usage: Disused<br>Status: Unknown<br>Surface: Unknown<br>Restriction: Staff<br>Lanes: 0<br>GlobalID: {34D965B8-0E4B-43DD-AD3D-75BDA4FB56A3}<br>created_user: WELNIG<br>last_edited_user: WELNIG<br>VehicleTravel: Unknown<br>VehicleRequirement: Unknown<br>VehicleLimitation: Unknown<br>SHAPE_Length: 1211.68097263<br>Source: ]]></description>
      <styleUrl>#line-FF5252-2163</styleUrl>
      <ExtendedData>
        <Data name="description">
          <value/>
        </Data>
        <Data name="fid">
          <value>155</value>
        </Data>
        <Data name="FType">
          <value>0</value>
        </Data>
        <Data name="Owner">
          <value>DTE</value>
        </Data>
        <Data name="Usage">
          <value>Disused</value>
        </Data>
        <Data name="Status">
          <value>Unknown</value>
        </Data>
        <Data name="Surface">
          <value>Unknown</value>
        </Data>
        <Data name="Restriction">
          <value>Staff</value>
        </Data>
        <Data name="Lanes">
          <value>0</value>
        </Data>
        <Data name="GlobalID">
          <value>{34D965B8-0E4B-43DD-AD3D-75BDA4FB56A3}</value>
        </Data>
        <Data name="created_user">
          <value>WELNIG</value>
        </Data>
        <Data name="last_edited_user">
          <value>WELNIG</value>
        </Data>
        <Data name="VehicleTravel">
          <value>Unknown</value>
        </Data>
        <Data name="VehicleRequirement">
          <value>Unknown</value>
        </Data>
        <Data name="VehicleLimitation">
          <value>Unknown</value>
        </Data>
        <Data name="SHAPE_Length">
          <value>1211.68097263</value>
        </Data>
        <Data name="Source">
          <value/>
        </Data>
      </ExtendedData>
      <LineString>
        <tessellate>1</tessellate>
        <coordinates>
          144.154101,-35.136012,0
          144.149161,-35.137272,0
          144.149033,-35.137342,0
          144.148962,-35.137476,0
          144.148862,-35.137593,0
          144.148659,-35.137736,0
          144.148445,-35.137899,0
          144.148352,-35.13803,0
          144.148238,-35.138129,0
          144.147978,-35.138281,0
          144.147885,-35.138383,0
          144.147857,-35.138508,0
          144.147817,-35.13859,0
          144.147778,-35.13866,0
          144.147682,-35.138675,0
          144.147529,-35.138712,0
          144.1474,-35.1388,0
          144.147268,-35.138908,0
          144.147143,-35.1391,0
          144.147122,-35.139217,0
          144.146976,-35.139354,0
          144.146709,-35.13964,0
          144.146438,-35.139931,0
          144.146184,-35.140173,0
          144.145885,-35.140386,0
          144.145774,-35.140469,0
          144.145427,-35.140614,0
        </coordinates>
      </LineString>
    </Placemark>
    <Placemark>
      <name>NULL</name>
      <description><![CDATA[description: <br>fid: 158<br>FType: 0<br>Owner: Other<br>Usage: Unknown<br>Status: Unknown<br>Surface: Unknown<br>Restriction: Unknown<br>Lanes: 0<br>GlobalID: {7336A938-7EC5-415B-971A-22BAF949BC4B}<br>created_user: WELNIG<br>last_edited_user: WELNIG<br>VehicleTravel: Unknown<br>VehicleRequirement: Unknown<br>VehicleLimitation: Unknown<br>SHAPE_Length: 1617.48041878<br>Source: ]]></description>
      <styleUrl>#line-FF5252-2163</styleUrl>
      <ExtendedData>
        <Data name="description">
          <value/>
        </Data>
        <Data name="fid">
          <value>158</value>
        </Data>
        <Data name="FType">
          <value>0</value>
        </Data>
        <Data name="Owner">
          <value>Other</value>
        </Data>
        <Data name="Usage">
          <value>Unknown</value>
        </Data>
        <Data name="Status">
          <value>Unknown</value>
        </Data>
        <Data name="Surface">
          <value>Unknown</value>
        </Data>
        <Data name="Restriction">
          <value>Unknown</value>
        </Data>
        <Data name="Lanes">
          <value>0</value>
        </Data>
        <Data name="GlobalID">
          <value>{7336A938-7EC5-415B-971A-22BAF949BC4B}</value>
        </Data>
        <Data name="created_user">
          <value>WELNIG</value>
        </Data>
        <Data name="last_edited_user">
          <value>WELNIG</value>
        </Data>
        <Data name="VehicleTravel">
          <value>Unknown</value>
        </Data>
        <Data name="VehicleRequirement">
          <value>Unknown</value>
        </Data>
        <Data name="VehicleLimitation">
          <value>Unknown</value>
        </Data>
        <Data name="SHAPE_Length">
          <value>1617.48041878</value>
        </Data>
        <Data name="Source">
          <value/>
        </Data>
      </ExtendedData>
      <LineString>
        <tessellate>1</tessellate>
        <coordinates>
          144.1364,-35.150757,0
          144.136419,-35.150617,0
          144.136421,-35.150465,0
          144.1364,-35.150354,0
          144.136341,-35.150158,0
          144.136219,-35.14989,0
          144.136112,-35.149686,0
          144.136046,-35.149525,0
          144.135998,-35.149363,0
          144.135965,-35.149218,0
          144.135946,-35.14906,0
          144.135918,-35.148846,0
          144.135894,-35.148623,0
          144.135846,-35.148432,0
          144.135775,-35.148147,0
          144.135718,-35.147919,0
          144.135642,-35.147686,0
          144.135549,-35.147412,0
          144.135513,-35.14729,0
          144.135516,-35.147202,0
          144.13555,-35.147117,0
          144.13559,-35.147014,0
          144.135639,-35.146924,0
          144.135656,-35.146848,0
          144.135666,-35.146732,0
          144.135677,-35.146629,0
          144.135689,-35.14651,0
          144.135711,-35.146425,0
          144.135744,-35.146275,0
          144.13578,-35.146176,0
          144.135851,-35.145991,0
          144.135903,-35.145894,0
          144.136036,-35.145712,0
          144.1362,-35.1455,0
          144.13635,-35.145335,0
          144.136509,-35.145212,0
          144.13679,-35.145049,0
          144.136997,-35.144956,0
          144.137142,-35.144905,0
          144.137367,-35.144864,0
          144.13771,-35.144825,0
          144.138042,-35.144779,0
          144.138161,-35.144725,0
          144.138233,-35.144672,0
          144.138286,-35.144604,0
          144.13831,-35.144536,0
          144.138307,-35.144415,0
          144.138283,-35.144264,0
          144.13823,-35.144099,0
          144.138176,-35.143919,0
          144.138096,-35.143701,0
          144.138046,-35.143526,0
          144.138025,-35.143402,0
          144.138028,-35.143261,0
          144.13806,-35.143113,0
          144.138105,-35.142928,0
          144.138135,-35.142777,0
          144.138129,-35.142632,0
          144.138138,-35.142491,0
          144.138164,-35.142219,0
          144.138179,-35.141976,0
          144.1382,-35.141859,0
          144.138236,-35.141752,0
          144.138307,-35.141599,0
          144.138405,-35.141446,0
          144.13856,-35.141259,0
          144.138693,-35.141116,0
          144.138952,-35.140894,0
          144.139201,-35.140739,0
          144.139394,-35.140615,0
        </coordinates>
      </LineString>
    </Placemark>
    <Placemark>
      <name>NULL</name>
      <description><![CDATA[description: <br>fid: 159<br>FType: 0<br>Owner: Other<br>Usage: Unknown<br>Status: Unknown<br>Surface: Unknown<br>Restriction: Unknown<br>Lanes: 0<br>GlobalID: {85A51BB0-0715-48EF-9131-217C6C8F7A9C}<br>created_user: WELNIG<br>last_edited_user: WELNIG<br>VehicleTravel: Unknown<br>VehicleRequirement: Unknown<br>VehicleLimitation: Unknown<br>SHAPE_Length: 90.7590317885<br>Source: ]]></description>
      <styleUrl>#line-FF5252-2163</styleUrl>
      <ExtendedData>
        <Data name="description">
          <value/>
        </Data>
        <Data name="fid">
          <value>159</value>
        </Data>
        <Data name="FType">
          <value>0</value>
        </Data>
        <Data name="Owner">
          <value>Other</value>
        </Data>
        <Data name="Usage">
          <value>Unknown</value>
        </Data>
        <Data name="Status">
          <value>Unknown</value>
        </Data>
        <Data name="Surface">
          <value>Unknown</value>
        </Data>
        <Data name="Restriction">
          <value>Unknown</value>
        </Data>
        <Data name="Lanes">
          <value>0</value>
        </Data>
        <Data name="GlobalID">
          <value>{85A51BB0-0715-48EF-9131-217C6C8F7A9C}</value>
        </Data>
        <Data name="created_user">
          <value>WELNIG</value>
        </Data>
        <Data name="last_edited_user">
          <value>WELNIG</value>
        </Data>
        <Data name="VehicleTravel">
          <value>Unknown</value>
        </Data>
        <Data name="VehicleRequirement">
          <value>Unknown</value>
        </Data>
        <Data name="VehicleLimitation">
          <value>Unknown</value>
        </Data>
        <Data name="SHAPE_Length">
          <value>90.7590317885</value>
        </Data>
        <Data name="Source">
          <value/>
        </Data>
      </ExtendedData>
      <LineString>
        <tessellate>1</tessellate>
        <coordinates>
          144.139394,-35.140615,0
          144.139629,-35.140501,0
          144.140081,-35.140256,0
        </coordinates>
      </LineString>
    </Placemark>
    <Placemark>
      <name>NULL</name>
      <description><![CDATA[description: <br>fid: 160<br>FType: 0<br>Owner: Other<br>Usage: Unknown<br>Status: Unknown<br>Surface: Unknown<br>Restriction: Unknown<br>Lanes: 0<br>GlobalID: {D13C9C4A-07B5-4DA9-8382-D46663F88B26}<br>created_user: WELNIG<br>last_edited_user: WELNIG<br>VehicleTravel: Unknown<br>VehicleRequirement: Unknown<br>VehicleLimitation: Unknown<br>SHAPE_Length: 1486.55037976<br>Source: ]]></description>
      <styleUrl>#line-FF5252-2163</styleUrl>
      <ExtendedData>
        <Data name="description">
          <value/>
        </Data>
        <Data name="fid">
          <value>160</value>
        </Data>
        <Data name="FType">
          <value>0</value>
        </Data>
        <Data name="Owner">
          <value>Other</value>
        </Data>
        <Data name="Usage">
          <value>Unknown</value>
        </Data>
        <Data name="Status">
          <value>Unknown</value>
        </Data>
        <Data name="Surface">
          <value>Unknown</value>
        </Data>
        <Data name="Restriction">
          <value>Unknown</value>
        </Data>
        <Data name="Lanes">
          <value>0</value>
        </Data>
        <Data name="GlobalID">
          <value>{D13C9C4A-07B5-4DA9-8382-D46663F88B26}</value>
        </Data>
        <Data name="created_user">
          <value>WELNIG</value>
        </Data>
        <Data name="last_edited_user">
          <value>WELNIG</value>
        </Data>
        <Data name="VehicleTravel">
          <value>Unknown</value>
        </Data>
        <Data name="VehicleRequirement">
          <value>Unknown</value>
        </Data>
        <Data name="VehicleLimitation">
          <value>Unknown</value>
        </Data>
        <Data name="SHAPE_Length">
          <value>1486.55037976</value>
        </Data>
        <Data name="Source">
          <value/>
        </Data>
      </ExtendedData>
      <LineString>
        <tessellate>1</tessellate>
        <coordinates>
          144.139394,-35.140615,0
          144.139148,-35.140626,0
          144.138782,-35.14063,0
          144.138553,-35.140576,0
          144.138397,-35.140529,0
          144.138258,-35.140466,0
          144.138157,-35.140445,0
          144.137981,-35.140423,0
          144.137877,-35.140423,0
          144.137717,-35.140435,0
          144.137203,-35.140362,0
          144.136861,-35.140306,0
          144.136612,-35.140206,0
          144.13649,-35.140141,0
          144.136318,-35.140073,0
          144.135964,-35.139944,0
          144.135643,-35.13982,0
          144.135486,-35.139789,0
          144.135272,-35.139757,0
          144.135085,-35.13974,0
          144.134877,-35.139696,0
          144.134675,-35.139648,0
          144.134514,-35.139609,0
          144.134354,-35.139606,0
          144.134074,-35.139633,0
          144.133899,-35.139655,0
          144.133632,-35.139694,0
          144.133474,-35.139711,0
          144.133296,-35.139706,0
          144.1331,-35.139662,0
          144.132925,-35.139618,0
          144.132797,-35.139609,0
          144.132666,-35.139633,0
          144.132396,-35.139677,0
          144.132238,-35.139691,0
          144.132105,-35.139674,0
          144.131956,-35.139628,0
          144.131709,-35.139553,0
          144.131585,-35.139531,0
          144.131401,-35.139512,0
          144.131169,-35.139504,0
          144.131011,-35.139473,0
          144.130872,-35.139422,0
          144.130684,-35.139349,0
          144.13039,-35.139242,0
          144.130156,-35.139145,0
          144.129963,-35.139086,0
          144.129844,-35.139055,0
          144.129743,-35.139043,0
          144.129556,-35.139035,0
          144.129351,-35.13904,0
          144.129134,-35.139043,0
          144.12897,-35.13904,0
          144.12884,-35.139028,0
          144.128747,-35.139006,0
          144.128551,-35.138933,0
          144.128438,-35.138907,0
          144.128354,-35.138888,0
          144.128201,-35.138911,0
          144.128079,-35.138919,0
          144.127936,-35.138904,0
          144.127864,-35.138882,0
          144.12763,-35.138834,0
          144.12744,-35.138792,0
          144.127304,-35.138754,0
          144.1272,-35.1387,0
          144.127149,-35.138642,0
          144.12717,-35.138462,0
          144.127221,-35.13833,0
          144.127224,-35.138293,0
          144.127191,-35.138273,0
          144.127102,-35.138234,0
        </coordinates>
      </LineString>
    </Placemark>
    <Placemark>
      <name>NULL</name>
      <description><![CDATA[description: <br>fid: 161<br>FType: 0<br>Owner: DTE<br>Usage: Mixed<br>Status: In Use<br>Surface: Bare<br>Restriction: General<br>Lanes: 2<br>GlobalID: {3C9EE36C-6C5E-4EA6-9806-2A6C969ECCD2}<br>created_user: WELNIG<br>last_edited_user: WELNIG<br>VehicleTravel: Passing Possible<br>VehicleRequirement: NULL<br>VehicleLimitation: Small and Large Vehicles<br>SHAPE_Length: 224.17910029<br>Source: ]]></description>
      <styleUrl>#line-FF5252-2163</styleUrl>
      <ExtendedData>
        <Data name="description">
          <value/>
        </Data>
        <Data name="fid">
          <value>161</value>
        </Data>
        <Data name="FType">
          <value>0</value>
        </Data>
        <Data name="Owner">
          <value>DTE</value>
        </Data>
        <Data name="Usage">
          <value>Mixed</value>
        </Data>
        <Data name="Status">
          <value>In Use</value>
        </Data>
        <Data name="Surface">
          <value>Bare</value>
        </Data>
        <Data name="Restriction">
          <value>General</value>
        </Data>
        <Data name="Lanes">
          <value>2</value>
        </Data>
        <Data name="GlobalID">
          <value>{3C9EE36C-6C5E-4EA6-9806-2A6C969ECCD2}</value>
        </Data>
        <Data name="created_user">
          <value>WELNIG</value>
        </Data>
        <Data name="last_edited_user">
          <value>WELNIG</value>
        </Data>
        <Data name="VehicleTravel">
          <value>Passing Possible</value>
        </Data>
        <Data name="VehicleRequirement">
          <value>NULL</value>
        </Data>
        <Data name="VehicleLimitation">
          <value>Small and Large Vehicles</value>
        </Data>
        <Data name="SHAPE_Length">
          <value>224.17910029</value>
        </Data>
        <Data name="Source">
          <value/>
        </Data>
      </ExtendedData>
      <LineString>
        <tessellate>1</tessellate>
        <coordinates>
          144.146428,-35.133242,0
          144.146879,-35.133129,0
          144.147179,-35.133041,0
          144.147407,-35.132984,0
          144.147685,-35.1329,0
          144.147809,-35.132723,0
          144.147921,-35.132489,0
          144.147968,-35.132388,0
        </coordinates>
      </LineString>
    </Placemark>
    <Placemark>
      <name/>
      <description><![CDATA[description: <br>fid: 210<br>FType: 0<br>Owner: DTE<br>Usage: Unknown<br>Status: <br>Surface: <br>Restriction: <br>Lanes: <br>GlobalID: <br>created_user: mattcen<br>last_edited_user: <br>VehicleTravel: <br>VehicleRequirement: <br>VehicleLimitation: <br>SHAPE_Length: <br>Source: Trevor]]></description>
      <styleUrl>#line-FF5252-2163</styleUrl>
      <ExtendedData>
        <Data name="description">
          <value/>
        </Data>
        <Data name="fid">
          <value>210</value>
        </Data>
        <Data name="FType">
          <value>0</value>
        </Data>
        <Data name="Owner">
          <value>DTE</value>
        </Data>
        <Data name="Usage">
          <value>Unknown</value>
        </Data>
        <Data name="Status">
          <value/>
        </Data>
        <Data name="Surface">
          <value/>
        </Data>
        <Data name="Restriction">
          <value/>
        </Data>
        <Data name="Lanes">
          <value/>
        </Data>
        <Data name="GlobalID">
          <value/>
        </Data>
        <Data name="created_user">
          <value>mattcen</value>
        </Data>
        <Data name="last_edited_user">
          <value/>
        </Data>
        <Data name="VehicleTravel">
          <value/>
        </Data>
        <Data name="VehicleRequirement">
          <value/>
        </Data>
        <Data name="VehicleLimitation">
          <value/>
        </Data>
        <Data name="SHAPE_Length">
          <value/>
        </Data>
        <Data name="Source">
          <value>Trevor</value>
        </Data>
      </ExtendedData>
      <LineString>
        <tessellate>1</tessellate>
        <coordinates>
          144.142369,-35.147681,0
          144.142634,-35.147624,0
          144.142701,-35.147605,0
          144.142838,-35.1476,0
          144.142952,-35.14761,0
          144.14328,-35.147588,0
        </coordinates>
      </LineString>
    </Placemark>
    <Placemark>
      <name/>
      <description><![CDATA[description: <br>fid: 211<br>FType: 0<br>Owner: DTE<br>Usage: Unknown<br>Status: <br>Surface: <br>Restriction: <br>Lanes: <br>GlobalID: <br>created_user: mattcen<br>last_edited_user: <br>VehicleTravel: <br>VehicleRequirement: <br>VehicleLimitation: <br>SHAPE_Length: <br>Source: Trevor]]></description>
      <styleUrl>#line-FF5252-2163</styleUrl>
      <ExtendedData>
        <Data name="description">
          <value/>
        </Data>
        <Data name="fid">
          <value>211</value>
        </Data>
        <Data name="FType">
          <value>0</value>
        </Data>
        <Data name="Owner">
          <value>DTE</value>
        </Data>
        <Data name="Usage">
          <value>Unknown</value>
        </Data>
        <Data name="Status">
          <value/>
        </Data>
        <Data name="Surface">
          <value/>
        </Data>
        <Data name="Restriction">
          <value/>
        </Data>
        <Data name="Lanes">
          <value/>
        </Data>
        <Data name="GlobalID">
          <value/>
        </Data>
        <Data name="created_user">
          <value>mattcen</value>
        </Data>
        <Data name="last_edited_user">
          <value/>
        </Data>
        <Data name="VehicleTravel">
          <value/>
        </Data>
        <Data name="VehicleRequirement">
          <value/>
        </Data>
        <Data name="VehicleLimitation">
          <value/>
        </Data>
        <Data name="SHAPE_Length">
          <value/>
        </Data>
        <Data name="Source">
          <value>Trevor</value>
        </Data>
      </ExtendedData>
      <LineString>
        <tessellate>1</tessellate>
        <coordinates>
          144.14328,-35.147588,0
          144.143269,-35.147441,0
          144.143285,-35.147416,0
          144.143325,-35.147403,0
          144.143427,-35.147413,0
          144.143486,-35.147432,0
          144.143611,-35.147534,0
          144.143738,-35.147587,0
        </coordinates>
      </LineString>
    </Placemark>
    <Placemark>
      <name/>
      <description><![CDATA[description: <br>fid: 212<br>FType: 0<br>Owner: DTE<br>Usage: Unknown<br>Status: <br>Surface: <br>Restriction: <br>Lanes: <br>GlobalID: <br>created_user: mattcen<br>last_edited_user: <br>VehicleTravel: <br>VehicleRequirement: <br>VehicleLimitation: <br>SHAPE_Length: <br>Source: Trevor]]></description>
      <styleUrl>#line-FF5252-2163</styleUrl>
      <ExtendedData>
        <Data name="description">
          <value/>
        </Data>
        <Data name="fid">
          <value>212</value>
        </Data>
        <Data name="FType">
          <value>0</value>
        </Data>
        <Data name="Owner">
          <value>DTE</value>
        </Data>
        <Data name="Usage">
          <value>Unknown</value>
        </Data>
        <Data name="Status">
          <value/>
        </Data>
        <Data name="Surface">
          <value/>
        </Data>
        <Data name="Restriction">
          <value/>
        </Data>
        <Data name="Lanes">
          <value/>
        </Data>
        <Data name="GlobalID">
          <value/>
        </Data>
        <Data name="created_user">
          <value>mattcen</value>
        </Data>
        <Data name="last_edited_user">
          <value/>
        </Data>
        <Data name="VehicleTravel">
          <value/>
        </Data>
        <Data name="VehicleRequirement">
          <value/>
        </Data>
        <Data name="VehicleLimitation">
          <value/>
        </Data>
        <Data name="SHAPE_Length">
          <value/>
        </Data>
        <Data name="Source">
          <value>Trevor</value>
        </Data>
      </ExtendedData>
      <LineString>
        <tessellate>1</tessellate>
        <coordinates>
          144.14328,-35.147588,0
          144.143645,-35.147599,0
          144.143738,-35.147587,0
        </coordinates>
      </LineString>
    </Placemark>
    <Placemark>
      <name/>
      <description><![CDATA[description: <br>fid: 213<br>FType: 0<br>Owner: DTE<br>Usage: Unknown<br>Status: <br>Surface: <br>Restriction: <br>Lanes: <br>GlobalID: <br>created_user: mattcen<br>last_edited_user: <br>VehicleTravel: <br>VehicleRequirement: <br>VehicleLimitation: <br>SHAPE_Length: <br>Source: Trevor]]></description>
      <styleUrl>#line-FF5252-2163</styleUrl>
      <ExtendedData>
        <Data name="description">
          <value/>
        </Data>
        <Data name="fid">
          <value>213</value>
        </Data>
        <Data name="FType">
          <value>0</value>
        </Data>
        <Data name="Owner">
          <value>DTE</value>
        </Data>
        <Data name="Usage">
          <value>Unknown</value>
        </Data>
        <Data name="Status">
          <value/>
        </Data>
        <Data name="Surface">
          <value/>
        </Data>
        <Data name="Restriction">
          <value/>
        </Data>
        <Data name="Lanes">
          <value/>
        </Data>
        <Data name="GlobalID">
          <value/>
        </Data>
        <Data name="created_user">
          <value>mattcen</value>
        </Data>
        <Data name="last_edited_user">
          <value/>
        </Data>
        <Data name="VehicleTravel">
          <value/>
        </Data>
        <Data name="VehicleRequirement">
          <value/>
        </Data>
        <Data name="VehicleLimitation">
          <value/>
        </Data>
        <Data name="SHAPE_Length">
          <value/>
        </Data>
        <Data name="Source">
          <value>Trevor</value>
        </Data>
      </ExtendedData>
      <LineString>
        <tessellate>1</tessellate>
        <coordinates>
          144.142154,-35.147483,0
          144.14222,-35.1476,0
          144.142349,-35.14767,0
          144.14241,-35.147728,0
        </coordinates>
      </LineString>
    </Placemark>
    <Placemark>
      <name/>
      <description><![CDATA[description: <br>fid: 214<br>FType: 0<br>Owner: DTE<br>Usage: Unknown<br>Status: <br>Surface: <br>Restriction: <br>Lanes: <br>GlobalID: <br>created_user: mattcen<br>last_edited_user: <br>VehicleTravel: <br>VehicleRequirement: <br>VehicleLimitation: <br>SHAPE_Length: <br>Source: Trevor]]></description>
      <styleUrl>#line-FF5252-2163</styleUrl>
      <ExtendedData>
        <Data name="description">
          <value/>
        </Data>
        <Data name="fid">
          <value>214</value>
        </Data>
        <Data name="FType">
          <value>0</value>
        </Data>
        <Data name="Owner">
          <value>DTE</value>
        </Data>
        <Data name="Usage">
          <value>Unknown</value>
        </Data>
        <Data name="Status">
          <value/>
        </Data>
        <Data name="Surface">
          <value/>
        </Data>
        <Data name="Restriction">
          <value/>
        </Data>
        <Data name="Lanes">
          <value/>
        </Data>
        <Data name="GlobalID">
          <value/>
        </Data>
        <Data name="created_user">
          <value>mattcen</value>
        </Data>
        <Data name="last_edited_user">
          <value/>
        </Data>
        <Data name="VehicleTravel">
          <value/>
        </Data>
        <Data name="VehicleRequirement">
          <value/>
        </Data>
        <Data name="VehicleLimitation">
          <value/>
        </Data>
        <Data name="SHAPE_Length">
          <value/>
        </Data>
        <Data name="Source">
          <value>Trevor</value>
        </Data>
      </ExtendedData>
      <LineString>
        <tessellate>1</tessellate>
        <coordinates>
          144.14241,-35.147728,0
          144.142487,-35.14781,0
          144.142551,-35.147921,0
          144.142951,-35.147981,0
          144.142996,-35.148096,0
        </coordinates>
      </LineString>
    </Placemark>
    <Placemark>
      <name/>
      <description><![CDATA[description: <br>fid: 215<br>FType: 0<br>Owner: DTE<br>Usage: Unknown<br>Status: <br>Surface: <br>Restriction: <br>Lanes: <br>GlobalID: <br>created_user: mattcen<br>last_edited_user: <br>VehicleTravel: <br>VehicleRequirement: <br>VehicleLimitation: <br>SHAPE_Length: <br>Source: Trevor]]></description>
      <styleUrl>#line-FF5252-2163</styleUrl>
      <ExtendedData>
        <Data name="description">
          <value/>
        </Data>
        <Data name="fid">
          <value>215</value>
        </Data>
        <Data name="FType">
          <value>0</value>
        </Data>
        <Data name="Owner">
          <value>DTE</value>
        </Data>
        <Data name="Usage">
          <value>Unknown</value>
        </Data>
        <Data name="Status">
          <value/>
        </Data>
        <Data name="Surface">
          <value/>
        </Data>
        <Data name="Restriction">
          <value/>
        </Data>
        <Data name="Lanes">
          <value/>
        </Data>
        <Data name="GlobalID">
          <value/>
        </Data>
        <Data name="created_user">
          <value>mattcen</value>
        </Data>
        <Data name="last_edited_user">
          <value/>
        </Data>
        <Data name="VehicleTravel">
          <value/>
        </Data>
        <Data name="VehicleRequirement">
          <value/>
        </Data>
        <Data name="VehicleLimitation">
          <value/>
        </Data>
        <Data name="SHAPE_Length">
          <value/>
        </Data>
        <Data name="Source">
          <value>Trevor</value>
        </Data>
      </ExtendedData>
      <LineString>
        <tessellate>1</tessellate>
        <coordinates>
          144.142597,-35.148193,0
          144.142996,-35.148096,0
        </coordinates>
      </LineString>
    </Placemark>
    <Placemark>
      <name/>
      <description><![CDATA[description: <br>fid: 216<br>FType: 0<br>Owner: DTE<br>Usage: Unknown<br>Status: <br>Surface: <br>Restriction: <br>Lanes: <br>GlobalID: <br>created_user: mattcen<br>last_edited_user: <br>VehicleTravel: <br>VehicleRequirement: <br>VehicleLimitation: <br>SHAPE_Length: <br>Source: Trevor]]></description>
      <styleUrl>#line-FF5252-2163</styleUrl>
      <ExtendedData>
        <Data name="description">
          <value/>
        </Data>
        <Data name="fid">
          <value>216</value>
        </Data>
        <Data name="FType">
          <value>0</value>
        </Data>
        <Data name="Owner">
          <value>DTE</value>
        </Data>
        <Data name="Usage">
          <value>Unknown</value>
        </Data>
        <Data name="Status">
          <value/>
        </Data>
        <Data name="Surface">
          <value/>
        </Data>
        <Data name="Restriction">
          <value/>
        </Data>
        <Data name="Lanes">
          <value/>
        </Data>
        <Data name="GlobalID">
          <value/>
        </Data>
        <Data name="created_user">
          <value>mattcen</value>
        </Data>
        <Data name="last_edited_user">
          <value/>
        </Data>
        <Data name="VehicleTravel">
          <value/>
        </Data>
        <Data name="VehicleRequirement">
          <value/>
        </Data>
        <Data name="VehicleLimitation">
          <value/>
        </Data>
        <Data name="SHAPE_Length">
          <value/>
        </Data>
        <Data name="Source">
          <value>Trevor</value>
        </Data>
      </ExtendedData>
      <LineString>
        <tessellate>1</tessellate>
        <coordinates>
          144.142547,-35.14792,0
          144.142597,-35.148193,0
        </coordinates>
      </LineString>
    </Placemark>
    <Placemark>
      <name/>
      <description><![CDATA[description: <br>fid: 217<br>FType: 0<br>Owner: DTE<br>Usage: Unknown<br>Status: <br>Surface: <br>Restriction: <br>Lanes: <br>GlobalID: <br>created_user: mattcen<br>last_edited_user: <br>VehicleTravel: <br>VehicleRequirement: <br>VehicleLimitation: <br>SHAPE_Length: <br>Source: Trevor]]></description>
      <styleUrl>#line-FF5252-2163</styleUrl>
      <ExtendedData>
        <Data name="description">
          <value/>
        </Data>
        <Data name="fid">
          <value>217</value>
        </Data>
        <Data name="FType">
          <value>0</value>
        </Data>
        <Data name="Owner">
          <value>DTE</value>
        </Data>
        <Data name="Usage">
          <value>Unknown</value>
        </Data>
        <Data name="Status">
          <value/>
        </Data>
        <Data name="Surface">
          <value/>
        </Data>
        <Data name="Restriction">
          <value/>
        </Data>
        <Data name="Lanes">
          <value/>
        </Data>
        <Data name="GlobalID">
          <value/>
        </Data>
        <Data name="created_user">
          <value>mattcen</value>
        </Data>
        <Data name="last_edited_user">
          <value/>
        </Data>
        <Data name="VehicleTravel">
          <value/>
        </Data>
        <Data name="VehicleRequirement">
          <value/>
        </Data>
        <Data name="VehicleLimitation">
          <value/>
        </Data>
        <Data name="SHAPE_Length">
          <value/>
        </Data>
        <Data name="Source">
          <value>Trevor</value>
        </Data>
      </ExtendedData>
      <LineString>
        <tessellate>1</tessellate>
        <coordinates>
          144.142996,-35.148096,0
          144.143181,-35.148148,0
          144.143297,-35.148085,0
          144.143413,-35.148023,0
          144.143668,-35.147855,0
        </coordinates>
      </LineString>
    </Placemark>
    <Placemark>
      <name/>
      <description><![CDATA[description: <br>fid: 218<br>FType: 0<br>Owner: DTE<br>Usage: Unknown<br>Status: <br>Surface: <br>Restriction: <br>Lanes: <br>GlobalID: <br>created_user: mattcen<br>last_edited_user: <br>VehicleTravel: <br>VehicleRequirement: <br>VehicleLimitation: <br>SHAPE_Length: <br>Source: Trevor]]></description>
      <styleUrl>#line-FF5252-2163</styleUrl>
      <ExtendedData>
        <Data name="description">
          <value/>
        </Data>
        <Data name="fid">
          <value>218</value>
        </Data>
        <Data name="FType">
          <value>0</value>
        </Data>
        <Data name="Owner">
          <value>DTE</value>
        </Data>
        <Data name="Usage">
          <value>Unknown</value>
        </Data>
        <Data name="Status">
          <value/>
        </Data>
        <Data name="Surface">
          <value/>
        </Data>
        <Data name="Restriction">
          <value/>
        </Data>
        <Data name="Lanes">
          <value/>
        </Data>
        <Data name="GlobalID">
          <value/>
        </Data>
        <Data name="created_user">
          <value>mattcen</value>
        </Data>
        <Data name="last_edited_user">
          <value/>
        </Data>
        <Data name="VehicleTravel">
          <value/>
        </Data>
        <Data name="VehicleRequirement">
          <value/>
        </Data>
        <Data name="VehicleLimitation">
          <value/>
        </Data>
        <Data name="SHAPE_Length">
          <value/>
        </Data>
        <Data name="Source">
          <value>Trevor</value>
        </Data>
      </ExtendedData>
      <LineString>
        <tessellate>1</tessellate>
        <coordinates>
          144.143668,-35.147855,0
          144.143747,-35.147751,0
          144.143775,-35.147687,0
          144.143778,-35.147631,0
          144.143738,-35.147587,0
        </coordinates>
      </LineString>
    </Placemark>
    <Placemark>
      <name/>
      <description><![CDATA[description: <br>fid: 219<br>FType: 0<br>Owner: DTE<br>Usage: Unknown<br>Status: <br>Surface: <br>Restriction: <br>Lanes: <br>GlobalID: <br>created_user: mattcen<br>last_edited_user: <br>VehicleTravel: <br>VehicleRequirement: <br>VehicleLimitation: <br>SHAPE_Length: <br>Source: Trevor]]></description>
      <styleUrl>#line-FF5252-2163</styleUrl>
      <ExtendedData>
        <Data name="description">
          <value/>
        </Data>
        <Data name="fid">
          <value>219</value>
        </Data>
        <Data name="FType">
          <value>0</value>
        </Data>
        <Data name="Owner">
          <value>DTE</value>
        </Data>
        <Data name="Usage">
          <value>Unknown</value>
        </Data>
        <Data name="Status">
          <value/>
        </Data>
        <Data name="Surface">
          <value/>
        </Data>
        <Data name="Restriction">
          <value/>
        </Data>
        <Data name="Lanes">
          <value/>
        </Data>
        <Data name="GlobalID">
          <value/>
        </Data>
        <Data name="created_user">
          <value>mattcen</value>
        </Data>
        <Data name="last_edited_user">
          <value/>
        </Data>
        <Data name="VehicleTravel">
          <value/>
        </Data>
        <Data name="VehicleRequirement">
          <value/>
        </Data>
        <Data name="VehicleLimitation">
          <value/>
        </Data>
        <Data name="SHAPE_Length">
          <value/>
        </Data>
        <Data name="Source">
          <value>Trevor</value>
        </Data>
      </ExtendedData>
      <LineString>
        <tessellate>1</tessellate>
        <coordinates>
          144.143668,-35.147855,0
          144.143896,-35.14789,0
          144.14415,-35.147768,0
          144.14429,-35.147754,0
          144.144444,-35.147721,0
          144.144603,-35.147698,0
          144.14475,-35.147573,0
        </coordinates>
      </LineString>
    </Placemark>
    <Placemark>
      <name/>
      <description><![CDATA[description: <br>fid: 221<br>FType: 0<br>Owner: DTE<br>Usage: Unknown<br>Status: <br>Surface: <br>Restriction: <br>Lanes: <br>GlobalID: <br>created_user: mattcen<br>last_edited_user: <br>VehicleTravel: <br>VehicleRequirement: <br>VehicleLimitation: <br>SHAPE_Length: <br>Source: Trevor]]></description>
      <styleUrl>#line-FF5252-2163</styleUrl>
      <ExtendedData>
        <Data name="description">
          <value/>
        </Data>
        <Data name="fid">
          <value>221</value>
        </Data>
        <Data name="FType">
          <value>0</value>
        </Data>
        <Data name="Owner">
          <value>DTE</value>
        </Data>
        <Data name="Usage">
          <value>Unknown</value>
        </Data>
        <Data name="Status">
          <value/>
        </Data>
        <Data name="Surface">
          <value/>
        </Data>
        <Data name="Restriction">
          <value/>
        </Data>
        <Data name="Lanes">
          <value/>
        </Data>
        <Data name="GlobalID">
          <value/>
        </Data>
        <Data name="created_user">
          <value>mattcen</value>
        </Data>
        <Data name="last_edited_user">
          <value/>
        </Data>
        <Data name="VehicleTravel">
          <value/>
        </Data>
        <Data name="VehicleRequirement">
          <value/>
        </Data>
        <Data name="VehicleLimitation">
          <value/>
        </Data>
        <Data name="SHAPE_Length">
          <value/>
        </Data>
        <Data name="Source">
          <value>Trevor</value>
        </Data>
      </ExtendedData>
      <LineString>
        <tessellate>1</tessellate>
        <coordinates>
          144.142597,-35.148193,0
          144.142513,-35.148235,0
          144.142459,-35.148247,0
          144.142337,-35.148238,0
          144.14216,-35.148198,0
          144.1421,-35.148205,0
          144.142058,-35.148226,0
          144.141882,-35.148406,0
          144.141834,-35.148492,0
          144.141844,-35.148532,0
          144.14193,-35.148663,0
        </coordinates>
      </LineString>
    </Placemark>
    <Placemark>
      <name/>
      <description><![CDATA[description: <br>fid: 222<br>FType: 0<br>Owner: DTE<br>Usage: Unknown<br>Status: <br>Surface: <br>Restriction: <br>Lanes: <br>GlobalID: <br>created_user: mattcen<br>last_edited_user: <br>VehicleTravel: <br>VehicleRequirement: <br>VehicleLimitation: <br>SHAPE_Length: <br>Source: Trevor]]></description>
      <styleUrl>#line-FF5252-2163</styleUrl>
      <ExtendedData>
        <Data name="description">
          <value/>
        </Data>
        <Data name="fid">
          <value>222</value>
        </Data>
        <Data name="FType">
          <value>0</value>
        </Data>
        <Data name="Owner">
          <value>DTE</value>
        </Data>
        <Data name="Usage">
          <value>Unknown</value>
        </Data>
        <Data name="Status">
          <value/>
        </Data>
        <Data name="Surface">
          <value/>
        </Data>
        <Data name="Restriction">
          <value/>
        </Data>
        <Data name="Lanes">
          <value/>
        </Data>
        <Data name="GlobalID">
          <value/>
        </Data>
        <Data name="created_user">
          <value>mattcen</value>
        </Data>
        <Data name="last_edited_user">
          <value/>
        </Data>
        <Data name="VehicleTravel">
          <value/>
        </Data>
        <Data name="VehicleRequirement">
          <value/>
        </Data>
        <Data name="VehicleLimitation">
          <value/>
        </Data>
        <Data name="SHAPE_Length">
          <value/>
        </Data>
        <Data name="Source">
          <value>Trevor</value>
        </Data>
      </ExtendedData>
      <LineString>
        <tessellate>1</tessellate>
        <coordinates>
          144.141928,-35.14866,0
          144.141911,-35.148718,0
          144.141842,-35.148777,0
          144.141689,-35.148869,0
          144.141496,-35.148983,0
          144.141398,-35.149013,0
          144.140749,-35.148967,0
          144.140705,-35.148996,0
        </coordinates>
      </LineString>
    </Placemark>
    <Placemark>
      <name/>
      <description><![CDATA[description: <br>fid: 223<br>FType: 0<br>Owner: DTE<br>Usage: Unknown<br>Status: <br>Surface: <br>Restriction: <br>Lanes: <br>GlobalID: <br>created_user: mattcen<br>last_edited_user: <br>VehicleTravel: <br>VehicleRequirement: <br>VehicleLimitation: <br>SHAPE_Length: <br>Source: Trevor]]></description>
      <styleUrl>#line-FF5252-2163</styleUrl>
      <ExtendedData>
        <Data name="description">
          <value/>
        </Data>
        <Data name="fid">
          <value>223</value>
        </Data>
        <Data name="FType">
          <value>0</value>
        </Data>
        <Data name="Owner">
          <value>DTE</value>
        </Data>
        <Data name="Usage">
          <value>Unknown</value>
        </Data>
        <Data name="Status">
          <value/>
        </Data>
        <Data name="Surface">
          <value/>
        </Data>
        <Data name="Restriction">
          <value/>
        </Data>
        <Data name="Lanes">
          <value/>
        </Data>
        <Data name="GlobalID">
          <value/>
        </Data>
        <Data name="created_user">
          <value>mattcen</value>
        </Data>
        <Data name="last_edited_user">
          <value/>
        </Data>
        <Data name="VehicleTravel">
          <value/>
        </Data>
        <Data name="VehicleRequirement">
          <value/>
        </Data>
        <Data name="VehicleLimitation">
          <value/>
        </Data>
        <Data name="SHAPE_Length">
          <value/>
        </Data>
        <Data name="Source">
          <value>Trevor</value>
        </Data>
      </ExtendedData>
      <LineString>
        <tessellate>1</tessellate>
        <coordinates>
          144.141928,-35.14866,0
          144.142017,-35.148696,0
          144.142435,-35.148659,0
          144.142483,-35.148641,0
          144.142484,-35.148602,0
        </coordinates>
      </LineString>
    </Placemark>
    <Placemark>
      <name/>
      <description><![CDATA[description: <br>fid: 224<br>FType: 0<br>Owner: DTE<br>Usage: Unknown<br>Status: <br>Surface: <br>Restriction: <br>Lanes: <br>GlobalID: <br>created_user: mattcen<br>last_edited_user: <br>VehicleTravel: <br>VehicleRequirement: <br>VehicleLimitation: <br>SHAPE_Length: <br>Source: Trevor]]></description>
      <styleUrl>#line-FF5252-2163</styleUrl>
      <ExtendedData>
        <Data name="description">
          <value/>
        </Data>
        <Data name="fid">
          <value>224</value>
        </Data>
        <Data name="FType">
          <value>0</value>
        </Data>
        <Data name="Owner">
          <value>DTE</value>
        </Data>
        <Data name="Usage">
          <value>Unknown</value>
        </Data>
        <Data name="Status">
          <value/>
        </Data>
        <Data name="Surface">
          <value/>
        </Data>
        <Data name="Restriction">
          <value/>
        </Data>
        <Data name="Lanes">
          <value/>
        </Data>
        <Data name="GlobalID">
          <value/>
        </Data>
        <Data name="created_user">
          <value>mattcen</value>
        </Data>
        <Data name="last_edited_user">
          <value/>
        </Data>
        <Data name="VehicleTravel">
          <value/>
        </Data>
        <Data name="VehicleRequirement">
          <value/>
        </Data>
        <Data name="VehicleLimitation">
          <value/>
        </Data>
        <Data name="SHAPE_Length">
          <value/>
        </Data>
        <Data name="Source">
          <value>Trevor</value>
        </Data>
      </ExtendedData>
      <LineString>
        <tessellate>1</tessellate>
        <coordinates>
          144.142597,-35.148193,0
          144.142505,-35.148279,0
          144.142461,-35.148329,0
          144.142484,-35.148602,0
          144.142555,-35.148644,0
          144.142643,-35.14866,0
          144.142713,-35.148651,0
          144.142946,-35.148526,0
          144.143061,-35.148494,0
          144.143163,-35.14849,0
          144.143277,-35.148521,0
        </coordinates>
      </LineString>
    </Placemark>
    <Placemark>
      <name/>
      <description><![CDATA[description: <br>fid: 225<br>FType: 0<br>Owner: DTE<br>Usage: Unknown<br>Status: <br>Surface: <br>Restriction: <br>Lanes: <br>GlobalID: <br>created_user: mattcen<br>last_edited_user: <br>VehicleTravel: <br>VehicleRequirement: <br>VehicleLimitation: <br>SHAPE_Length: <br>Source: Trevor]]></description>
      <styleUrl>#line-FF5252-2163</styleUrl>
      <ExtendedData>
        <Data name="description">
          <value/>
        </Data>
        <Data name="fid">
          <value>225</value>
        </Data>
        <Data name="FType">
          <value>0</value>
        </Data>
        <Data name="Owner">
          <value>DTE</value>
        </Data>
        <Data name="Usage">
          <value>Unknown</value>
        </Data>
        <Data name="Status">
          <value/>
        </Data>
        <Data name="Surface">
          <value/>
        </Data>
        <Data name="Restriction">
          <value/>
        </Data>
        <Data name="Lanes">
          <value/>
        </Data>
        <Data name="GlobalID">
          <value/>
        </Data>
        <Data name="created_user">
          <value>mattcen</value>
        </Data>
        <Data name="last_edited_user">
          <value/>
        </Data>
        <Data name="VehicleTravel">
          <value/>
        </Data>
        <Data name="VehicleRequirement">
          <value/>
        </Data>
        <Data name="VehicleLimitation">
          <value/>
        </Data>
        <Data name="SHAPE_Length">
          <value/>
        </Data>
        <Data name="Source">
          <value>Trevor</value>
        </Data>
      </ExtendedData>
      <LineString>
        <tessellate>1</tessellate>
        <coordinates>
          144.143277,-35.148521,0
          144.143293,-35.148293,0
          144.143364,-35.148175,0
          144.143413,-35.148023,0
        </coordinates>
      </LineString>
    </Placemark>
    <Placemark>
      <name>Battery Track</name>
      <description><![CDATA[description: <br>fid: 228<br>FType: 0<br>Owner: DTE<br>Usage: Unknown<br>Status: <br>Surface: <br>Restriction: <br>Lanes: <br>GlobalID: <br>created_user: mattcen<br>last_edited_user: <br>VehicleTravel: <br>VehicleRequirement: <br>VehicleLimitation: <br>SHAPE_Length: <br>Source: John]]></description>
      <styleUrl>#line-FF5252-2163</styleUrl>
      <ExtendedData>
        <Data name="description">
          <value/>
        </Data>
        <Data name="fid">
          <value>228</value>
        </Data>
        <Data name="FType">
          <value>0</value>
        </Data>
        <Data name="Owner">
          <value>DTE</value>
        </Data>
        <Data name="Usage">
          <value>Unknown</value>
        </Data>
        <Data name="Status">
          <value/>
        </Data>
        <Data name="Surface">
          <value/>
        </Data>
        <Data name="Restriction">
          <value/>
        </Data>
        <Data name="Lanes">
          <value/>
        </Data>
        <Data name="GlobalID">
          <value/>
        </Data>
        <Data name="created_user">
          <value>mattcen</value>
        </Data>
        <Data name="last_edited_user">
          <value/>
        </Data>
        <Data name="VehicleTravel">
          <value/>
        </Data>
        <Data name="VehicleRequirement">
          <value/>
        </Data>
        <Data name="VehicleLimitation">
          <value/>
        </Data>
        <Data name="SHAPE_Length">
          <value/>
        </Data>
        <Data name="Source">
          <value>John</value>
        </Data>
      </ExtendedData>
      <LineString>
        <tessellate>1</tessellate>
        <coordinates>
          144.14944,-35.152776,0
          144.149455,-35.152804,0
          144.149446,-35.152848,0
          144.149418,-35.152887,0
          144.149335,-35.152929,0
          144.149048,-35.15297,0
          144.148902,-35.152964,0
          144.148845,-35.152931,0
          144.148765,-35.152839,0
          144.148558,-35.152685,0
          144.148417,-35.152483,0
          144.148183,-35.152399,0
          144.14806,-35.152284,0
          144.147927,-35.152132,0
          144.147761,-35.152059,0
          144.147471,-35.151981,0
          144.147413,-35.151946,0
          144.147384,-35.151889,0
          144.147375,-35.15176,0
          144.147343,-35.151658,0
          144.147189,-35.151452,0
          144.14697,-35.151217,0
          144.146863,-35.151077,0
          144.146772,-35.150836,0
        </coordinates>
      </LineString>
    </Placemark>
    <Placemark>
      <name>Bus route 2018</name>
      <description><![CDATA[description: <br>fid: 229<br>FType: 0<br>Owner: DTE<br>Usage: BusRoute<br>Status: <br>Surface: <br>Restriction: <br>Lanes: <br>GlobalID: <br>created_user: mattcen<br>last_edited_user: <br>VehicleTravel: <br>VehicleRequirement: <br>VehicleLimitation: <br>SHAPE_Length: <br>Source: Emma GPS]]></description>
      <styleUrl>#line-FF5252-2163</styleUrl>
      <ExtendedData>
        <Data name="description">
          <value/>
        </Data>
        <Data name="fid">
          <value>229</value>
        </Data>
        <Data name="FType">
          <value>0</value>
        </Data>
        <Data name="Owner">
          <value>DTE</value>
        </Data>
        <Data name="Usage">
          <value>BusRoute</value>
        </Data>
        <Data name="Status">
          <value/>
        </Data>
        <Data name="Surface">
          <value/>
        </Data>
        <Data name="Restriction">
          <value/>
        </Data>
        <Data name="Lanes">
          <value/>
        </Data>
        <Data name="GlobalID">
          <value/>
        </Data>
        <Data name="created_user">
          <value>mattcen</value>
        </Data>
        <Data name="last_edited_user">
          <value/>
        </Data>
        <Data name="VehicleTravel">
          <value/>
        </Data>
        <Data name="VehicleRequirement">
          <value/>
        </Data>
        <Data name="VehicleLimitation">
          <value/>
        </Data>
        <Data name="SHAPE_Length">
          <value/>
        </Data>
        <Data name="Source">
          <value>Emma GPS</value>
        </Data>
      </ExtendedData>
      <LineString>
        <tessellate>1</tessellate>
        <coordinates>
          144.148835,-35.143573,0
          144.148995,-35.143626,0
          144.149158,-35.143667,0
          144.149296,-35.143687,0
          144.15048,-35.1438,0
          144.150605,-35.143824,0
          144.150714,-35.143872,0
          144.150784,-35.143944,0
          144.150815,-35.144033,0
          144.15082,-35.144137,0
          144.150794,-35.144238,0
          144.150717,-35.14443,0
          144.150156,-35.145756,0
          144.150002,-35.146053,0
          144.149594,-35.146767,0
          144.149488,-35.146996,0
          144.1491,-35.148064,0
          144.148515,-35.149883,0
          144.148463,-35.150002,0
          144.148404,-35.150093,0
          144.148314,-35.150163,0
          144.147853,-35.150383,0
          144.147465,-35.150622,0
          144.147386,-35.150641,0
          144.147004,-35.150785,0
          144.146862,-35.1508,0
          144.146867,-35.15079,0
          144.14681,-35.15083,0
          144.146677,-35.150883,0
          144.146199,-35.150969,0
          144.145962,-35.150989,0
          144.145816,-35.150985,0
          144.145679,-35.150949,0
          144.14504,-35.150626,0
          144.144817,-35.15047,0
          144.144262,-35.150164,0
          144.144182,-35.150095,0
          144.144107,-35.150009,0
          144.14407,-35.149903,0
          144.143992,-35.149568,0
          144.143749,-35.149188,0
          144.143619,-35.149019,0
          144.143575,-35.148931,0
          144.143579,-35.148808,0
          144.14364,-35.148715,0
          144.143782,-35.148657,0
          144.143987,-35.148515,0
          144.144042,-35.148429,0
          144.144132,-35.148224,0
          144.144218,-35.148118,0
          144.144329,-35.148069,0
          144.144446,-35.147997,0
          144.144537,-35.147906,0
          144.144569,-35.1478,0
          144.144621,-35.147699,0
          144.144715,-35.147633,0
          144.144704,-35.147549,0
          144.144543,-35.14723,0
          144.144533,-35.147116,0
          144.144603,-35.147004,0
          144.144879,-35.146639,0
          144.144954,-35.146567,0
          144.145423,-35.146543,0
          144.146125,-35.146578,0
          144.146476,-35.146555,0
          144.147073,-35.146468,0
          144.147262,-35.146426,0
          144.147419,-35.146359,0
          144.147532,-35.146273,0
          144.14773,-35.146056,0
          144.147964,-35.145682,0
          144.148133,-35.145321,0
          144.14843,-35.144535,0
          144.148579,-35.144215,0
          144.148851,-35.143688,0
          144.148859,-35.143596,0
          144.148973,-35.143581,0
        </coordinates>
      </LineString>
    </Placemark>
    <Placemark>
      <name>Evolution Road</name>
      <description><![CDATA[description: <br>fid: 230<br>FType: 0<br>Owner: DTE<br>Usage: Unknown<br>Status: <br>Surface: <br>Restriction: <br>Lanes: <br>GlobalID: <br>created_user: mattcen<br>last_edited_user: <br>VehicleTravel: <br>VehicleRequirement: <br>VehicleLimitation: <br>SHAPE_Length: <br>Source: John]]></description>
      <styleUrl>#line-FF5252-2163</styleUrl>
      <ExtendedData>
        <Data name="description">
          <value/>
        </Data>
        <Data name="fid">
          <value>230</value>
        </Data>
        <Data name="FType">
          <value>0</value>
        </Data>
        <Data name="Owner">
          <value>DTE</value>
        </Data>
        <Data name="Usage">
          <value>Unknown</value>
        </Data>
        <Data name="Status">
          <value/>
        </Data>
        <Data name="Surface">
          <value/>
        </Data>
        <Data name="Restriction">
          <value/>
        </Data>
        <Data name="Lanes">
          <value/>
        </Data>
        <Data name="GlobalID">
          <value/>
        </Data>
        <Data name="created_user">
          <value>mattcen</value>
        </Data>
        <Data name="last_edited_user">
          <value/>
        </Data>
        <Data name="VehicleTravel">
          <value/>
        </Data>
        <Data name="VehicleRequirement">
          <value/>
        </Data>
        <Data name="VehicleLimitation">
          <value/>
        </Data>
        <Data name="SHAPE_Length">
          <value/>
        </Data>
        <Data name="Source">
          <value>John</value>
        </Data>
      </ExtendedData>
      <LineString>
        <tessellate>1</tessellate>
        <coordinates>
          144.149435,-35.152762,0
          144.149473,-35.152726,0
          144.149584,-35.152617,0
          144.149673,-35.152555,0
          144.149785,-35.152518,0
          144.150012,-35.152471,0
          144.150336,-35.152353,0
          144.150404,-35.152315,0
          144.150425,-35.152259,0
          144.15038,-35.152103,0
          144.150345,-35.15204,0
          144.150271,-35.151953,0
          144.150229,-35.151815,0
          144.150177,-35.151708,0
          144.149963,-35.15137,0
          144.149857,-35.15125,0
          144.14981,-35.15114,0
          144.149824,-35.150942,0
          144.14989,-35.150756,0
          144.149917,-35.1506,0
          144.149858,-35.150275,0
          144.149846,-35.150069,0
          144.149824,-35.14999,0
          144.149602,-35.149681,0
          144.149374,-35.149443,0
        </coordinates>
      </LineString>
    </Placemark>
    <Placemark>
      <name>Tortoise Track</name>
      <description><![CDATA[description: <br>fid: 233<br>FType: 0<br>Owner: DTE<br>Usage: Unknown<br>Status: <br>Surface: <br>Restriction: <br>Lanes: <br>GlobalID: <br>created_user: mattcen<br>last_edited_user: <br>VehicleTravel: <br>VehicleRequirement: <br>VehicleLimitation: <br>SHAPE_Length: <br>Source: John]]></description>
      <styleUrl>#line-FF5252-2163</styleUrl>
      <ExtendedData>
        <Data name="description">
          <value/>
        </Data>
        <Data name="fid">
          <value>233</value>
        </Data>
        <Data name="FType">
          <value>0</value>
        </Data>
        <Data name="Owner">
          <value>DTE</value>
        </Data>
        <Data name="Usage">
          <value>Unknown</value>
        </Data>
        <Data name="Status">
          <value/>
        </Data>
        <Data name="Surface">
          <value/>
        </Data>
        <Data name="Restriction">
          <value/>
        </Data>
        <Data name="Lanes">
          <value/>
        </Data>
        <Data name="GlobalID">
          <value/>
        </Data>
        <Data name="created_user">
          <value>mattcen</value>
        </Data>
        <Data name="last_edited_user">
          <value/>
        </Data>
        <Data name="VehicleTravel">
          <value/>
        </Data>
        <Data name="VehicleRequirement">
          <value/>
        </Data>
        <Data name="VehicleLimitation">
          <value/>
        </Data>
        <Data name="SHAPE_Length">
          <value/>
        </Data>
        <Data name="Source">
          <value>John</value>
        </Data>
      </ExtendedData>
      <LineString>
        <tessellate>1</tessellate>
        <coordinates>
          144.147553,-35.150532,0
          144.147622,-35.15058,0
          144.147816,-35.150721,0
          144.147916,-35.150789,0
          144.148058,-35.150863,0
          144.148172,-35.151015,0
          144.148283,-35.151131,0
          144.148363,-35.151205,0
          144.148384,-35.151301,0
          144.148386,-35.151573,0
          144.148508,-35.151699,0
          144.148648,-35.151763,0
          144.148734,-35.15184,0
          144.148869,-35.151916,0
          144.148981,-35.152028,0
          144.149035,-35.152104,0
          144.149079,-35.152246,0
          144.149127,-35.152288,0
          144.149276,-35.152368,0
          144.14932,-35.152463,0
          144.149427,-35.152589,0
          144.149441,-35.152654,0
          144.149431,-35.152752,0
          144.14944,-35.152776,0
        </coordinates>
      </LineString>
    </Placemark>
    <Placemark>
      <name/>
      <description><![CDATA[description: <br>fid: 256<br>FType: <br>Owner: <br>Usage: Unknown<br>Status: <br>Surface: <br>Restriction: <br>Lanes: <br>GlobalID: <br>created_user: <br>last_edited_user: <br>VehicleTravel: <br>VehicleRequirement: <br>VehicleLimitation: <br>SHAPE_Length: <br>Source: ]]></description>
      <styleUrl>#line-FF5252-2163</styleUrl>
      <ExtendedData>
        <Data name="description">
          <value/>
        </Data>
        <Data name="fid">
          <value>256</value>
        </Data>
        <Data name="FType">
          <value/>
        </Data>
        <Data name="Owner">
          <value/>
        </Data>
        <Data name="Usage">
          <value>Unknown</value>
        </Data>
        <Data name="Status">
          <value/>
        </Data>
        <Data name="Surface">
          <value/>
        </Data>
        <Data name="Restriction">
          <value/>
        </Data>
        <Data name="Lanes">
          <value/>
        </Data>
        <Data name="GlobalID">
          <value/>
        </Data>
        <Data name="created_user">
          <value/>
        </Data>
        <Data name="last_edited_user">
          <value/>
        </Data>
        <Data name="VehicleTravel">
          <value/>
        </Data>
        <Data name="VehicleRequirement">
          <value/>
        </Data>
        <Data name="VehicleLimitation">
          <value/>
        </Data>
        <Data name="SHAPE_Length">
          <value/>
        </Data>
        <Data name="Source">
          <value/>
        </Data>
      </ExtendedData>
      <LineString>
        <tessellate>1</tessellate>
        <coordinates>
          144.145263,-35.150768,0
          144.145217,-35.150839,0
          144.145038,-35.15113,0
          144.145301,-35.151271,0
          144.14551,-35.151318,0
        </coordinates>
      </LineString>
    </Placemark>
    <Placemark>
      <name/>
      <description><![CDATA[description: <br>fid: 257<br>FType: <br>Owner: <br>Usage: Unknown<br>Status: <br>Surface: <br>Restriction: <br>Lanes: <br>GlobalID: <br>created_user: <br>last_edited_user: <br>VehicleTravel: <br>VehicleRequirement: <br>VehicleLimitation: <br>SHAPE_Length: <br>Source: ]]></description>
      <styleUrl>#line-FF5252-2163</styleUrl>
      <ExtendedData>
        <Data name="description">
          <value/>
        </Data>
        <Data name="fid">
          <value>257</value>
        </Data>
        <Data name="FType">
          <value/>
        </Data>
        <Data name="Owner">
          <value/>
        </Data>
        <Data name="Usage">
          <value>Unknown</value>
        </Data>
        <Data name="Status">
          <value/>
        </Data>
        <Data name="Surface">
          <value/>
        </Data>
        <Data name="Restriction">
          <value/>
        </Data>
        <Data name="Lanes">
          <value/>
        </Data>
        <Data name="GlobalID">
          <value/>
        </Data>
        <Data name="created_user">
          <value/>
        </Data>
        <Data name="last_edited_user">
          <value/>
        </Data>
        <Data name="VehicleTravel">
          <value/>
        </Data>
        <Data name="VehicleRequirement">
          <value/>
        </Data>
        <Data name="VehicleLimitation">
          <value/>
        </Data>
        <Data name="SHAPE_Length">
          <value/>
        </Data>
        <Data name="Source">
          <value/>
        </Data>
      </ExtendedData>
      <LineString>
        <tessellate>1</tessellate>
        <coordinates>
          144.14551,-35.151318,0
          144.145884,-35.151476,0
        </coordinates>
      </LineString>
    </Placemark>
    <Placemark>
      <name/>
      <description><![CDATA[description: <br>fid: 258<br>FType: <br>Owner: <br>Usage: Unknown<br>Status: <br>Surface: <br>Restriction: <br>Lanes: <br>GlobalID: <br>created_user: <br>last_edited_user: <br>VehicleTravel: <br>VehicleRequirement: <br>VehicleLimitation: <br>SHAPE_Length: <br>Source: ]]></description>
      <styleUrl>#line-FF5252-2163</styleUrl>
      <ExtendedData>
        <Data name="description">
          <value/>
        </Data>
        <Data name="fid">
          <value>258</value>
        </Data>
        <Data name="FType">
          <value/>
        </Data>
        <Data name="Owner">
          <value/>
        </Data>
        <Data name="Usage">
          <value>Unknown</value>
        </Data>
        <Data name="Status">
          <value/>
        </Data>
        <Data name="Surface">
          <value/>
        </Data>
        <Data name="Restriction">
          <value/>
        </Data>
        <Data name="Lanes">
          <value/>
        </Data>
        <Data name="GlobalID">
          <value/>
        </Data>
        <Data name="created_user">
          <value/>
        </Data>
        <Data name="last_edited_user">
          <value/>
        </Data>
        <Data name="VehicleTravel">
          <value/>
        </Data>
        <Data name="VehicleRequirement">
          <value/>
        </Data>
        <Data name="VehicleLimitation">
          <value/>
        </Data>
        <Data name="SHAPE_Length">
          <value/>
        </Data>
        <Data name="Source">
          <value/>
        </Data>
      </ExtendedData>
      <LineString>
        <tessellate>1</tessellate>
        <coordinates>
          144.145884,-35.151476,0
          144.145918,-35.151532,0
        </coordinates>
      </LineString>
    </Placemark>
    <Placemark>
      <name/>
      <description><![CDATA[description: <br>fid: 259<br>FType: <br>Owner: <br>Usage: Unknown<br>Status: <br>Surface: <br>Restriction: <br>Lanes: <br>GlobalID: <br>created_user: <br>last_edited_user: <br>VehicleTravel: <br>VehicleRequirement: <br>VehicleLimitation: <br>SHAPE_Length: <br>Source: ]]></description>
      <styleUrl>#line-FF5252-2163</styleUrl>
      <ExtendedData>
        <Data name="description">
          <value/>
        </Data>
        <Data name="fid">
          <value>259</value>
        </Data>
        <Data name="FType">
          <value/>
        </Data>
        <Data name="Owner">
          <value/>
        </Data>
        <Data name="Usage">
          <value>Unknown</value>
        </Data>
        <Data name="Status">
          <value/>
        </Data>
        <Data name="Surface">
          <value/>
        </Data>
        <Data name="Restriction">
          <value/>
        </Data>
        <Data name="Lanes">
          <value/>
        </Data>
        <Data name="GlobalID">
          <value/>
        </Data>
        <Data name="created_user">
          <value/>
        </Data>
        <Data name="last_edited_user">
          <value/>
        </Data>
        <Data name="VehicleTravel">
          <value/>
        </Data>
        <Data name="VehicleRequirement">
          <value/>
        </Data>
        <Data name="VehicleLimitation">
          <value/>
        </Data>
        <Data name="SHAPE_Length">
          <value/>
        </Data>
        <Data name="Source">
          <value/>
        </Data>
      </ExtendedData>
      <LineString>
        <tessellate>1</tessellate>
        <coordinates>
          144.146505,-35.151569,0
          144.146234,-35.151516,0
          144.146016,-35.15129,0
        </coordinates>
      </LineString>
    </Placemark>
    <Placemark>
      <name/>
      <description><![CDATA[description: <br>fid: 260<br>FType: <br>Owner: <br>Usage: Unknown<br>Status: <br>Surface: <br>Restriction: <br>Lanes: <br>GlobalID: <br>created_user: <br>last_edited_user: <br>VehicleTravel: <br>VehicleRequirement: <br>VehicleLimitation: <br>SHAPE_Length: <br>Source: ]]></description>
      <styleUrl>#line-FF5252-2163</styleUrl>
      <ExtendedData>
        <Data name="description">
          <value/>
        </Data>
        <Data name="fid">
          <value>260</value>
        </Data>
        <Data name="FType">
          <value/>
        </Data>
        <Data name="Owner">
          <value/>
        </Data>
        <Data name="Usage">
          <value>Unknown</value>
        </Data>
        <Data name="Status">
          <value/>
        </Data>
        <Data name="Surface">
          <value/>
        </Data>
        <Data name="Restriction">
          <value/>
        </Data>
        <Data name="Lanes">
          <value/>
        </Data>
        <Data name="GlobalID">
          <value/>
        </Data>
        <Data name="created_user">
          <value/>
        </Data>
        <Data name="last_edited_user">
          <value/>
        </Data>
        <Data name="VehicleTravel">
          <value/>
        </Data>
        <Data name="VehicleRequirement">
          <value/>
        </Data>
        <Data name="VehicleLimitation">
          <value/>
        </Data>
        <Data name="SHAPE_Length">
          <value/>
        </Data>
        <Data name="Source">
          <value/>
        </Data>
      </ExtendedData>
      <LineString>
        <tessellate>1</tessellate>
        <coordinates>
          144.145918,-35.151532,0
          144.146016,-35.15129,0
          144.146038,-35.151254,0
          144.145841,-35.151007,0
          144.145814,-35.150964,0
        </coordinates>
      </LineString>
    </Placemark>
    <Placemark>
      <name/>
      <description><![CDATA[description: <br>fid: 261<br>FType: <br>Owner: <br>Usage: Unknown<br>Status: <br>Surface: <br>Restriction: <br>Lanes: <br>GlobalID: <br>created_user: <br>last_edited_user: <br>VehicleTravel: <br>VehicleRequirement: <br>VehicleLimitation: <br>SHAPE_Length: <br>Source: ]]></description>
      <styleUrl>#line-FF5252-2163</styleUrl>
      <ExtendedData>
        <Data name="description">
          <value/>
        </Data>
        <Data name="fid">
          <value>261</value>
        </Data>
        <Data name="FType">
          <value/>
        </Data>
        <Data name="Owner">
          <value/>
        </Data>
        <Data name="Usage">
          <value>Unknown</value>
        </Data>
        <Data name="Status">
          <value/>
        </Data>
        <Data name="Surface">
          <value/>
        </Data>
        <Data name="Restriction">
          <value/>
        </Data>
        <Data name="Lanes">
          <value/>
        </Data>
        <Data name="GlobalID">
          <value/>
        </Data>
        <Data name="created_user">
          <value/>
        </Data>
        <Data name="last_edited_user">
          <value/>
        </Data>
        <Data name="VehicleTravel">
          <value/>
        </Data>
        <Data name="VehicleRequirement">
          <value/>
        </Data>
        <Data name="VehicleLimitation">
          <value/>
        </Data>
        <Data name="SHAPE_Length">
          <value/>
        </Data>
        <Data name="Source">
          <value/>
        </Data>
      </ExtendedData>
      <LineString>
        <tessellate>1</tessellate>
        <coordinates>
          144.146608,-35.151233,0
          144.146851,-35.151046,0
        </coordinates>
      </LineString>
    </Placemark>
    <Placemark>
      <name/>
      <description><![CDATA[description: <br>fid: 262<br>FType: <br>Owner: <br>Usage: Unknown<br>Status: <br>Surface: <br>Restriction: <br>Lanes: <br>GlobalID: <br>created_user: <br>last_edited_user: <br>VehicleTravel: <br>VehicleRequirement: <br>VehicleLimitation: <br>SHAPE_Length: <br>Source: ]]></description>
      <styleUrl>#line-FF5252-2163</styleUrl>
      <ExtendedData>
        <Data name="description">
          <value/>
        </Data>
        <Data name="fid">
          <value>262</value>
        </Data>
        <Data name="FType">
          <value/>
        </Data>
        <Data name="Owner">
          <value/>
        </Data>
        <Data name="Usage">
          <value>Unknown</value>
        </Data>
        <Data name="Status">
          <value/>
        </Data>
        <Data name="Surface">
          <value/>
        </Data>
        <Data name="Restriction">
          <value/>
        </Data>
        <Data name="Lanes">
          <value/>
        </Data>
        <Data name="GlobalID">
          <value/>
        </Data>
        <Data name="created_user">
          <value/>
        </Data>
        <Data name="last_edited_user">
          <value/>
        </Data>
        <Data name="VehicleTravel">
          <value/>
        </Data>
        <Data name="VehicleRequirement">
          <value/>
        </Data>
        <Data name="VehicleLimitation">
          <value/>
        </Data>
        <Data name="SHAPE_Length">
          <value/>
        </Data>
        <Data name="Source">
          <value/>
        </Data>
      </ExtendedData>
      <LineString>
        <tessellate>1</tessellate>
        <coordinates>
          144.146568,-35.150927,0
          144.146608,-35.151233,0
        </coordinates>
      </LineString>
    </Placemark>
    <Placemark>
      <name/>
      <description><![CDATA[description: <br>fid: 263<br>FType: <br>Owner: <br>Usage: Unknown<br>Status: <br>Surface: <br>Restriction: <br>Lanes: <br>GlobalID: <br>created_user: <br>last_edited_user: <br>VehicleTravel: <br>VehicleRequirement: <br>VehicleLimitation: <br>SHAPE_Length: <br>Source: ]]></description>
      <styleUrl>#line-FF5252-2163</styleUrl>
      <ExtendedData>
        <Data name="description">
          <value/>
        </Data>
        <Data name="fid">
          <value>263</value>
        </Data>
        <Data name="FType">
          <value/>
        </Data>
        <Data name="Owner">
          <value/>
        </Data>
        <Data name="Usage">
          <value>Unknown</value>
        </Data>
        <Data name="Status">
          <value/>
        </Data>
        <Data name="Surface">
          <value/>
        </Data>
        <Data name="Restriction">
          <value/>
        </Data>
        <Data name="Lanes">
          <value/>
        </Data>
        <Data name="GlobalID">
          <value/>
        </Data>
        <Data name="created_user">
          <value/>
        </Data>
        <Data name="last_edited_user">
          <value/>
        </Data>
        <Data name="VehicleTravel">
          <value/>
        </Data>
        <Data name="VehicleRequirement">
          <value/>
        </Data>
        <Data name="VehicleLimitation">
          <value/>
        </Data>
        <Data name="SHAPE_Length">
          <value/>
        </Data>
        <Data name="Source">
          <value/>
        </Data>
      </ExtendedData>
      <LineString>
        <tessellate>1</tessellate>
        <coordinates>
          144.145998,-35.151736,0
          144.145918,-35.151532,0
        </coordinates>
      </LineString>
    </Placemark>
    <Placemark>
      <name/>
      <description><![CDATA[description: <br>fid: 264<br>FType: <br>Owner: <br>Usage: Unknown<br>Status: <br>Surface: <br>Restriction: <br>Lanes: <br>GlobalID: <br>created_user: <br>last_edited_user: <br>VehicleTravel: <br>VehicleRequirement: <br>VehicleLimitation: <br>SHAPE_Length: <br>Source: ]]></description>
      <styleUrl>#line-FF5252-2163</styleUrl>
      <ExtendedData>
        <Data name="description">
          <value/>
        </Data>
        <Data name="fid">
          <value>264</value>
        </Data>
        <Data name="FType">
          <value/>
        </Data>
        <Data name="Owner">
          <value/>
        </Data>
        <Data name="Usage">
          <value>Unknown</value>
        </Data>
        <Data name="Status">
          <value/>
        </Data>
        <Data name="Surface">
          <value/>
        </Data>
        <Data name="Restriction">
          <value/>
        </Data>
        <Data name="Lanes">
          <value/>
        </Data>
        <Data name="GlobalID">
          <value/>
        </Data>
        <Data name="created_user">
          <value/>
        </Data>
        <Data name="last_edited_user">
          <value/>
        </Data>
        <Data name="VehicleTravel">
          <value/>
        </Data>
        <Data name="VehicleRequirement">
          <value/>
        </Data>
        <Data name="VehicleLimitation">
          <value/>
        </Data>
        <Data name="SHAPE_Length">
          <value/>
        </Data>
        <Data name="Source">
          <value/>
        </Data>
      </ExtendedData>
      <LineString>
        <tessellate>1</tessellate>
        <coordinates>
          144.147381,-35.151849,0
          144.146934,-35.151882,0
          144.146514,-35.152003,0
          144.146446,-35.151718,0
          144.146505,-35.151569,0
        </coordinates>
      </LineString>
    </Placemark>
    <Placemark>
      <name/>
      <description><![CDATA[description: <br>fid: 265<br>FType: <br>Owner: <br>Usage: Unknown<br>Status: <br>Surface: <br>Restriction: <br>Lanes: <br>GlobalID: <br>created_user: <br>last_edited_user: <br>VehicleTravel: <br>VehicleRequirement: <br>VehicleLimitation: <br>SHAPE_Length: <br>Source: ]]></description>
      <styleUrl>#line-FF5252-2163</styleUrl>
      <ExtendedData>
        <Data name="description">
          <value/>
        </Data>
        <Data name="fid">
          <value>265</value>
        </Data>
        <Data name="FType">
          <value/>
        </Data>
        <Data name="Owner">
          <value/>
        </Data>
        <Data name="Usage">
          <value>Unknown</value>
        </Data>
        <Data name="Status">
          <value/>
        </Data>
        <Data name="Surface">
          <value/>
        </Data>
        <Data name="Restriction">
          <value/>
        </Data>
        <Data name="Lanes">
          <value/>
        </Data>
        <Data name="GlobalID">
          <value/>
        </Data>
        <Data name="created_user">
          <value/>
        </Data>
        <Data name="last_edited_user">
          <value/>
        </Data>
        <Data name="VehicleTravel">
          <value/>
        </Data>
        <Data name="VehicleRequirement">
          <value/>
        </Data>
        <Data name="VehicleLimitation">
          <value/>
        </Data>
        <Data name="SHAPE_Length">
          <value/>
        </Data>
        <Data name="Source">
          <value/>
        </Data>
      </ExtendedData>
      <LineString>
        <tessellate>1</tessellate>
        <coordinates>
          144.146446,-35.151718,0
          144.145998,-35.151736,0
          144.146234,-35.151516,0
        </coordinates>
      </LineString>
    </Placemark>
    <Placemark>
      <name/>
      <description><![CDATA[description: <br>fid: 266<br>FType: <br>Owner: <br>Usage: Unknown<br>Status: <br>Surface: <br>Restriction: <br>Lanes: <br>GlobalID: <br>created_user: <br>last_edited_user: <br>VehicleTravel: <br>VehicleRequirement: <br>VehicleLimitation: <br>SHAPE_Length: <br>Source: ]]></description>
      <styleUrl>#line-FF5252-2163</styleUrl>
      <ExtendedData>
        <Data name="description">
          <value/>
        </Data>
        <Data name="fid">
          <value>266</value>
        </Data>
        <Data name="FType">
          <value/>
        </Data>
        <Data name="Owner">
          <value/>
        </Data>
        <Data name="Usage">
          <value>Unknown</value>
        </Data>
        <Data name="Status">
          <value/>
        </Data>
        <Data name="Surface">
          <value/>
        </Data>
        <Data name="Restriction">
          <value/>
        </Data>
        <Data name="Lanes">
          <value/>
        </Data>
        <Data name="GlobalID">
          <value/>
        </Data>
        <Data name="created_user">
          <value/>
        </Data>
        <Data name="last_edited_user">
          <value/>
        </Data>
        <Data name="VehicleTravel">
          <value/>
        </Data>
        <Data name="VehicleRequirement">
          <value/>
        </Data>
        <Data name="VehicleLimitation">
          <value/>
        </Data>
        <Data name="SHAPE_Length">
          <value/>
        </Data>
        <Data name="Source">
          <value/>
        </Data>
      </ExtendedData>
      <LineString>
        <tessellate>1</tessellate>
        <coordinates>
          144.149014,-35.149701,0
          144.14941,-35.150182,0
          144.149767,-35.15083,0
          144.149832,-35.15092,0
        </coordinates>
      </LineString>
    </Placemark>
    <Placemark>
      <name/>
      <description><![CDATA[description: <br>fid: 267<br>FType: <br>Owner: <br>Usage: Unknown<br>Status: <br>Surface: <br>Restriction: <br>Lanes: <br>GlobalID: <br>created_user: <br>last_edited_user: <br>VehicleTravel: <br>VehicleRequirement: <br>VehicleLimitation: <br>SHAPE_Length: <br>Source: ]]></description>
      <styleUrl>#line-FF5252-2163</styleUrl>
      <ExtendedData>
        <Data name="description">
          <value/>
        </Data>
        <Data name="fid">
          <value>267</value>
        </Data>
        <Data name="FType">
          <value/>
        </Data>
        <Data name="Owner">
          <value/>
        </Data>
        <Data name="Usage">
          <value>Unknown</value>
        </Data>
        <Data name="Status">
          <value/>
        </Data>
        <Data name="Surface">
          <value/>
        </Data>
        <Data name="Restriction">
          <value/>
        </Data>
        <Data name="Lanes">
          <value/>
        </Data>
        <Data name="GlobalID">
          <value/>
        </Data>
        <Data name="created_user">
          <value/>
        </Data>
        <Data name="last_edited_user">
          <value/>
        </Data>
        <Data name="VehicleTravel">
          <value/>
        </Data>
        <Data name="VehicleRequirement">
          <value/>
        </Data>
        <Data name="VehicleLimitation">
          <value/>
        </Data>
        <Data name="SHAPE_Length">
          <value/>
        </Data>
        <Data name="Source">
          <value/>
        </Data>
      </ExtendedData>
      <LineString>
        <tessellate>1</tessellate>
        <coordinates>
          144.147941,-35.151648,0
          144.148243,-35.151778,0
        </coordinates>
      </LineString>
    </Placemark>
    <Placemark>
      <name/>
      <description><![CDATA[description: <br>fid: 268<br>FType: <br>Owner: <br>Usage: Unknown<br>Status: <br>Surface: <br>Restriction: <br>Lanes: <br>GlobalID: <br>created_user: <br>last_edited_user: <br>VehicleTravel: <br>VehicleRequirement: <br>VehicleLimitation: <br>SHAPE_Length: <br>Source: ]]></description>
      <styleUrl>#line-FF5252-2163</styleUrl>
      <ExtendedData>
        <Data name="description">
          <value/>
        </Data>
        <Data name="fid">
          <value>268</value>
        </Data>
        <Data name="FType">
          <value/>
        </Data>
        <Data name="Owner">
          <value/>
        </Data>
        <Data name="Usage">
          <value>Unknown</value>
        </Data>
        <Data name="Status">
          <value/>
        </Data>
        <Data name="Surface">
          <value/>
        </Data>
        <Data name="Restriction">
          <value/>
        </Data>
        <Data name="Lanes">
          <value/>
        </Data>
        <Data name="GlobalID">
          <value/>
        </Data>
        <Data name="created_user">
          <value/>
        </Data>
        <Data name="last_edited_user">
          <value/>
        </Data>
        <Data name="VehicleTravel">
          <value/>
        </Data>
        <Data name="VehicleRequirement">
          <value/>
        </Data>
        <Data name="VehicleLimitation">
          <value/>
        </Data>
        <Data name="SHAPE_Length">
          <value/>
        </Data>
        <Data name="Source">
          <value/>
        </Data>
      </ExtendedData>
      <LineString>
        <tessellate>1</tessellate>
        <coordinates>
          144.147329,-35.1516,0
          144.147492,-35.151432,0
          144.147682,-35.151241,0
          144.14787,-35.151067,0
        </coordinates>
      </LineString>
    </Placemark>
    <Placemark>
      <name/>
      <description><![CDATA[description: <br>fid: 269<br>FType: <br>Owner: <br>Usage: Unknown<br>Status: <br>Surface: <br>Restriction: <br>Lanes: <br>GlobalID: <br>created_user: <br>last_edited_user: <br>VehicleTravel: <br>VehicleRequirement: <br>VehicleLimitation: <br>SHAPE_Length: <br>Source: ]]></description>
      <styleUrl>#line-FF5252-2163</styleUrl>
      <ExtendedData>
        <Data name="description">
          <value/>
        </Data>
        <Data name="fid">
          <value>269</value>
        </Data>
        <Data name="FType">
          <value/>
        </Data>
        <Data name="Owner">
          <value/>
        </Data>
        <Data name="Usage">
          <value>Unknown</value>
        </Data>
        <Data name="Status">
          <value/>
        </Data>
        <Data name="Surface">
          <value/>
        </Data>
        <Data name="Restriction">
          <value/>
        </Data>
        <Data name="Lanes">
          <value/>
        </Data>
        <Data name="GlobalID">
          <value/>
        </Data>
        <Data name="created_user">
          <value/>
        </Data>
        <Data name="last_edited_user">
          <value/>
        </Data>
        <Data name="VehicleTravel">
          <value/>
        </Data>
        <Data name="VehicleRequirement">
          <value/>
        </Data>
        <Data name="VehicleLimitation">
          <value/>
        </Data>
        <Data name="SHAPE_Length">
          <value/>
        </Data>
        <Data name="Source">
          <value/>
        </Data>
      </ExtendedData>
      <LineString>
        <tessellate>1</tessellate>
        <coordinates>
          144.149797,-35.149952,0
          144.149563,-35.150007,0
          144.149348,-35.150106,0
        </coordinates>
      </LineString>
    </Placemark>
    <Placemark>
      <name/>
      <description><![CDATA[description: <br>fid: 270<br>FType: <br>Owner: <br>Usage: Unknown<br>Status: <br>Surface: <br>Restriction: <br>Lanes: <br>GlobalID: <br>created_user: <br>last_edited_user: <br>VehicleTravel: <br>VehicleRequirement: <br>VehicleLimitation: <br>SHAPE_Length: <br>Source: ]]></description>
      <styleUrl>#line-FF5252-2163</styleUrl>
      <ExtendedData>
        <Data name="description">
          <value/>
        </Data>
        <Data name="fid">
          <value>270</value>
        </Data>
        <Data name="FType">
          <value/>
        </Data>
        <Data name="Owner">
          <value/>
        </Data>
        <Data name="Usage">
          <value>Unknown</value>
        </Data>
        <Data name="Status">
          <value/>
        </Data>
        <Data name="Surface">
          <value/>
        </Data>
        <Data name="Restriction">
          <value/>
        </Data>
        <Data name="Lanes">
          <value/>
        </Data>
        <Data name="GlobalID">
          <value/>
        </Data>
        <Data name="created_user">
          <value/>
        </Data>
        <Data name="last_edited_user">
          <value/>
        </Data>
        <Data name="VehicleTravel">
          <value/>
        </Data>
        <Data name="VehicleRequirement">
          <value/>
        </Data>
        <Data name="VehicleLimitation">
          <value/>
        </Data>
        <Data name="SHAPE_Length">
          <value/>
        </Data>
        <Data name="Source">
          <value/>
        </Data>
      </ExtendedData>
      <LineString>
        <tessellate>1</tessellate>
        <coordinates>
          144.148385,-35.15139,0
          144.148613,-35.151284,0
        </coordinates>
      </LineString>
    </Placemark>
    <Placemark>
      <name/>
      <description><![CDATA[description: <br>fid: 271<br>FType: <br>Owner: <br>Usage: Unknown<br>Status: <br>Surface: <br>Restriction: <br>Lanes: <br>GlobalID: <br>created_user: <br>last_edited_user: <br>VehicleTravel: <br>VehicleRequirement: <br>VehicleLimitation: <br>SHAPE_Length: <br>Source: ]]></description>
      <styleUrl>#line-FF5252-2163</styleUrl>
      <ExtendedData>
        <Data name="description">
          <value/>
        </Data>
        <Data name="fid">
          <value>271</value>
        </Data>
        <Data name="FType">
          <value/>
        </Data>
        <Data name="Owner">
          <value/>
        </Data>
        <Data name="Usage">
          <value>Unknown</value>
        </Data>
        <Data name="Status">
          <value/>
        </Data>
        <Data name="Surface">
          <value/>
        </Data>
        <Data name="Restriction">
          <value/>
        </Data>
        <Data name="Lanes">
          <value/>
        </Data>
        <Data name="GlobalID">
          <value/>
        </Data>
        <Data name="created_user">
          <value/>
        </Data>
        <Data name="last_edited_user">
          <value/>
        </Data>
        <Data name="VehicleTravel">
          <value/>
        </Data>
        <Data name="VehicleRequirement">
          <value/>
        </Data>
        <Data name="VehicleLimitation">
          <value/>
        </Data>
        <Data name="SHAPE_Length">
          <value/>
        </Data>
        <Data name="Source">
          <value/>
        </Data>
      </ExtendedData>
      <LineString>
        <tessellate>1</tessellate>
        <coordinates>
          144.148613,-35.151284,0
          144.148731,-35.151226,0
          144.148828,-35.15121,0
          144.149331,-35.151342,0
        </coordinates>
      </LineString>
    </Placemark>
    <Placemark>
      <name/>
      <description><![CDATA[description: <br>fid: 272<br>FType: <br>Owner: <br>Usage: Unknown<br>Status: <br>Surface: <br>Restriction: <br>Lanes: <br>GlobalID: <br>created_user: <br>last_edited_user: <br>VehicleTravel: <br>VehicleRequirement: <br>VehicleLimitation: <br>SHAPE_Length: <br>Source: ]]></description>
      <styleUrl>#line-FF5252-2163</styleUrl>
      <ExtendedData>
        <Data name="description">
          <value/>
        </Data>
        <Data name="fid">
          <value>272</value>
        </Data>
        <Data name="FType">
          <value/>
        </Data>
        <Data name="Owner">
          <value/>
        </Data>
        <Data name="Usage">
          <value>Unknown</value>
        </Data>
        <Data name="Status">
          <value/>
        </Data>
        <Data name="Surface">
          <value/>
        </Data>
        <Data name="Restriction">
          <value/>
        </Data>
        <Data name="Lanes">
          <value/>
        </Data>
        <Data name="GlobalID">
          <value/>
        </Data>
        <Data name="created_user">
          <value/>
        </Data>
        <Data name="last_edited_user">
          <value/>
        </Data>
        <Data name="VehicleTravel">
          <value/>
        </Data>
        <Data name="VehicleRequirement">
          <value/>
        </Data>
        <Data name="VehicleLimitation">
          <value/>
        </Data>
        <Data name="SHAPE_Length">
          <value/>
        </Data>
        <Data name="Source">
          <value/>
        </Data>
      </ExtendedData>
      <LineString>
        <tessellate>1</tessellate>
        <coordinates>
          144.149331,-35.151342,0
          144.149649,-35.151145,0
          144.14982,-35.151002,0
        </coordinates>
      </LineString>
    </Placemark>
    <Placemark>
      <name/>
      <description><![CDATA[description: <br>fid: 273<br>FType: <br>Owner: <br>Usage: Unknown<br>Status: <br>Surface: <br>Restriction: <br>Lanes: <br>GlobalID: <br>created_user: <br>last_edited_user: <br>VehicleTravel: <br>VehicleRequirement: <br>VehicleLimitation: <br>SHAPE_Length: <br>Source: ]]></description>
      <styleUrl>#line-FF5252-2163</styleUrl>
      <ExtendedData>
        <Data name="description">
          <value/>
        </Data>
        <Data name="fid">
          <value>273</value>
        </Data>
        <Data name="FType">
          <value/>
        </Data>
        <Data name="Owner">
          <value/>
        </Data>
        <Data name="Usage">
          <value>Unknown</value>
        </Data>
        <Data name="Status">
          <value/>
        </Data>
        <Data name="Surface">
          <value/>
        </Data>
        <Data name="Restriction">
          <value/>
        </Data>
        <Data name="Lanes">
          <value/>
        </Data>
        <Data name="GlobalID">
          <value/>
        </Data>
        <Data name="created_user">
          <value/>
        </Data>
        <Data name="last_edited_user">
          <value/>
        </Data>
        <Data name="VehicleTravel">
          <value/>
        </Data>
        <Data name="VehicleRequirement">
          <value/>
        </Data>
        <Data name="VehicleLimitation">
          <value/>
        </Data>
        <Data name="SHAPE_Length">
          <value/>
        </Data>
        <Data name="Source">
          <value/>
        </Data>
      </ExtendedData>
      <LineString>
        <tessellate>1</tessellate>
        <coordinates>
          144.148243,-35.151778,0
          144.148422,-35.151936,0
        </coordinates>
      </LineString>
    </Placemark>
    <Placemark>
      <name/>
      <description><![CDATA[description: <br>fid: 274<br>FType: <br>Owner: <br>Usage: Unknown<br>Status: <br>Surface: <br>Restriction: <br>Lanes: <br>GlobalID: <br>created_user: <br>last_edited_user: <br>VehicleTravel: <br>VehicleRequirement: <br>VehicleLimitation: <br>SHAPE_Length: <br>Source: ]]></description>
      <styleUrl>#line-FF5252-2163</styleUrl>
      <ExtendedData>
        <Data name="description">
          <value/>
        </Data>
        <Data name="fid">
          <value>274</value>
        </Data>
        <Data name="FType">
          <value/>
        </Data>
        <Data name="Owner">
          <value/>
        </Data>
        <Data name="Usage">
          <value>Unknown</value>
        </Data>
        <Data name="Status">
          <value/>
        </Data>
        <Data name="Surface">
          <value/>
        </Data>
        <Data name="Restriction">
          <value/>
        </Data>
        <Data name="Lanes">
          <value/>
        </Data>
        <Data name="GlobalID">
          <value/>
        </Data>
        <Data name="created_user">
          <value/>
        </Data>
        <Data name="last_edited_user">
          <value/>
        </Data>
        <Data name="VehicleTravel">
          <value/>
        </Data>
        <Data name="VehicleRequirement">
          <value/>
        </Data>
        <Data name="VehicleLimitation">
          <value/>
        </Data>
        <Data name="SHAPE_Length">
          <value/>
        </Data>
        <Data name="Source">
          <value/>
        </Data>
      </ExtendedData>
      <LineString>
        <tessellate>1</tessellate>
        <coordinates>
          144.148543,-35.151715,0
          144.148422,-35.151936,0
        </coordinates>
      </LineString>
    </Placemark>
    <Placemark>
      <name/>
      <description><![CDATA[description: <br>fid: 275<br>FType: <br>Owner: <br>Usage: Unknown<br>Status: <br>Surface: <br>Restriction: <br>Lanes: <br>GlobalID: <br>created_user: <br>last_edited_user: <br>VehicleTravel: <br>VehicleRequirement: <br>VehicleLimitation: <br>SHAPE_Length: <br>Source: ]]></description>
      <styleUrl>#line-FF5252-2163</styleUrl>
      <ExtendedData>
        <Data name="description">
          <value/>
        </Data>
        <Data name="fid">
          <value>275</value>
        </Data>
        <Data name="FType">
          <value/>
        </Data>
        <Data name="Owner">
          <value/>
        </Data>
        <Data name="Usage">
          <value>Unknown</value>
        </Data>
        <Data name="Status">
          <value/>
        </Data>
        <Data name="Surface">
          <value/>
        </Data>
        <Data name="Restriction">
          <value/>
        </Data>
        <Data name="Lanes">
          <value/>
        </Data>
        <Data name="GlobalID">
          <value/>
        </Data>
        <Data name="created_user">
          <value/>
        </Data>
        <Data name="last_edited_user">
          <value/>
        </Data>
        <Data name="VehicleTravel">
          <value/>
        </Data>
        <Data name="VehicleRequirement">
          <value/>
        </Data>
        <Data name="VehicleLimitation">
          <value/>
        </Data>
        <Data name="SHAPE_Length">
          <value/>
        </Data>
        <Data name="Source">
          <value/>
        </Data>
      </ExtendedData>
      <LineString>
        <tessellate>1</tessellate>
        <coordinates>
          144.148058,-35.150863,0
          144.147947,-35.150979,0
          144.14787,-35.151067,0
          144.147941,-35.151648,0
        </coordinates>
      </LineString>
    </Placemark>
    <Placemark>
      <name/>
      <description><![CDATA[description: <br>fid: 276<br>FType: <br>Owner: <br>Usage: Unknown<br>Status: <br>Surface: <br>Restriction: <br>Lanes: <br>GlobalID: <br>created_user: <br>last_edited_user: <br>VehicleTravel: <br>VehicleRequirement: <br>VehicleLimitation: <br>SHAPE_Length: <br>Source: ]]></description>
      <styleUrl>#line-FF5252-2163</styleUrl>
      <ExtendedData>
        <Data name="description">
          <value/>
        </Data>
        <Data name="fid">
          <value>276</value>
        </Data>
        <Data name="FType">
          <value/>
        </Data>
        <Data name="Owner">
          <value/>
        </Data>
        <Data name="Usage">
          <value>Unknown</value>
        </Data>
        <Data name="Status">
          <value/>
        </Data>
        <Data name="Surface">
          <value/>
        </Data>
        <Data name="Restriction">
          <value/>
        </Data>
        <Data name="Lanes">
          <value/>
        </Data>
        <Data name="GlobalID">
          <value/>
        </Data>
        <Data name="created_user">
          <value/>
        </Data>
        <Data name="last_edited_user">
          <value/>
        </Data>
        <Data name="VehicleTravel">
          <value/>
        </Data>
        <Data name="VehicleRequirement">
          <value/>
        </Data>
        <Data name="VehicleLimitation">
          <value/>
        </Data>
        <Data name="SHAPE_Length">
          <value/>
        </Data>
        <Data name="Source">
          <value/>
        </Data>
      </ExtendedData>
      <LineString>
        <tessellate>1</tessellate>
        <coordinates>
          144.147941,-35.151648,0
          144.147604,-35.15199,0
          144.147587,-35.152012,0
        </coordinates>
      </LineString>
    </Placemark>
    <Placemark>
      <name/>
      <description><![CDATA[description: <br>fid: 277<br>FType: <br>Owner: <br>Usage: Unknown<br>Status: <br>Surface: <br>Restriction: <br>Lanes: <br>GlobalID: <br>created_user: <br>last_edited_user: <br>VehicleTravel: <br>VehicleRequirement: <br>VehicleLimitation: <br>SHAPE_Length: <br>Source: ]]></description>
      <styleUrl>#line-FF5252-2163</styleUrl>
      <ExtendedData>
        <Data name="description">
          <value/>
        </Data>
        <Data name="fid">
          <value>277</value>
        </Data>
        <Data name="FType">
          <value/>
        </Data>
        <Data name="Owner">
          <value/>
        </Data>
        <Data name="Usage">
          <value>Unknown</value>
        </Data>
        <Data name="Status">
          <value/>
        </Data>
        <Data name="Surface">
          <value/>
        </Data>
        <Data name="Restriction">
          <value/>
        </Data>
        <Data name="Lanes">
          <value/>
        </Data>
        <Data name="GlobalID">
          <value/>
        </Data>
        <Data name="created_user">
          <value/>
        </Data>
        <Data name="last_edited_user">
          <value/>
        </Data>
        <Data name="VehicleTravel">
          <value/>
        </Data>
        <Data name="VehicleRequirement">
          <value/>
        </Data>
        <Data name="VehicleLimitation">
          <value/>
        </Data>
        <Data name="SHAPE_Length">
          <value/>
        </Data>
        <Data name="Source">
          <value/>
        </Data>
      </ExtendedData>
      <LineString>
        <tessellate>1</tessellate>
        <coordinates>
          144.148243,-35.151778,0
          144.148027,-35.151914,0
          144.147696,-35.152,0
          144.147654,-35.15203,0
        </coordinates>
      </LineString>
    </Placemark>
    <Placemark>
      <name/>
      <description><![CDATA[description: <br>fid: 278<br>FType: <br>Owner: <br>Usage: Unknown<br>Status: <br>Surface: <br>Restriction: <br>Lanes: <br>GlobalID: <br>created_user: <br>last_edited_user: <br>VehicleTravel: <br>VehicleRequirement: <br>VehicleLimitation: <br>SHAPE_Length: <br>Source: ]]></description>
      <styleUrl>#line-FF5252-2163</styleUrl>
      <ExtendedData>
        <Data name="description">
          <value/>
        </Data>
        <Data name="fid">
          <value>278</value>
        </Data>
        <Data name="FType">
          <value/>
        </Data>
        <Data name="Owner">
          <value/>
        </Data>
        <Data name="Usage">
          <value>Unknown</value>
        </Data>
        <Data name="Status">
          <value/>
        </Data>
        <Data name="Surface">
          <value/>
        </Data>
        <Data name="Restriction">
          <value/>
        </Data>
        <Data name="Lanes">
          <value/>
        </Data>
        <Data name="GlobalID">
          <value/>
        </Data>
        <Data name="created_user">
          <value/>
        </Data>
        <Data name="last_edited_user">
          <value/>
        </Data>
        <Data name="VehicleTravel">
          <value/>
        </Data>
        <Data name="VehicleRequirement">
          <value/>
        </Data>
        <Data name="VehicleLimitation">
          <value/>
        </Data>
        <Data name="SHAPE_Length">
          <value/>
        </Data>
        <Data name="Source">
          <value/>
        </Data>
      </ExtendedData>
      <LineString>
        <tessellate>1</tessellate>
        <coordinates>
          144.142789,-35.147548,0
          144.142349,-35.147655,0
        </coordinates>
      </LineString>
    </Placemark>
    <Placemark>
      <name/>
      <description><![CDATA[description: <br>fid: 279<br>FType: <br>Owner: <br>Usage: Unknown<br>Status: <br>Surface: <br>Restriction: <br>Lanes: <br>GlobalID: <br>created_user: <br>last_edited_user: <br>VehicleTravel: <br>VehicleRequirement: <br>VehicleLimitation: <br>SHAPE_Length: <br>Source: ]]></description>
      <styleUrl>#line-FF5252-2163</styleUrl>
      <ExtendedData>
        <Data name="description">
          <value/>
        </Data>
        <Data name="fid">
          <value>279</value>
        </Data>
        <Data name="FType">
          <value/>
        </Data>
        <Data name="Owner">
          <value/>
        </Data>
        <Data name="Usage">
          <value>Unknown</value>
        </Data>
        <Data name="Status">
          <value/>
        </Data>
        <Data name="Surface">
          <value/>
        </Data>
        <Data name="Restriction">
          <value/>
        </Data>
        <Data name="Lanes">
          <value/>
        </Data>
        <Data name="GlobalID">
          <value/>
        </Data>
        <Data name="created_user">
          <value/>
        </Data>
        <Data name="last_edited_user">
          <value/>
        </Data>
        <Data name="VehicleTravel">
          <value/>
        </Data>
        <Data name="VehicleRequirement">
          <value/>
        </Data>
        <Data name="VehicleLimitation">
          <value/>
        </Data>
        <Data name="SHAPE_Length">
          <value/>
        </Data>
        <Data name="Source">
          <value/>
        </Data>
      </ExtendedData>
      <LineString>
        <tessellate>1</tessellate>
        <coordinates>
          144.142349,-35.147655,0
          144.141896,-35.1477,0
        </coordinates>
      </LineString>
    </Placemark>
    <Placemark>
      <name/>
      <description><![CDATA[description: <br>fid: 280<br>FType: <br>Owner: <br>Usage: Unknown<br>Status: <br>Surface: <br>Restriction: <br>Lanes: <br>GlobalID: <br>created_user: <br>last_edited_user: <br>VehicleTravel: <br>VehicleRequirement: <br>VehicleLimitation: <br>SHAPE_Length: <br>Source: ]]></description>
      <styleUrl>#line-FF5252-2163</styleUrl>
      <ExtendedData>
        <Data name="description">
          <value/>
        </Data>
        <Data name="fid">
          <value>280</value>
        </Data>
        <Data name="FType">
          <value/>
        </Data>
        <Data name="Owner">
          <value/>
        </Data>
        <Data name="Usage">
          <value>Unknown</value>
        </Data>
        <Data name="Status">
          <value/>
        </Data>
        <Data name="Surface">
          <value/>
        </Data>
        <Data name="Restriction">
          <value/>
        </Data>
        <Data name="Lanes">
          <value/>
        </Data>
        <Data name="GlobalID">
          <value/>
        </Data>
        <Data name="created_user">
          <value/>
        </Data>
        <Data name="last_edited_user">
          <value/>
        </Data>
        <Data name="VehicleTravel">
          <value/>
        </Data>
        <Data name="VehicleRequirement">
          <value/>
        </Data>
        <Data name="VehicleLimitation">
          <value/>
        </Data>
        <Data name="SHAPE_Length">
          <value/>
        </Data>
        <Data name="Source">
          <value/>
        </Data>
      </ExtendedData>
      <LineString>
        <tessellate>1</tessellate>
        <coordinates>
          144.140446,-35.148616,0
          144.140675,-35.148962,0
          144.140705,-35.148996,0
        </coordinates>
      </LineString>
    </Placemark>
    <Placemark>
      <name/>
      <description><![CDATA[description: <br>fid: 282<br>FType: <br>Owner: <br>Usage: Unknown<br>Status: <br>Surface: <br>Restriction: <br>Lanes: <br>GlobalID: <br>created_user: <br>last_edited_user: <br>VehicleTravel: <br>VehicleRequirement: <br>VehicleLimitation: <br>SHAPE_Length: <br>Source: ]]></description>
      <styleUrl>#line-FF5252-2163</styleUrl>
      <ExtendedData>
        <Data name="description">
          <value/>
        </Data>
        <Data name="fid">
          <value>282</value>
        </Data>
        <Data name="FType">
          <value/>
        </Data>
        <Data name="Owner">
          <value/>
        </Data>
        <Data name="Usage">
          <value>Unknown</value>
        </Data>
        <Data name="Status">
          <value/>
        </Data>
        <Data name="Surface">
          <value/>
        </Data>
        <Data name="Restriction">
          <value/>
        </Data>
        <Data name="Lanes">
          <value/>
        </Data>
        <Data name="GlobalID">
          <value/>
        </Data>
        <Data name="created_user">
          <value/>
        </Data>
        <Data name="last_edited_user">
          <value/>
        </Data>
        <Data name="VehicleTravel">
          <value/>
        </Data>
        <Data name="VehicleRequirement">
          <value/>
        </Data>
        <Data name="VehicleLimitation">
          <value/>
        </Data>
        <Data name="SHAPE_Length">
          <value/>
        </Data>
        <Data name="Source">
          <value/>
        </Data>
      </ExtendedData>
      <LineString>
        <tessellate>1</tessellate>
        <coordinates>
          144.140705,-35.148996,0
          144.140612,-35.149478,0
        </coordinates>
      </LineString>
    </Placemark>
    <Placemark>
      <name/>
      <description><![CDATA[description: <br>fid: 287<br>FType: <br>Owner: <br>Usage: Unknown<br>Status: <br>Surface: <br>Restriction: <br>Lanes: <br>GlobalID: <br>created_user: <br>last_edited_user: <br>VehicleTravel: <br>VehicleRequirement: <br>VehicleLimitation: <br>SHAPE_Length: <br>Source: ]]></description>
      <styleUrl>#line-FF5252-2163</styleUrl>
      <ExtendedData>
        <Data name="description">
          <value/>
        </Data>
        <Data name="fid">
          <value>287</value>
        </Data>
        <Data name="FType">
          <value/>
        </Data>
        <Data name="Owner">
          <value/>
        </Data>
        <Data name="Usage">
          <value>Unknown</value>
        </Data>
        <Data name="Status">
          <value/>
        </Data>
        <Data name="Surface">
          <value/>
        </Data>
        <Data name="Restriction">
          <value/>
        </Data>
        <Data name="Lanes">
          <value/>
        </Data>
        <Data name="GlobalID">
          <value/>
        </Data>
        <Data name="created_user">
          <value/>
        </Data>
        <Data name="last_edited_user">
          <value/>
        </Data>
        <Data name="VehicleTravel">
          <value/>
        </Data>
        <Data name="VehicleRequirement">
          <value/>
        </Data>
        <Data name="VehicleLimitation">
          <value/>
        </Data>
        <Data name="SHAPE_Length">
          <value/>
        </Data>
        <Data name="Source">
          <value/>
        </Data>
      </ExtendedData>
      <LineString>
        <tessellate>1</tessellate>
        <coordinates>
          144.14216,-35.148198,0
          144.142078,-35.148145,0
        </coordinates>
      </LineString>
    </Placemark>
    <Placemark>
      <name/>
      <description><![CDATA[description: <br>fid: 288<br>FType: <br>Owner: <br>Usage: Unknown<br>Status: <br>Surface: <br>Restriction: <br>Lanes: <br>GlobalID: <br>created_user: <br>last_edited_user: <br>VehicleTravel: <br>VehicleRequirement: <br>VehicleLimitation: <br>SHAPE_Length: <br>Source: ]]></description>
      <styleUrl>#line-FF5252-2163</styleUrl>
      <ExtendedData>
        <Data name="description">
          <value/>
        </Data>
        <Data name="fid">
          <value>288</value>
        </Data>
        <Data name="FType">
          <value/>
        </Data>
        <Data name="Owner">
          <value/>
        </Data>
        <Data name="Usage">
          <value>Unknown</value>
        </Data>
        <Data name="Status">
          <value/>
        </Data>
        <Data name="Surface">
          <value/>
        </Data>
        <Data name="Restriction">
          <value/>
        </Data>
        <Data name="Lanes">
          <value/>
        </Data>
        <Data name="GlobalID">
          <value/>
        </Data>
        <Data name="created_user">
          <value/>
        </Data>
        <Data name="last_edited_user">
          <value/>
        </Data>
        <Data name="VehicleTravel">
          <value/>
        </Data>
        <Data name="VehicleRequirement">
          <value/>
        </Data>
        <Data name="VehicleLimitation">
          <value/>
        </Data>
        <Data name="SHAPE_Length">
          <value/>
        </Data>
        <Data name="Source">
          <value/>
        </Data>
      </ExtendedData>
      <LineString>
        <tessellate>1</tessellate>
        <coordinates>
          144.142013,-35.148183,0
          144.142078,-35.148145,0
        </coordinates>
      </LineString>
    </Placemark>
    <Placemark>
      <name/>
      <description><![CDATA[description: <br>fid: 289<br>FType: <br>Owner: <br>Usage: Unknown<br>Status: <br>Surface: <br>Restriction: <br>Lanes: <br>GlobalID: <br>created_user: <br>last_edited_user: <br>VehicleTravel: <br>VehicleRequirement: <br>VehicleLimitation: <br>SHAPE_Length: <br>Source: ]]></description>
      <styleUrl>#line-FF5252-2163</styleUrl>
      <ExtendedData>
        <Data name="description">
          <value/>
        </Data>
        <Data name="fid">
          <value>289</value>
        </Data>
        <Data name="FType">
          <value/>
        </Data>
        <Data name="Owner">
          <value/>
        </Data>
        <Data name="Usage">
          <value>Unknown</value>
        </Data>
        <Data name="Status">
          <value/>
        </Data>
        <Data name="Surface">
          <value/>
        </Data>
        <Data name="Restriction">
          <value/>
        </Data>
        <Data name="Lanes">
          <value/>
        </Data>
        <Data name="GlobalID">
          <value/>
        </Data>
        <Data name="created_user">
          <value/>
        </Data>
        <Data name="last_edited_user">
          <value/>
        </Data>
        <Data name="VehicleTravel">
          <value/>
        </Data>
        <Data name="VehicleRequirement">
          <value/>
        </Data>
        <Data name="VehicleLimitation">
          <value/>
        </Data>
        <Data name="SHAPE_Length">
          <value/>
        </Data>
        <Data name="Source">
          <value/>
        </Data>
      </ExtendedData>
      <LineString>
        <tessellate>1</tessellate>
        <coordinates>
          144.141896,-35.1477,0
          144.141732,-35.147887,0
        </coordinates>
      </LineString>
    </Placemark>
    <Placemark>
      <name/>
      <description><![CDATA[description: <br>fid: 292<br>FType: <br>Owner: <br>Usage: Unknown<br>Status: <br>Surface: <br>Restriction: <br>Lanes: <br>GlobalID: <br>created_user: <br>last_edited_user: <br>VehicleTravel: <br>VehicleRequirement: <br>VehicleLimitation: <br>SHAPE_Length: <br>Source: ]]></description>
      <styleUrl>#line-FF5252-2163</styleUrl>
      <ExtendedData>
        <Data name="description">
          <value/>
        </Data>
        <Data name="fid">
          <value>292</value>
        </Data>
        <Data name="FType">
          <value/>
        </Data>
        <Data name="Owner">
          <value/>
        </Data>
        <Data name="Usage">
          <value>Unknown</value>
        </Data>
        <Data name="Status">
          <value/>
        </Data>
        <Data name="Surface">
          <value/>
        </Data>
        <Data name="Restriction">
          <value/>
        </Data>
        <Data name="Lanes">
          <value/>
        </Data>
        <Data name="GlobalID">
          <value/>
        </Data>
        <Data name="created_user">
          <value/>
        </Data>
        <Data name="last_edited_user">
          <value/>
        </Data>
        <Data name="VehicleTravel">
          <value/>
        </Data>
        <Data name="VehicleRequirement">
          <value/>
        </Data>
        <Data name="VehicleLimitation">
          <value/>
        </Data>
        <Data name="SHAPE_Length">
          <value/>
        </Data>
        <Data name="Source">
          <value/>
        </Data>
      </ExtendedData>
      <LineString>
        <tessellate>1</tessellate>
        <coordinates>
          144.140802,-35.148331,0
          144.141065,-35.14851,0
          144.141066,-35.148973,0
          144.141064,-35.14899,0
        </coordinates>
      </LineString>
    </Placemark>
    <Placemark>
      <name/>
      <description><![CDATA[description: <br>fid: 293<br>FType: <br>Owner: <br>Usage: Unknown<br>Status: <br>Surface: <br>Restriction: <br>Lanes: <br>GlobalID: <br>created_user: <br>last_edited_user: <br>VehicleTravel: <br>VehicleRequirement: <br>VehicleLimitation: <br>SHAPE_Length: <br>Source: ]]></description>
      <styleUrl>#line-FF5252-2163</styleUrl>
      <ExtendedData>
        <Data name="description">
          <value/>
        </Data>
        <Data name="fid">
          <value>293</value>
        </Data>
        <Data name="FType">
          <value/>
        </Data>
        <Data name="Owner">
          <value/>
        </Data>
        <Data name="Usage">
          <value>Unknown</value>
        </Data>
        <Data name="Status">
          <value/>
        </Data>
        <Data name="Surface">
          <value/>
        </Data>
        <Data name="Restriction">
          <value/>
        </Data>
        <Data name="Lanes">
          <value/>
        </Data>
        <Data name="GlobalID">
          <value/>
        </Data>
        <Data name="created_user">
          <value/>
        </Data>
        <Data name="last_edited_user">
          <value/>
        </Data>
        <Data name="VehicleTravel">
          <value/>
        </Data>
        <Data name="VehicleRequirement">
          <value/>
        </Data>
        <Data name="VehicleLimitation">
          <value/>
        </Data>
        <Data name="SHAPE_Length">
          <value/>
        </Data>
        <Data name="Source">
          <value/>
        </Data>
      </ExtendedData>
      <LineString>
        <tessellate>1</tessellate>
        <coordinates>
          144.140146,-35.149454,0
          144.140612,-35.149478,0
        </coordinates>
      </LineString>
    </Placemark>
    <Placemark>
      <name/>
      <description><![CDATA[description: <br>fid: 294<br>FType: <br>Owner: <br>Usage: Unknown<br>Status: <br>Surface: <br>Restriction: <br>Lanes: <br>GlobalID: <br>created_user: <br>last_edited_user: <br>VehicleTravel: <br>VehicleRequirement: <br>VehicleLimitation: <br>SHAPE_Length: <br>Source: ]]></description>
      <styleUrl>#line-FF5252-2163</styleUrl>
      <ExtendedData>
        <Data name="description">
          <value/>
        </Data>
        <Data name="fid">
          <value>294</value>
        </Data>
        <Data name="FType">
          <value/>
        </Data>
        <Data name="Owner">
          <value/>
        </Data>
        <Data name="Usage">
          <value>Unknown</value>
        </Data>
        <Data name="Status">
          <value/>
        </Data>
        <Data name="Surface">
          <value/>
        </Data>
        <Data name="Restriction">
          <value/>
        </Data>
        <Data name="Lanes">
          <value/>
        </Data>
        <Data name="GlobalID">
          <value/>
        </Data>
        <Data name="created_user">
          <value/>
        </Data>
        <Data name="last_edited_user">
          <value/>
        </Data>
        <Data name="VehicleTravel">
          <value/>
        </Data>
        <Data name="VehicleRequirement">
          <value/>
        </Data>
        <Data name="VehicleLimitation">
          <value/>
        </Data>
        <Data name="SHAPE_Length">
          <value/>
        </Data>
        <Data name="Source">
          <value/>
        </Data>
      </ExtendedData>
      <LineString>
        <tessellate>1</tessellate>
        <coordinates>
          144.140935,-35.14898,0
          144.141069,-35.149335,0
          144.141286,-35.149534,0
        </coordinates>
      </LineString>
    </Placemark>
    <Placemark>
      <name/>
      <description><![CDATA[description: <br>fid: 295<br>FType: <br>Owner: <br>Usage: Unknown<br>Status: <br>Surface: <br>Restriction: <br>Lanes: <br>GlobalID: <br>created_user: <br>last_edited_user: <br>VehicleTravel: <br>VehicleRequirement: <br>VehicleLimitation: <br>SHAPE_Length: <br>Source: ]]></description>
      <styleUrl>#line-FF5252-2163</styleUrl>
      <ExtendedData>
        <Data name="description">
          <value/>
        </Data>
        <Data name="fid">
          <value>295</value>
        </Data>
        <Data name="FType">
          <value/>
        </Data>
        <Data name="Owner">
          <value/>
        </Data>
        <Data name="Usage">
          <value>Unknown</value>
        </Data>
        <Data name="Status">
          <value/>
        </Data>
        <Data name="Surface">
          <value/>
        </Data>
        <Data name="Restriction">
          <value/>
        </Data>
        <Data name="Lanes">
          <value/>
        </Data>
        <Data name="GlobalID">
          <value/>
        </Data>
        <Data name="created_user">
          <value/>
        </Data>
        <Data name="last_edited_user">
          <value/>
        </Data>
        <Data name="VehicleTravel">
          <value/>
        </Data>
        <Data name="VehicleRequirement">
          <value/>
        </Data>
        <Data name="VehicleLimitation">
          <value/>
        </Data>
        <Data name="SHAPE_Length">
          <value/>
        </Data>
        <Data name="Source">
          <value/>
        </Data>
      </ExtendedData>
      <LineString>
        <tessellate>1</tessellate>
        <coordinates>
          144.141732,-35.147887,0
          144.141944,-35.148073,0
          144.142078,-35.148145,0
        </coordinates>
      </LineString>
    </Placemark>
    <Placemark>
      <name/>
      <description><![CDATA[description: <br>fid: 296<br>FType: <br>Owner: <br>Usage: Unknown<br>Status: <br>Surface: <br>Restriction: <br>Lanes: <br>GlobalID: <br>created_user: <br>last_edited_user: <br>VehicleTravel: <br>VehicleRequirement: <br>VehicleLimitation: <br>SHAPE_Length: <br>Source: ]]></description>
      <styleUrl>#line-FF5252-2163</styleUrl>
      <ExtendedData>
        <Data name="description">
          <value/>
        </Data>
        <Data name="fid">
          <value>296</value>
        </Data>
        <Data name="FType">
          <value/>
        </Data>
        <Data name="Owner">
          <value/>
        </Data>
        <Data name="Usage">
          <value>Unknown</value>
        </Data>
        <Data name="Status">
          <value/>
        </Data>
        <Data name="Surface">
          <value/>
        </Data>
        <Data name="Restriction">
          <value/>
        </Data>
        <Data name="Lanes">
          <value/>
        </Data>
        <Data name="GlobalID">
          <value/>
        </Data>
        <Data name="created_user">
          <value/>
        </Data>
        <Data name="last_edited_user">
          <value/>
        </Data>
        <Data name="VehicleTravel">
          <value/>
        </Data>
        <Data name="VehicleRequirement">
          <value/>
        </Data>
        <Data name="VehicleLimitation">
          <value/>
        </Data>
        <Data name="SHAPE_Length">
          <value/>
        </Data>
        <Data name="Source">
          <value/>
        </Data>
      </ExtendedData>
      <LineString>
        <tessellate>1</tessellate>
        <coordinates>
          144.142349,-35.147655,0
          144.142249,-35.147778,0
          144.141944,-35.148073,0
        </coordinates>
      </LineString>
    </Placemark>
    <Placemark>
      <name/>
      <description><![CDATA[description: <br>fid: 297<br>FType: <br>Owner: <br>Usage: Unknown<br>Status: <br>Surface: <br>Restriction: <br>Lanes: <br>GlobalID: <br>created_user: <br>last_edited_user: <br>VehicleTravel: <br>VehicleRequirement: <br>VehicleLimitation: <br>SHAPE_Length: <br>Source: ]]></description>
      <styleUrl>#line-FF5252-2163</styleUrl>
      <ExtendedData>
        <Data name="description">
          <value/>
        </Data>
        <Data name="fid">
          <value>297</value>
        </Data>
        <Data name="FType">
          <value/>
        </Data>
        <Data name="Owner">
          <value/>
        </Data>
        <Data name="Usage">
          <value>Unknown</value>
        </Data>
        <Data name="Status">
          <value/>
        </Data>
        <Data name="Surface">
          <value/>
        </Data>
        <Data name="Restriction">
          <value/>
        </Data>
        <Data name="Lanes">
          <value/>
        </Data>
        <Data name="GlobalID">
          <value/>
        </Data>
        <Data name="created_user">
          <value/>
        </Data>
        <Data name="last_edited_user">
          <value/>
        </Data>
        <Data name="VehicleTravel">
          <value/>
        </Data>
        <Data name="VehicleRequirement">
          <value/>
        </Data>
        <Data name="VehicleLimitation">
          <value/>
        </Data>
        <Data name="SHAPE_Length">
          <value/>
        </Data>
        <Data name="Source">
          <value/>
        </Data>
      </ExtendedData>
      <LineString>
        <tessellate>1</tessellate>
        <coordinates>
          144.141732,-35.147887,0
          144.141393,-35.148083,0
          144.140802,-35.148331,0
          144.140446,-35.148616,0
        </coordinates>
      </LineString>
    </Placemark>
    <Placemark>
      <name/>
      <description><![CDATA[description: <br>fid: 298<br>FType: <br>Owner: <br>Usage: Unknown<br>Status: <br>Surface: <br>Restriction: <br>Lanes: <br>GlobalID: <br>created_user: <br>last_edited_user: <br>VehicleTravel: <br>VehicleRequirement: <br>VehicleLimitation: <br>SHAPE_Length: <br>Source: ]]></description>
      <styleUrl>#line-FF5252-2163</styleUrl>
      <ExtendedData>
        <Data name="description">
          <value/>
        </Data>
        <Data name="fid">
          <value>298</value>
        </Data>
        <Data name="FType">
          <value/>
        </Data>
        <Data name="Owner">
          <value/>
        </Data>
        <Data name="Usage">
          <value>Unknown</value>
        </Data>
        <Data name="Status">
          <value/>
        </Data>
        <Data name="Surface">
          <value/>
        </Data>
        <Data name="Restriction">
          <value/>
        </Data>
        <Data name="Lanes">
          <value/>
        </Data>
        <Data name="GlobalID">
          <value/>
        </Data>
        <Data name="created_user">
          <value/>
        </Data>
        <Data name="last_edited_user">
          <value/>
        </Data>
        <Data name="VehicleTravel">
          <value/>
        </Data>
        <Data name="VehicleRequirement">
          <value/>
        </Data>
        <Data name="VehicleLimitation">
          <value/>
        </Data>
        <Data name="SHAPE_Length">
          <value/>
        </Data>
        <Data name="Source">
          <value/>
        </Data>
      </ExtendedData>
      <LineString>
        <tessellate>1</tessellate>
        <coordinates>
          144.143944,-35.149409,0
          144.14395,-35.149402,0
          144.144125,-35.149153,0
          144.144151,-35.148868,0
        </coordinates>
      </LineString>
    </Placemark>
    <Placemark>
      <name/>
      <description><![CDATA[description: <br>fid: 299<br>FType: <br>Owner: <br>Usage: Unknown<br>Status: <br>Surface: <br>Restriction: <br>Lanes: <br>GlobalID: <br>created_user: <br>last_edited_user: <br>VehicleTravel: <br>VehicleRequirement: <br>VehicleLimitation: <br>SHAPE_Length: <br>Source: ]]></description>
      <styleUrl>#line-FF5252-2163</styleUrl>
      <ExtendedData>
        <Data name="description">
          <value/>
        </Data>
        <Data name="fid">
          <value>299</value>
        </Data>
        <Data name="FType">
          <value/>
        </Data>
        <Data name="Owner">
          <value/>
        </Data>
        <Data name="Usage">
          <value>Unknown</value>
        </Data>
        <Data name="Status">
          <value/>
        </Data>
        <Data name="Surface">
          <value/>
        </Data>
        <Data name="Restriction">
          <value/>
        </Data>
        <Data name="Lanes">
          <value/>
        </Data>
        <Data name="GlobalID">
          <value/>
        </Data>
        <Data name="created_user">
          <value/>
        </Data>
        <Data name="last_edited_user">
          <value/>
        </Data>
        <Data name="VehicleTravel">
          <value/>
        </Data>
        <Data name="VehicleRequirement">
          <value/>
        </Data>
        <Data name="VehicleLimitation">
          <value/>
        </Data>
        <Data name="SHAPE_Length">
          <value/>
        </Data>
        <Data name="Source">
          <value/>
        </Data>
      </ExtendedData>
      <LineString>
        <tessellate>1</tessellate>
        <coordinates>
          144.14377,-35.149154,0
          144.144128,-35.148794,0
        </coordinates>
      </LineString>
    </Placemark>
    <Placemark>
      <name/>
      <description><![CDATA[description: <br>fid: 300<br>FType: <br>Owner: <br>Usage: Unknown<br>Status: <br>Surface: <br>Restriction: <br>Lanes: <br>GlobalID: <br>created_user: <br>last_edited_user: <br>VehicleTravel: <br>VehicleRequirement: <br>VehicleLimitation: <br>SHAPE_Length: <br>Source: ]]></description>
      <styleUrl>#line-FF5252-2163</styleUrl>
      <ExtendedData>
        <Data name="description">
          <value/>
        </Data>
        <Data name="fid">
          <value>300</value>
        </Data>
        <Data name="FType">
          <value/>
        </Data>
        <Data name="Owner">
          <value/>
        </Data>
        <Data name="Usage">
          <value>Unknown</value>
        </Data>
        <Data name="Status">
          <value/>
        </Data>
        <Data name="Surface">
          <value/>
        </Data>
        <Data name="Restriction">
          <value/>
        </Data>
        <Data name="Lanes">
          <value/>
        </Data>
        <Data name="GlobalID">
          <value/>
        </Data>
        <Data name="created_user">
          <value/>
        </Data>
        <Data name="last_edited_user">
          <value/>
        </Data>
        <Data name="VehicleTravel">
          <value/>
        </Data>
        <Data name="VehicleRequirement">
          <value/>
        </Data>
        <Data name="VehicleLimitation">
          <value/>
        </Data>
        <Data name="SHAPE_Length">
          <value/>
        </Data>
        <Data name="Source">
          <value/>
        </Data>
      </ExtendedData>
      <LineString>
        <tessellate>1</tessellate>
        <coordinates>
          144.144151,-35.148868,0
          144.144136,-35.148817,0
          144.144128,-35.148794,0
        </coordinates>
      </LineString>
    </Placemark>
    <Placemark>
      <name/>
      <description><![CDATA[description: <br>fid: 301<br>FType: <br>Owner: <br>Usage: Unknown<br>Status: <br>Surface: <br>Restriction: <br>Lanes: <br>GlobalID: <br>created_user: <br>last_edited_user: <br>VehicleTravel: <br>VehicleRequirement: <br>VehicleLimitation: <br>SHAPE_Length: <br>Source: ]]></description>
      <styleUrl>#line-FF5252-2163</styleUrl>
      <ExtendedData>
        <Data name="description">
          <value/>
        </Data>
        <Data name="fid">
          <value>301</value>
        </Data>
        <Data name="FType">
          <value/>
        </Data>
        <Data name="Owner">
          <value/>
        </Data>
        <Data name="Usage">
          <value>Unknown</value>
        </Data>
        <Data name="Status">
          <value/>
        </Data>
        <Data name="Surface">
          <value/>
        </Data>
        <Data name="Restriction">
          <value/>
        </Data>
        <Data name="Lanes">
          <value/>
        </Data>
        <Data name="GlobalID">
          <value/>
        </Data>
        <Data name="created_user">
          <value/>
        </Data>
        <Data name="last_edited_user">
          <value/>
        </Data>
        <Data name="VehicleTravel">
          <value/>
        </Data>
        <Data name="VehicleRequirement">
          <value/>
        </Data>
        <Data name="VehicleLimitation">
          <value/>
        </Data>
        <Data name="SHAPE_Length">
          <value/>
        </Data>
        <Data name="Source">
          <value/>
        </Data>
      </ExtendedData>
      <LineString>
        <tessellate>1</tessellate>
        <coordinates>
          144.143584,-35.148864,0
          144.144128,-35.148794,0
        </coordinates>
      </LineString>
    </Placemark>
    <Placemark>
      <name/>
      <description><![CDATA[description: <br>fid: 302<br>FType: <br>Owner: <br>Usage: Unknown<br>Status: <br>Surface: <br>Restriction: <br>Lanes: <br>GlobalID: <br>created_user: <br>last_edited_user: <br>VehicleTravel: <br>VehicleRequirement: <br>VehicleLimitation: <br>SHAPE_Length: <br>Source: ]]></description>
      <styleUrl>#line-FF5252-2163</styleUrl>
      <ExtendedData>
        <Data name="description">
          <value/>
        </Data>
        <Data name="fid">
          <value>302</value>
        </Data>
        <Data name="FType">
          <value/>
        </Data>
        <Data name="Owner">
          <value/>
        </Data>
        <Data name="Usage">
          <value>Unknown</value>
        </Data>
        <Data name="Status">
          <value/>
        </Data>
        <Data name="Surface">
          <value/>
        </Data>
        <Data name="Restriction">
          <value/>
        </Data>
        <Data name="Lanes">
          <value/>
        </Data>
        <Data name="GlobalID">
          <value/>
        </Data>
        <Data name="created_user">
          <value/>
        </Data>
        <Data name="last_edited_user">
          <value/>
        </Data>
        <Data name="VehicleTravel">
          <value/>
        </Data>
        <Data name="VehicleRequirement">
          <value/>
        </Data>
        <Data name="VehicleLimitation">
          <value/>
        </Data>
        <Data name="SHAPE_Length">
          <value/>
        </Data>
        <Data name="Source">
          <value/>
        </Data>
      </ExtendedData>
      <LineString>
        <tessellate>1</tessellate>
        <coordinates>
          144.143527,-35.148667,0
          144.144057,-35.14846,0
        </coordinates>
      </LineString>
    </Placemark>
    <Placemark>
      <name/>
      <description><![CDATA[description: <br>fid: 303<br>FType: <br>Owner: <br>Usage: Unknown<br>Status: <br>Surface: <br>Restriction: <br>Lanes: <br>GlobalID: <br>created_user: <br>last_edited_user: <br>VehicleTravel: <br>VehicleRequirement: <br>VehicleLimitation: <br>SHAPE_Length: <br>Source: ]]></description>
      <styleUrl>#line-FF5252-2163</styleUrl>
      <ExtendedData>
        <Data name="description">
          <value/>
        </Data>
        <Data name="fid">
          <value>303</value>
        </Data>
        <Data name="FType">
          <value/>
        </Data>
        <Data name="Owner">
          <value/>
        </Data>
        <Data name="Usage">
          <value>Unknown</value>
        </Data>
        <Data name="Status">
          <value/>
        </Data>
        <Data name="Surface">
          <value/>
        </Data>
        <Data name="Restriction">
          <value/>
        </Data>
        <Data name="Lanes">
          <value/>
        </Data>
        <Data name="GlobalID">
          <value/>
        </Data>
        <Data name="created_user">
          <value/>
        </Data>
        <Data name="last_edited_user">
          <value/>
        </Data>
        <Data name="VehicleTravel">
          <value/>
        </Data>
        <Data name="VehicleRequirement">
          <value/>
        </Data>
        <Data name="VehicleLimitation">
          <value/>
        </Data>
        <Data name="SHAPE_Length">
          <value/>
        </Data>
        <Data name="Source">
          <value/>
        </Data>
      </ExtendedData>
      <LineString>
        <tessellate>1</tessellate>
        <coordinates>
          144.144057,-35.14846,0
          144.144055,-35.148228,0
          144.144127,-35.148123,0
        </coordinates>
      </LineString>
    </Placemark>
    <Placemark>
      <name/>
      <description><![CDATA[description: <br>fid: 304<br>FType: <br>Owner: <br>Usage: Unknown<br>Status: <br>Surface: <br>Restriction: <br>Lanes: <br>GlobalID: <br>created_user: <br>last_edited_user: <br>VehicleTravel: <br>VehicleRequirement: <br>VehicleLimitation: <br>SHAPE_Length: <br>Source: ]]></description>
      <styleUrl>#line-FF5252-2163</styleUrl>
      <ExtendedData>
        <Data name="description">
          <value/>
        </Data>
        <Data name="fid">
          <value>304</value>
        </Data>
        <Data name="FType">
          <value/>
        </Data>
        <Data name="Owner">
          <value/>
        </Data>
        <Data name="Usage">
          <value>Unknown</value>
        </Data>
        <Data name="Status">
          <value/>
        </Data>
        <Data name="Surface">
          <value/>
        </Data>
        <Data name="Restriction">
          <value/>
        </Data>
        <Data name="Lanes">
          <value/>
        </Data>
        <Data name="GlobalID">
          <value/>
        </Data>
        <Data name="created_user">
          <value/>
        </Data>
        <Data name="last_edited_user">
          <value/>
        </Data>
        <Data name="VehicleTravel">
          <value/>
        </Data>
        <Data name="VehicleRequirement">
          <value/>
        </Data>
        <Data name="VehicleLimitation">
          <value/>
        </Data>
        <Data name="SHAPE_Length">
          <value/>
        </Data>
        <Data name="Source">
          <value/>
        </Data>
      </ExtendedData>
      <LineString>
        <tessellate>1</tessellate>
        <coordinates>
          144.144057,-35.14846,0
          144.144128,-35.148794,0
        </coordinates>
      </LineString>
    </Placemark>
    <Placemark>
      <name/>
      <description><![CDATA[description: <br>fid: 305<br>FType: <br>Owner: <br>Usage: Unknown<br>Status: <br>Surface: <br>Restriction: <br>Lanes: <br>GlobalID: <br>created_user: <br>last_edited_user: <br>VehicleTravel: <br>VehicleRequirement: <br>VehicleLimitation: <br>SHAPE_Length: <br>Source: ]]></description>
      <styleUrl>#line-FF5252-2163</styleUrl>
      <ExtendedData>
        <Data name="description">
          <value/>
        </Data>
        <Data name="fid">
          <value>305</value>
        </Data>
        <Data name="FType">
          <value/>
        </Data>
        <Data name="Owner">
          <value/>
        </Data>
        <Data name="Usage">
          <value>Unknown</value>
        </Data>
        <Data name="Status">
          <value/>
        </Data>
        <Data name="Surface">
          <value/>
        </Data>
        <Data name="Restriction">
          <value/>
        </Data>
        <Data name="Lanes">
          <value/>
        </Data>
        <Data name="GlobalID">
          <value/>
        </Data>
        <Data name="created_user">
          <value/>
        </Data>
        <Data name="last_edited_user">
          <value/>
        </Data>
        <Data name="VehicleTravel">
          <value/>
        </Data>
        <Data name="VehicleRequirement">
          <value/>
        </Data>
        <Data name="VehicleLimitation">
          <value/>
        </Data>
        <Data name="SHAPE_Length">
          <value/>
        </Data>
        <Data name="Source">
          <value/>
        </Data>
      </ExtendedData>
      <LineString>
        <tessellate>1</tessellate>
        <coordinates>
          144.145513,-35.148257,0
          144.145432,-35.148282,0
          144.145093,-35.148396,0
          144.144734,-35.148505,0
          144.144128,-35.148794,0
        </coordinates>
      </LineString>
    </Placemark>
    <Placemark>
      <name/>
      <description><![CDATA[description: <br>fid: 306<br>FType: <br>Owner: <br>Usage: Unknown<br>Status: <br>Surface: <br>Restriction: <br>Lanes: <br>GlobalID: <br>created_user: <br>last_edited_user: <br>VehicleTravel: <br>VehicleRequirement: <br>VehicleLimitation: <br>SHAPE_Length: <br>Source: ]]></description>
      <styleUrl>#line-FF5252-2163</styleUrl>
      <ExtendedData>
        <Data name="description">
          <value/>
        </Data>
        <Data name="fid">
          <value>306</value>
        </Data>
        <Data name="FType">
          <value/>
        </Data>
        <Data name="Owner">
          <value/>
        </Data>
        <Data name="Usage">
          <value>Unknown</value>
        </Data>
        <Data name="Status">
          <value/>
        </Data>
        <Data name="Surface">
          <value/>
        </Data>
        <Data name="Restriction">
          <value/>
        </Data>
        <Data name="Lanes">
          <value/>
        </Data>
        <Data name="GlobalID">
          <value/>
        </Data>
        <Data name="created_user">
          <value/>
        </Data>
        <Data name="last_edited_user">
          <value/>
        </Data>
        <Data name="VehicleTravel">
          <value/>
        </Data>
        <Data name="VehicleRequirement">
          <value/>
        </Data>
        <Data name="VehicleLimitation">
          <value/>
        </Data>
        <Data name="SHAPE_Length">
          <value/>
        </Data>
        <Data name="Source">
          <value/>
        </Data>
      </ExtendedData>
      <LineString>
        <tessellate>1</tessellate>
        <coordinates>
          144.144127,-35.148123,0
          144.144475,-35.147916,0
        </coordinates>
      </LineString>
    </Placemark>
    <Placemark>
      <name/>
      <description><![CDATA[description: <br>fid: 307<br>FType: <br>Owner: <br>Usage: Unknown<br>Status: <br>Surface: <br>Restriction: <br>Lanes: <br>GlobalID: <br>created_user: <br>last_edited_user: <br>VehicleTravel: <br>VehicleRequirement: <br>VehicleLimitation: <br>SHAPE_Length: <br>Source: ]]></description>
      <styleUrl>#line-FF5252-2163</styleUrl>
      <ExtendedData>
        <Data name="description">
          <value/>
        </Data>
        <Data name="fid">
          <value>307</value>
        </Data>
        <Data name="FType">
          <value/>
        </Data>
        <Data name="Owner">
          <value/>
        </Data>
        <Data name="Usage">
          <value>Unknown</value>
        </Data>
        <Data name="Status">
          <value/>
        </Data>
        <Data name="Surface">
          <value/>
        </Data>
        <Data name="Restriction">
          <value/>
        </Data>
        <Data name="Lanes">
          <value/>
        </Data>
        <Data name="GlobalID">
          <value/>
        </Data>
        <Data name="created_user">
          <value/>
        </Data>
        <Data name="last_edited_user">
          <value/>
        </Data>
        <Data name="VehicleTravel">
          <value/>
        </Data>
        <Data name="VehicleRequirement">
          <value/>
        </Data>
        <Data name="VehicleLimitation">
          <value/>
        </Data>
        <Data name="SHAPE_Length">
          <value/>
        </Data>
        <Data name="Source">
          <value/>
        </Data>
      </ExtendedData>
      <LineString>
        <tessellate>1</tessellate>
        <coordinates>
          144.144556,-35.147705,0
          144.144553,-35.147714,0
          144.144475,-35.147916,0
        </coordinates>
      </LineString>
    </Placemark>
    <Placemark>
      <name/>
      <description><![CDATA[description: <br>fid: 308<br>FType: <br>Owner: <br>Usage: Unknown<br>Status: <br>Surface: <br>Restriction: <br>Lanes: <br>GlobalID: <br>created_user: <br>last_edited_user: <br>VehicleTravel: <br>VehicleRequirement: <br>VehicleLimitation: <br>SHAPE_Length: <br>Source: ]]></description>
      <styleUrl>#line-FF5252-2163</styleUrl>
      <ExtendedData>
        <Data name="description">
          <value/>
        </Data>
        <Data name="fid">
          <value>308</value>
        </Data>
        <Data name="FType">
          <value/>
        </Data>
        <Data name="Owner">
          <value/>
        </Data>
        <Data name="Usage">
          <value>Unknown</value>
        </Data>
        <Data name="Status">
          <value/>
        </Data>
        <Data name="Surface">
          <value/>
        </Data>
        <Data name="Restriction">
          <value/>
        </Data>
        <Data name="Lanes">
          <value/>
        </Data>
        <Data name="GlobalID">
          <value/>
        </Data>
        <Data name="created_user">
          <value/>
        </Data>
        <Data name="last_edited_user">
          <value/>
        </Data>
        <Data name="VehicleTravel">
          <value/>
        </Data>
        <Data name="VehicleRequirement">
          <value/>
        </Data>
        <Data name="VehicleLimitation">
          <value/>
        </Data>
        <Data name="SHAPE_Length">
          <value/>
        </Data>
        <Data name="Source">
          <value/>
        </Data>
      </ExtendedData>
      <LineString>
        <tessellate>1</tessellate>
        <coordinates>
          144.144339,-35.147744,0
          144.144475,-35.147916,0
        </coordinates>
      </LineString>
    </Placemark>
    <Placemark>
      <name/>
      <description><![CDATA[description: <br>fid: 309<br>FType: <br>Owner: <br>Usage: Unknown<br>Status: <br>Surface: <br>Restriction: <br>Lanes: <br>GlobalID: <br>created_user: <br>last_edited_user: <br>VehicleTravel: <br>VehicleRequirement: <br>VehicleLimitation: <br>SHAPE_Length: <br>Source: ]]></description>
      <styleUrl>#line-FF5252-2163</styleUrl>
      <ExtendedData>
        <Data name="description">
          <value/>
        </Data>
        <Data name="fid">
          <value>309</value>
        </Data>
        <Data name="FType">
          <value/>
        </Data>
        <Data name="Owner">
          <value/>
        </Data>
        <Data name="Usage">
          <value>Unknown</value>
        </Data>
        <Data name="Status">
          <value/>
        </Data>
        <Data name="Surface">
          <value/>
        </Data>
        <Data name="Restriction">
          <value/>
        </Data>
        <Data name="Lanes">
          <value/>
        </Data>
        <Data name="GlobalID">
          <value/>
        </Data>
        <Data name="created_user">
          <value/>
        </Data>
        <Data name="last_edited_user">
          <value/>
        </Data>
        <Data name="VehicleTravel">
          <value/>
        </Data>
        <Data name="VehicleRequirement">
          <value/>
        </Data>
        <Data name="VehicleLimitation">
          <value/>
        </Data>
        <Data name="SHAPE_Length">
          <value/>
        </Data>
        <Data name="Source">
          <value/>
        </Data>
      </ExtendedData>
      <LineString>
        <tessellate>1</tessellate>
        <coordinates>
          144.143896,-35.14789,0
          144.143764,-35.148055,0
          144.143289,-35.148345,0
        </coordinates>
      </LineString>
    </Placemark>
    <Placemark>
      <name/>
      <description><![CDATA[description: <br>fid: 310<br>FType: <br>Owner: <br>Usage: Unknown<br>Status: <br>Surface: <br>Restriction: <br>Lanes: <br>GlobalID: <br>created_user: <br>last_edited_user: <br>VehicleTravel: <br>VehicleRequirement: <br>VehicleLimitation: <br>SHAPE_Length: <br>Source: ]]></description>
      <styleUrl>#line-FF5252-2163</styleUrl>
      <ExtendedData>
        <Data name="description">
          <value/>
        </Data>
        <Data name="fid">
          <value>310</value>
        </Data>
        <Data name="FType">
          <value/>
        </Data>
        <Data name="Owner">
          <value/>
        </Data>
        <Data name="Usage">
          <value>Unknown</value>
        </Data>
        <Data name="Status">
          <value/>
        </Data>
        <Data name="Surface">
          <value/>
        </Data>
        <Data name="Restriction">
          <value/>
        </Data>
        <Data name="Lanes">
          <value/>
        </Data>
        <Data name="GlobalID">
          <value/>
        </Data>
        <Data name="created_user">
          <value/>
        </Data>
        <Data name="last_edited_user">
          <value/>
        </Data>
        <Data name="VehicleTravel">
          <value/>
        </Data>
        <Data name="VehicleRequirement">
          <value/>
        </Data>
        <Data name="VehicleLimitation">
          <value/>
        </Data>
        <Data name="SHAPE_Length">
          <value/>
        </Data>
        <Data name="Source">
          <value/>
        </Data>
      </ExtendedData>
      <LineString>
        <tessellate>1</tessellate>
        <coordinates>
          144.143516,-35.147978,0
          144.143764,-35.148055,0
        </coordinates>
      </LineString>
    </Placemark>
    <Placemark>
      <name/>
      <description><![CDATA[description: <br>fid: 311<br>FType: <br>Owner: <br>Usage: 'unknown'<br>Status: <br>Surface: <br>Restriction: <br>Lanes: <br>GlobalID: <br>created_user: <br>last_edited_user: <br>VehicleTravel: <br>VehicleRequirement: <br>VehicleLimitation: <br>SHAPE_Length: <br>Source: ]]></description>
      <styleUrl>#line-FF5252-2163</styleUrl>
      <ExtendedData>
        <Data name="description">
          <value/>
        </Data>
        <Data name="fid">
          <value>311</value>
        </Data>
        <Data name="FType">
          <value/>
        </Data>
        <Data name="Owner">
          <value/>
        </Data>
        <Data name="Usage">
          <value><![CDATA['unknown']]></value>
        </Data>
        <Data name="Status">
          <value/>
        </Data>
        <Data name="Surface">
          <value/>
        </Data>
        <Data name="Restriction">
          <value/>
        </Data>
        <Data name="Lanes">
          <value/>
        </Data>
        <Data name="GlobalID">
          <value/>
        </Data>
        <Data name="created_user">
          <value/>
        </Data>
        <Data name="last_edited_user">
          <value/>
        </Data>
        <Data name="VehicleTravel">
          <value/>
        </Data>
        <Data name="VehicleRequirement">
          <value/>
        </Data>
        <Data name="VehicleLimitation">
          <value/>
        </Data>
        <Data name="SHAPE_Length">
          <value/>
        </Data>
        <Data name="Source">
          <value/>
        </Data>
      </ExtendedData>
      <LineString>
        <tessellate>1</tessellate>
        <coordinates>
          144.144658,-35.146897,0
          144.144657,-35.147149,0
          144.144688,-35.14732,0
          144.144693,-35.147516,0
        </coordinates>
      </LineString>
    </Placemark>
    <Placemark>
      <name/>
      <description><![CDATA[description: <br>fid: 312<br>FType: <br>Owner: <br>Usage: Unknown<br>Status: <br>Surface: <br>Restriction: <br>Lanes: <br>GlobalID: <br>created_user: <br>last_edited_user: <br>VehicleTravel: <br>VehicleRequirement: <br>VehicleLimitation: <br>SHAPE_Length: <br>Source: ]]></description>
      <styleUrl>#line-FF5252-2163</styleUrl>
      <ExtendedData>
        <Data name="description">
          <value/>
        </Data>
        <Data name="fid">
          <value>312</value>
        </Data>
        <Data name="FType">
          <value/>
        </Data>
        <Data name="Owner">
          <value/>
        </Data>
        <Data name="Usage">
          <value>Unknown</value>
        </Data>
        <Data name="Status">
          <value/>
        </Data>
        <Data name="Surface">
          <value/>
        </Data>
        <Data name="Restriction">
          <value/>
        </Data>
        <Data name="Lanes">
          <value/>
        </Data>
        <Data name="GlobalID">
          <value/>
        </Data>
        <Data name="created_user">
          <value/>
        </Data>
        <Data name="last_edited_user">
          <value/>
        </Data>
        <Data name="VehicleTravel">
          <value/>
        </Data>
        <Data name="VehicleRequirement">
          <value/>
        </Data>
        <Data name="VehicleLimitation">
          <value/>
        </Data>
        <Data name="SHAPE_Length">
          <value/>
        </Data>
        <Data name="Source">
          <value/>
        </Data>
      </ExtendedData>
      <LineString>
        <tessellate>1</tessellate>
        <coordinates>
          144.150776,-35.144039,0
          144.150757,-35.14384,0
          144.150708,-35.143608,0
          144.150673,-35.143453,0
          144.150645,-35.143305,0
        </coordinates>
      </LineString>
    </Placemark>
    <Placemark>
      <name>Box Creek Road</name>
      <description><![CDATA[description: <br>fid: 313<br>FType: <br>Owner: <br>Usage: Unknown<br>Status: <br>Surface: <br>Restriction: <br>Lanes: <br>GlobalID: <br>created_user: <br>last_edited_user: <br>VehicleTravel: <br>VehicleRequirement: <br>VehicleLimitation: <br>SHAPE_Length: <br>Source: ]]></description>
      <styleUrl>#line-FF5252-2163</styleUrl>
      <ExtendedData>
        <Data name="description">
          <value/>
        </Data>
        <Data name="fid">
          <value>313</value>
        </Data>
        <Data name="FType">
          <value/>
        </Data>
        <Data name="Owner">
          <value/>
        </Data>
        <Data name="Usage">
          <value>Unknown</value>
        </Data>
        <Data name="Status">
          <value/>
        </Data>
        <Data name="Surface">
          <value/>
        </Data>
        <Data name="Restriction">
          <value/>
        </Data>
        <Data name="Lanes">
          <value/>
        </Data>
        <Data name="GlobalID">
          <value/>
        </Data>
        <Data name="created_user">
          <value/>
        </Data>
        <Data name="last_edited_user">
          <value/>
        </Data>
        <Data name="VehicleTravel">
          <value/>
        </Data>
        <Data name="VehicleRequirement">
          <value/>
        </Data>
        <Data name="VehicleLimitation">
          <value/>
        </Data>
        <Data name="SHAPE_Length">
          <value/>
        </Data>
        <Data name="Source">
          <value/>
        </Data>
      </ExtendedData>
      <LineString>
        <tessellate>1</tessellate>
        <coordinates>
          144.150645,-35.143305,0
          144.150572,-35.14304,0
          144.150475,-35.14282,0
          144.150409,-35.142647,0
        </coordinates>
      </LineString>
    </Placemark>
    <Placemark>
      <name>Box Creek Road</name>
      <description><![CDATA[description: <br>fid: 314<br>FType: <br>Owner: <br>Usage: Unknown<br>Status: <br>Surface: <br>Restriction: <br>Lanes: <br>GlobalID: <br>created_user: <br>last_edited_user: <br>VehicleTravel: <br>VehicleRequirement: <br>VehicleLimitation: <br>SHAPE_Length: <br>Source: ]]></description>
      <styleUrl>#line-FF5252-2163</styleUrl>
      <ExtendedData>
        <Data name="description">
          <value/>
        </Data>
        <Data name="fid">
          <value>314</value>
        </Data>
        <Data name="FType">
          <value/>
        </Data>
        <Data name="Owner">
          <value/>
        </Data>
        <Data name="Usage">
          <value>Unknown</value>
        </Data>
        <Data name="Status">
          <value/>
        </Data>
        <Data name="Surface">
          <value/>
        </Data>
        <Data name="Restriction">
          <value/>
        </Data>
        <Data name="Lanes">
          <value/>
        </Data>
        <Data name="GlobalID">
          <value/>
        </Data>
        <Data name="created_user">
          <value/>
        </Data>
        <Data name="last_edited_user">
          <value/>
        </Data>
        <Data name="VehicleTravel">
          <value/>
        </Data>
        <Data name="VehicleRequirement">
          <value/>
        </Data>
        <Data name="VehicleLimitation">
          <value/>
        </Data>
        <Data name="SHAPE_Length">
          <value/>
        </Data>
        <Data name="Source">
          <value/>
        </Data>
      </ExtendedData>
      <LineString>
        <tessellate>1</tessellate>
        <coordinates>
          144.150409,-35.142647,0
          144.150147,-35.141909,0
          144.149932,-35.141314,0
          144.149859,-35.141037,0
          144.149553,-35.140537,0
          144.149063,-35.139916,0
          144.148549,-35.139285,0
          144.14816,-35.138812,0
          144.147876,-35.138505,0
        </coordinates>
      </LineString>
    </Placemark>
    <Placemark>
      <name>Box Creek Road</name>
      <description><![CDATA[description: <br>fid: 315<br>FType: <br>Owner: <br>Usage: Unknown<br>Status: <br>Surface: <br>Restriction: <br>Lanes: <br>GlobalID: <br>created_user: <br>last_edited_user: <br>VehicleTravel: <br>VehicleRequirement: <br>VehicleLimitation: <br>SHAPE_Length: <br>Source: ]]></description>
      <styleUrl>#line-FF5252-2163</styleUrl>
      <ExtendedData>
        <Data name="description">
          <value/>
        </Data>
        <Data name="fid">
          <value>315</value>
        </Data>
        <Data name="FType">
          <value/>
        </Data>
        <Data name="Owner">
          <value/>
        </Data>
        <Data name="Usage">
          <value>Unknown</value>
        </Data>
        <Data name="Status">
          <value/>
        </Data>
        <Data name="Surface">
          <value/>
        </Data>
        <Data name="Restriction">
          <value/>
        </Data>
        <Data name="Lanes">
          <value/>
        </Data>
        <Data name="GlobalID">
          <value/>
        </Data>
        <Data name="created_user">
          <value/>
        </Data>
        <Data name="last_edited_user">
          <value/>
        </Data>
        <Data name="VehicleTravel">
          <value/>
        </Data>
        <Data name="VehicleRequirement">
          <value/>
        </Data>
        <Data name="VehicleLimitation">
          <value/>
        </Data>
        <Data name="SHAPE_Length">
          <value/>
        </Data>
        <Data name="Source">
          <value/>
        </Data>
      </ExtendedData>
      <LineString>
        <tessellate>1</tessellate>
        <coordinates>
          144.147876,-35.138505,0
          144.147737,-35.138355,0
          144.14762,-35.138156,0
          144.147496,-35.138006,0
          144.147355,-35.137906,0
          144.147171,-35.137865,0
          144.147015,-35.137876,0
          144.146912,-35.137961,0
          144.146811,-35.138067,0
          144.146734,-35.138162,0
          144.146541,-35.13823,0
          144.146394,-35.138229,0
          144.146224,-35.138189,0
          144.146057,-35.138054,0
        </coordinates>
      </LineString>
    </Placemark>
    <Placemark>
      <name/>
      <description><![CDATA[description: <br>fid: 316<br>FType: <br>Owner: <br>Usage: Unknown<br>Status: <br>Surface: <br>Restriction: <br>Lanes: <br>GlobalID: <br>created_user: <br>last_edited_user: <br>VehicleTravel: <br>VehicleRequirement: <br>VehicleLimitation: <br>SHAPE_Length: <br>Source: ]]></description>
      <styleUrl>#line-FF5252-2163</styleUrl>
      <ExtendedData>
        <Data name="description">
          <value/>
        </Data>
        <Data name="fid">
          <value>316</value>
        </Data>
        <Data name="FType">
          <value/>
        </Data>
        <Data name="Owner">
          <value/>
        </Data>
        <Data name="Usage">
          <value>Unknown</value>
        </Data>
        <Data name="Status">
          <value/>
        </Data>
        <Data name="Surface">
          <value/>
        </Data>
        <Data name="Restriction">
          <value/>
        </Data>
        <Data name="Lanes">
          <value/>
        </Data>
        <Data name="GlobalID">
          <value/>
        </Data>
        <Data name="created_user">
          <value/>
        </Data>
        <Data name="last_edited_user">
          <value/>
        </Data>
        <Data name="VehicleTravel">
          <value/>
        </Data>
        <Data name="VehicleRequirement">
          <value/>
        </Data>
        <Data name="VehicleLimitation">
          <value/>
        </Data>
        <Data name="SHAPE_Length">
          <value/>
        </Data>
        <Data name="Source">
          <value/>
        </Data>
      </ExtendedData>
      <LineString>
        <tessellate>1</tessellate>
        <coordinates>
          144.145107,-35.14962,0
          144.144587,-35.149826,0
          144.144027,-35.149896,0
        </coordinates>
      </LineString>
    </Placemark>
    <Placemark>
      <name/>
      <description><![CDATA[description: <br>fid: 317<br>FType: <br>Owner: <br>Usage: Unknown<br>Status: <br>Surface: <br>Restriction: <br>Lanes: <br>GlobalID: <br>created_user: <br>last_edited_user: <br>VehicleTravel: <br>VehicleRequirement: <br>VehicleLimitation: <br>SHAPE_Length: <br>Source: ]]></description>
      <styleUrl>#line-FF5252-2163</styleUrl>
      <ExtendedData>
        <Data name="description">
          <value/>
        </Data>
        <Data name="fid">
          <value>317</value>
        </Data>
        <Data name="FType">
          <value/>
        </Data>
        <Data name="Owner">
          <value/>
        </Data>
        <Data name="Usage">
          <value>Unknown</value>
        </Data>
        <Data name="Status">
          <value/>
        </Data>
        <Data name="Surface">
          <value/>
        </Data>
        <Data name="Restriction">
          <value/>
        </Data>
        <Data name="Lanes">
          <value/>
        </Data>
        <Data name="GlobalID">
          <value/>
        </Data>
        <Data name="created_user">
          <value/>
        </Data>
        <Data name="last_edited_user">
          <value/>
        </Data>
        <Data name="VehicleTravel">
          <value/>
        </Data>
        <Data name="VehicleRequirement">
          <value/>
        </Data>
        <Data name="VehicleLimitation">
          <value/>
        </Data>
        <Data name="SHAPE_Length">
          <value/>
        </Data>
        <Data name="Source">
          <value/>
        </Data>
      </ExtendedData>
      <LineString>
        <tessellate>1</tessellate>
        <coordinates>
          144.144587,-35.149826,0
          144.14446,-35.150047,0
        </coordinates>
      </LineString>
    </Placemark>
    <Placemark>
      <name/>
      <description><![CDATA[description: <br>fid: 318<br>FType: <br>Owner: <br>Usage: Unknown<br>Status: <br>Surface: <br>Restriction: <br>Lanes: <br>GlobalID: <br>created_user: <br>last_edited_user: <br>VehicleTravel: <br>VehicleRequirement: <br>VehicleLimitation: <br>SHAPE_Length: <br>Source: ]]></description>
      <styleUrl>#line-FF5252-2163</styleUrl>
      <ExtendedData>
        <Data name="description">
          <value/>
        </Data>
        <Data name="fid">
          <value>318</value>
        </Data>
        <Data name="FType">
          <value/>
        </Data>
        <Data name="Owner">
          <value/>
        </Data>
        <Data name="Usage">
          <value>Unknown</value>
        </Data>
        <Data name="Status">
          <value/>
        </Data>
        <Data name="Surface">
          <value/>
        </Data>
        <Data name="Restriction">
          <value/>
        </Data>
        <Data name="Lanes">
          <value/>
        </Data>
        <Data name="GlobalID">
          <value/>
        </Data>
        <Data name="created_user">
          <value/>
        </Data>
        <Data name="last_edited_user">
          <value/>
        </Data>
        <Data name="VehicleTravel">
          <value/>
        </Data>
        <Data name="VehicleRequirement">
          <value/>
        </Data>
        <Data name="VehicleLimitation">
          <value/>
        </Data>
        <Data name="SHAPE_Length">
          <value/>
        </Data>
        <Data name="Source">
          <value/>
        </Data>
      </ExtendedData>
      <LineString>
        <tessellate>1</tessellate>
        <coordinates>
          144.144326,-35.149859,0
          144.144326,-35.149857,0
          144.144361,-35.149562,0
        </coordinates>
      </LineString>
    </Placemark>
    <Placemark>
      <name/>
      <description><![CDATA[description: <br>fid: 319<br>FType: <br>Owner: <br>Usage: Unknown<br>Status: <br>Surface: <br>Restriction: <br>Lanes: <br>GlobalID: <br>created_user: <br>last_edited_user: <br>VehicleTravel: <br>VehicleRequirement: <br>VehicleLimitation: <br>SHAPE_Length: <br>Source: ]]></description>
      <styleUrl>#line-FF5252-2163</styleUrl>
      <ExtendedData>
        <Data name="description">
          <value/>
        </Data>
        <Data name="fid">
          <value>319</value>
        </Data>
        <Data name="FType">
          <value/>
        </Data>
        <Data name="Owner">
          <value/>
        </Data>
        <Data name="Usage">
          <value>Unknown</value>
        </Data>
        <Data name="Status">
          <value/>
        </Data>
        <Data name="Surface">
          <value/>
        </Data>
        <Data name="Restriction">
          <value/>
        </Data>
        <Data name="Lanes">
          <value/>
        </Data>
        <Data name="GlobalID">
          <value/>
        </Data>
        <Data name="created_user">
          <value/>
        </Data>
        <Data name="last_edited_user">
          <value/>
        </Data>
        <Data name="VehicleTravel">
          <value/>
        </Data>
        <Data name="VehicleRequirement">
          <value/>
        </Data>
        <Data name="VehicleLimitation">
          <value/>
        </Data>
        <Data name="SHAPE_Length">
          <value/>
        </Data>
        <Data name="Source">
          <value/>
        </Data>
      </ExtendedData>
      <LineString>
        <tessellate>1</tessellate>
        <coordinates>
          144.143181,-35.148148,0
          144.143317,-35.148253,0
        </coordinates>
      </LineString>
    </Placemark>
    <Placemark>
      <name/>
      <description><![CDATA[description: <br>fid: 320<br>FType: <br>Owner: <br>Usage: Unknown<br>Status: <br>Surface: <br>Restriction: <br>Lanes: <br>GlobalID: <br>created_user: <br>last_edited_user: <br>VehicleTravel: <br>VehicleRequirement: <br>VehicleLimitation: <br>SHAPE_Length: <br>Source: Shell, 2026. Atriplex is saltbush]]></description>
      <styleUrl>#line-FF5252-2163</styleUrl>
      <ExtendedData>
        <Data name="description">
          <value/>
        </Data>
        <Data name="fid">
          <value>320</value>
        </Data>
        <Data name="FType">
          <value/>
        </Data>
        <Data name="Owner">
          <value/>
        </Data>
        <Data name="Usage">
          <value>Unknown</value>
        </Data>
        <Data name="Status">
          <value/>
        </Data>
        <Data name="Surface">
          <value/>
        </Data>
        <Data name="Restriction">
          <value/>
        </Data>
        <Data name="Lanes">
          <value/>
        </Data>
        <Data name="GlobalID">
          <value/>
        </Data>
        <Data name="created_user">
          <value/>
        </Data>
        <Data name="last_edited_user">
          <value/>
        </Data>
        <Data name="VehicleTravel">
          <value/>
        </Data>
        <Data name="VehicleRequirement">
          <value/>
        </Data>
        <Data name="VehicleLimitation">
          <value/>
        </Data>
        <Data name="SHAPE_Length">
          <value/>
        </Data>
        <Data name="Source">
          <value>Shell, 2026. Atriplex is saltbush</value>
        </Data>
      </ExtendedData>
      <LineString>
        <tessellate>1</tessellate>
        <coordinates>
          144.147641,-35.146122,0
          144.147876,-35.146267,0
          144.148143,-35.146418,0
          144.14841,-35.146563,0
          144.148643,-35.146694,0
          144.148869,-35.146785,0
          144.149098,-35.146862,0
          144.14927,-35.146906,0
          144.149517,-35.146946,0
        </coordinates>
      </LineString>
    </Placemark>
    <Placemark>
      <name>Camaldulensis Track</name>
      <description><![CDATA[description: <br>fid: 321<br>FType: <br>Owner: <br>Usage: Unknown<br>Status: <br>Surface: <br>Restriction: <br>Lanes: <br>GlobalID: <br>created_user: <br>last_edited_user: Shell<br>VehicleTravel: <br>VehicleRequirement: <br>VehicleLimitation: <br>SHAPE_Length: <br>Source: Name from Aaron 3/03/26]]></description>
      <styleUrl>#line-FF5252-2163</styleUrl>
      <ExtendedData>
        <Data name="description">
          <value/>
        </Data>
        <Data name="fid">
          <value>321</value>
        </Data>
        <Data name="FType">
          <value/>
        </Data>
        <Data name="Owner">
          <value/>
        </Data>
        <Data name="Usage">
          <value>Unknown</value>
        </Data>
        <Data name="Status">
          <value/>
        </Data>
        <Data name="Surface">
          <value/>
        </Data>
        <Data name="Restriction">
          <value/>
        </Data>
        <Data name="Lanes">
          <value/>
        </Data>
        <Data name="GlobalID">
          <value/>
        </Data>
        <Data name="created_user">
          <value/>
        </Data>
        <Data name="last_edited_user">
          <value>Shell</value>
        </Data>
        <Data name="VehicleTravel">
          <value/>
        </Data>
        <Data name="VehicleRequirement">
          <value/>
        </Data>
        <Data name="VehicleLimitation">
          <value/>
        </Data>
        <Data name="SHAPE_Length">
          <value/>
        </Data>
        <Data name="Source">
          <value>Name from Aaron 3/03/26</value>
        </Data>
      </ExtendedData>
      <LineString>
        <tessellate>1</tessellate>
        <coordinates>
          144.147165,-35.142059,0
          144.147798,-35.141684,0
          144.148396,-35.141336,0
          144.148864,-35.141042,0
          144.149443,-35.140713,0
          144.149606,-35.140623,0
        </coordinates>
      </LineString>
    </Placemark>
    <Placemark>
      <name/>
      <description><![CDATA[description: <br>fid: 322<br>FType: <br>Owner: <br>Usage: Unknown<br>Status: <br>Surface: <br>Restriction: <br>Lanes: <br>GlobalID: <br>created_user: <br>last_edited_user: <br>VehicleTravel: <br>VehicleRequirement: <br>VehicleLimitation: <br>SHAPE_Length: <br>Source: ]]></description>
      <styleUrl>#line-FF5252-2163</styleUrl>
      <ExtendedData>
        <Data name="description">
          <value/>
        </Data>
        <Data name="fid">
          <value>322</value>
        </Data>
        <Data name="FType">
          <value/>
        </Data>
        <Data name="Owner">
          <value/>
        </Data>
        <Data name="Usage">
          <value>Unknown</value>
        </Data>
        <Data name="Status">
          <value/>
        </Data>
        <Data name="Surface">
          <value/>
        </Data>
        <Data name="Restriction">
          <value/>
        </Data>
        <Data name="Lanes">
          <value/>
        </Data>
        <Data name="GlobalID">
          <value/>
        </Data>
        <Data name="created_user">
          <value/>
        </Data>
        <Data name="last_edited_user">
          <value/>
        </Data>
        <Data name="VehicleTravel">
          <value/>
        </Data>
        <Data name="VehicleRequirement">
          <value/>
        </Data>
        <Data name="VehicleLimitation">
          <value/>
        </Data>
        <Data name="SHAPE_Length">
          <value/>
        </Data>
        <Data name="Source">
          <value/>
        </Data>
      </ExtendedData>
      <LineString>
        <tessellate>1</tessellate>
        <coordinates>
          144.146905,-35.14797,0
          144.146962,-35.148072,0
          144.14716,-35.148212,0
          144.147438,-35.14839,0
          144.147698,-35.148575,0
          144.147877,-35.148695,0
          144.148056,-35.148785,0
          144.148221,-35.148858,0
          144.148447,-35.148952,0
          144.14867,-35.149028,0
          144.148784,-35.149067,0
        </coordinates>
      </LineString>
    </Placemark>
    <Placemark>
      <name>Raz Way</name>
      <description><![CDATA[description: <br>fid: 323<br>FType: <br>Owner: <br>Usage: Unknown<br>Status: <br>Surface: <br>Restriction: <br>Lanes: <br>GlobalID: <br>created_user: <br>last_edited_user: <br>VehicleTravel: <br>VehicleRequirement: <br>VehicleLimitation: <br>SHAPE_Length: <br>Source: ]]></description>
      <styleUrl>#line-FF5252-2163</styleUrl>
      <ExtendedData>
        <Data name="description">
          <value/>
        </Data>
        <Data name="fid">
          <value>323</value>
        </Data>
        <Data name="FType">
          <value/>
        </Data>
        <Data name="Owner">
          <value/>
        </Data>
        <Data name="Usage">
          <value>Unknown</value>
        </Data>
        <Data name="Status">
          <value/>
        </Data>
        <Data name="Surface">
          <value/>
        </Data>
        <Data name="Restriction">
          <value/>
        </Data>
        <Data name="Lanes">
          <value/>
        </Data>
        <Data name="GlobalID">
          <value/>
        </Data>
        <Data name="created_user">
          <value/>
        </Data>
        <Data name="last_edited_user">
          <value/>
        </Data>
        <Data name="VehicleTravel">
          <value/>
        </Data>
        <Data name="VehicleRequirement">
          <value/>
        </Data>
        <Data name="VehicleLimitation">
          <value/>
        </Data>
        <Data name="SHAPE_Length">
          <value/>
        </Data>
        <Data name="Source">
          <value/>
        </Data>
      </ExtendedData>
      <LineString>
        <tessellate>1</tessellate>
        <coordinates>
          144.146009,-35.137923,0
          144.145952,-35.137767,0
          144.145911,-35.137607,0
          144.145947,-35.137491,0
          144.146054,-35.137422,0
          144.146156,-35.137396,0
          144.146305,-35.137376,0
          144.146479,-35.137368,0
          144.146673,-35.137353,0
          144.146886,-35.137327,0
          144.147049,-35.137307,0
          144.147283,-35.137287,0
        </coordinates>
      </LineString>
    </Placemark>
    <Placemark>
      <name/>
      <description><![CDATA[description: <br>fid: 324<br>FType: 0<br>Owner: DTE<br>Usage: Unknown<br>Status: Unknown<br>Surface: Unknown<br>Restriction: Staff<br>Lanes: 0<br>GlobalID: {2512E4E5-BF7C-40E5-B6B4-8D11C04435D9}<br>created_user: WELNIG<br>last_edited_user: WELNIG<br>VehicleTravel: Unknown<br>VehicleRequirement: Unknown<br>VehicleLimitation: Unknown<br>SHAPE_Length: 235.635750895<br>Source: ]]></description>
      <styleUrl>#line-FF5252-2163</styleUrl>
      <ExtendedData>
        <Data name="description">
          <value/>
        </Data>
        <Data name="fid">
          <value>324</value>
        </Data>
        <Data name="FType">
          <value>0</value>
        </Data>
        <Data name="Owner">
          <value>DTE</value>
        </Data>
        <Data name="Usage">
          <value>Unknown</value>
        </Data>
        <Data name="Status">
          <value>Unknown</value>
        </Data>
        <Data name="Surface">
          <value>Unknown</value>
        </Data>
        <Data name="Restriction">
          <value>Staff</value>
        </Data>
        <Data name="Lanes">
          <value>0</value>
        </Data>
        <Data name="GlobalID">
          <value>{2512E4E5-BF7C-40E5-B6B4-8D11C04435D9}</value>
        </Data>
        <Data name="created_user">
          <value>WELNIG</value>
        </Data>
        <Data name="last_edited_user">
          <value>WELNIG</value>
        </Data>
        <Data name="VehicleTravel">
          <value>Unknown</value>
        </Data>
        <Data name="VehicleRequirement">
          <value>Unknown</value>
        </Data>
        <Data name="VehicleLimitation">
          <value>Unknown</value>
        </Data>
        <Data name="SHAPE_Length">
          <value>235.635750895</value>
        </Data>
        <Data name="Source">
          <value/>
        </Data>
      </ExtendedData>
      <LineString>
        <tessellate>1</tessellate>
        <coordinates>
          144.144686,-35.147509,0
          144.144797,-35.14762,0
          144.145028,-35.147809,0
          144.145459,-35.148192,0
          144.145535,-35.148282,0
          144.145627,-35.148419,0
          144.14572,-35.148637,0
          144.145795,-35.148876,0
          144.145877,-35.149078,0
          144.145987,-35.149223,0
          144.146095,-35.149328,0
          144.146233,-35.149462,0
          144.14664,-35.14985,0
          144.146836,-35.149996,0
          144.147018,-35.150142,0
          144.147135,-35.150267,0
          144.147282,-35.150416,0
          144.147364,-35.150494,0
          144.147446,-35.150538,0
          144.147553,-35.150532,0
        </coordinates>
      </LineString>
    </Placemark>
    <Placemark>
      <name/>
      <description><![CDATA[description: <br>fid: 325<br>FType: 0<br>Owner: DTE<br>Usage: Unknown<br>Status: Unknown<br>Surface: Unknown<br>Restriction: Staff<br>Lanes: 0<br>GlobalID: {97E6E243-FEAC-407D-9078-42D3BCDDC772}<br>created_user: WELNIG<br>last_edited_user: WELNIG<br>VehicleTravel: Unknown<br>VehicleRequirement: Unknown<br>VehicleLimitation: Unknown<br>SHAPE_Length: 263.99942029<br>Source: ]]></description>
      <styleUrl>#line-FF5252-2163</styleUrl>
      <ExtendedData>
        <Data name="description">
          <value/>
        </Data>
        <Data name="fid">
          <value>325</value>
        </Data>
        <Data name="FType">
          <value>0</value>
        </Data>
        <Data name="Owner">
          <value>DTE</value>
        </Data>
        <Data name="Usage">
          <value>Unknown</value>
        </Data>
        <Data name="Status">
          <value>Unknown</value>
        </Data>
        <Data name="Surface">
          <value>Unknown</value>
        </Data>
        <Data name="Restriction">
          <value>Staff</value>
        </Data>
        <Data name="Lanes">
          <value>0</value>
        </Data>
        <Data name="GlobalID">
          <value>{97E6E243-FEAC-407D-9078-42D3BCDDC772}</value>
        </Data>
        <Data name="created_user">
          <value>WELNIG</value>
        </Data>
        <Data name="last_edited_user">
          <value>WELNIG</value>
        </Data>
        <Data name="VehicleTravel">
          <value>Unknown</value>
        </Data>
        <Data name="VehicleRequirement">
          <value>Unknown</value>
        </Data>
        <Data name="VehicleLimitation">
          <value>Unknown</value>
        </Data>
        <Data name="SHAPE_Length">
          <value>263.99942029</value>
        </Data>
        <Data name="Source">
          <value/>
        </Data>
      </ExtendedData>
      <LineString>
        <tessellate>1</tessellate>
        <coordinates>
          144.146521,-35.149736,0
          144.14665,-35.149287,0
          144.146751,-35.14908,0
          144.146804,-35.148825,0
          144.146913,-35.147902,0
          144.147013,-35.147638,0
          144.14717,-35.14718,0
          144.147312,-35.14674,0
          144.147416,-35.146342,0
        </coordinates>
      </LineString>
    </Placemark>
    <Placemark>
      <name>Merino Drive</name>
      <description><![CDATA[description: <br>fid: 326<br>FType: <br>Owner: <br>Usage: Unknown<br>Status: <br>Surface: <br>Restriction: <br>Lanes: <br>GlobalID: <br>created_user: <br>last_edited_user: <br>VehicleTravel: <br>VehicleRequirement: <br>VehicleLimitation: <br>SHAPE_Length: <br>Source: ]]></description>
      <styleUrl>#line-FF5252-2163</styleUrl>
      <ExtendedData>
        <Data name="description">
          <value/>
        </Data>
        <Data name="fid">
          <value>326</value>
        </Data>
        <Data name="FType">
          <value/>
        </Data>
        <Data name="Owner">
          <value/>
        </Data>
        <Data name="Usage">
          <value>Unknown</value>
        </Data>
        <Data name="Status">
          <value/>
        </Data>
        <Data name="Surface">
          <value/>
        </Data>
        <Data name="Restriction">
          <value/>
        </Data>
        <Data name="Lanes">
          <value/>
        </Data>
        <Data name="GlobalID">
          <value/>
        </Data>
        <Data name="created_user">
          <value/>
        </Data>
        <Data name="last_edited_user">
          <value/>
        </Data>
        <Data name="VehicleTravel">
          <value/>
        </Data>
        <Data name="VehicleRequirement">
          <value/>
        </Data>
        <Data name="VehicleLimitation">
          <value/>
        </Data>
        <Data name="SHAPE_Length">
          <value/>
        </Data>
        <Data name="Source">
          <value/>
        </Data>
      </ExtendedData>
      <MultiGeometry>
        <LineString>
          <tessellate>1</tessellate>
          <coordinates>
            144.142611,-35.137535,0
            144.142687,-35.137603,0
            144.142752,-35.137649,0
            144.142943,-35.137773,0
            144.14303,-35.137807,0
            144.143112,-35.137851,0
            144.143201,-35.137898,0
            144.143265,-35.137931,0
            144.14332,-35.137989,0
            144.143329,-35.138049,0
            144.143347,-35.138121,0
            144.143376,-35.138188,0
          </coordinates>
        </LineString>
        <LineString>
          <tessellate>1</tessellate>
          <coordinates>
            144.143389,-35.138236,0
            144.143409,-35.138283,0
            144.143496,-35.138439,0
            144.143595,-35.138522,0
            144.143828,-35.138699,0
            144.143977,-35.138847,0
            144.14417,-35.139241,0
            144.144252,-35.139482,0
            144.144332,-35.139661,0
            144.144427,-35.139785,0
            144.14474,-35.14005,0
            144.145059,-35.140322,0
          </coordinates>
        </LineString>
      </MultiGeometry>
    </Placemark>
    <Placemark>
      <name>Billabong Road</name>
      <description><![CDATA[description: <br>fid: 327<br>FType: 0<br>Owner: DTE<br>Usage: Unknown<br>Status: Unknown<br>Surface: Unknown<br>Restriction: Staff<br>Lanes: 0<br>GlobalID: {C797E32C-AF34-47B2-BCEA-278D5A40B2B5}<br>created_user: WELNIG<br>last_edited_user: WELNIG<br>VehicleTravel: Unknown<br>VehicleRequirement: Unknown<br>VehicleLimitation: Unknown<br>SHAPE_Length: 36.9139955127<br>Source: ]]></description>
      <styleUrl>#line-FF5252-2163</styleUrl>
      <ExtendedData>
        <Data name="description">
          <value/>
        </Data>
        <Data name="fid">
          <value>327</value>
        </Data>
        <Data name="FType">
          <value>0</value>
        </Data>
        <Data name="Owner">
          <value>DTE</value>
        </Data>
        <Data name="Usage">
          <value>Unknown</value>
        </Data>
        <Data name="Status">
          <value>Unknown</value>
        </Data>
        <Data name="Surface">
          <value>Unknown</value>
        </Data>
        <Data name="Restriction">
          <value>Staff</value>
        </Data>
        <Data name="Lanes">
          <value>0</value>
        </Data>
        <Data name="GlobalID">
          <value>{C797E32C-AF34-47B2-BCEA-278D5A40B2B5}</value>
        </Data>
        <Data name="created_user">
          <value>WELNIG</value>
        </Data>
        <Data name="last_edited_user">
          <value>WELNIG</value>
        </Data>
        <Data name="VehicleTravel">
          <value>Unknown</value>
        </Data>
        <Data name="VehicleRequirement">
          <value>Unknown</value>
        </Data>
        <Data name="VehicleLimitation">
          <value>Unknown</value>
        </Data>
        <Data name="SHAPE_Length">
          <value>36.9139955127</value>
        </Data>
        <Data name="Source">
          <value/>
        </Data>
      </ExtendedData>
      <LineString>
        <tessellate>1</tessellate>
        <coordinates>
          144.148892,-35.143606,0
          144.148673,-35.143981,0
          144.148378,-35.144582,0
          144.148236,-35.14498,0
          144.148074,-35.145396,0
          144.147938,-35.145682,0
          144.14781,-35.145886,0
          144.147679,-35.146078,0
          144.147542,-35.146235,0
          144.147416,-35.146342,0
          144.147285,-35.146418,0
          144.147173,-35.146455,0
          144.146705,-35.146521,0
          144.146256,-35.146572,0
          144.146023,-35.146576,0
          144.145835,-35.146564,0
          144.145505,-35.146541,0
          144.145203,-35.146542,0
          144.145015,-35.14655,0
          144.144875,-35.146538,0
        </coordinates>
      </LineString>
    </Placemark>
    <Placemark>
      <name>NULL</name>
      <description><![CDATA[description: <br>fid: 328<br>FType: 0<br>Owner: DTE<br>Usage: Unknown<br>Status: Unknown<br>Surface: Unknown<br>Restriction: Emergency<br>Lanes: 0<br>GlobalID: {0C042D7A-2EFA-42E7-818A-93E400BBD5FD}<br>created_user: WELNIG<br>last_edited_user: WELNIG<br>VehicleTravel: Unknown<br>VehicleRequirement: Unknown<br>VehicleLimitation: Unknown<br>SHAPE_Length: 160.525987429<br>Source: ]]></description>
      <styleUrl>#line-FF5252-2163</styleUrl>
      <ExtendedData>
        <Data name="description">
          <value/>
        </Data>
        <Data name="fid">
          <value>328</value>
        </Data>
        <Data name="FType">
          <value>0</value>
        </Data>
        <Data name="Owner">
          <value>DTE</value>
        </Data>
        <Data name="Usage">
          <value>Unknown</value>
        </Data>
        <Data name="Status">
          <value>Unknown</value>
        </Data>
        <Data name="Surface">
          <value>Unknown</value>
        </Data>
        <Data name="Restriction">
          <value>Emergency</value>
        </Data>
        <Data name="Lanes">
          <value>0</value>
        </Data>
        <Data name="GlobalID">
          <value>{0C042D7A-2EFA-42E7-818A-93E400BBD5FD}</value>
        </Data>
        <Data name="created_user">
          <value>WELNIG</value>
        </Data>
        <Data name="last_edited_user">
          <value>WELNIG</value>
        </Data>
        <Data name="VehicleTravel">
          <value>Unknown</value>
        </Data>
        <Data name="VehicleRequirement">
          <value>Unknown</value>
        </Data>
        <Data name="VehicleLimitation">
          <value>Unknown</value>
        </Data>
        <Data name="SHAPE_Length">
          <value>160.525987429</value>
        </Data>
        <Data name="Source">
          <value/>
        </Data>
      </ExtendedData>
      <LineString>
        <tessellate>1</tessellate>
        <coordinates>
          144.149407,-35.149391,0
          144.149449,-35.149322,0
          144.149449,-35.149226,0
          144.149416,-35.149027,0
          144.149381,-35.148898,0
          144.149491,-35.148683,0
          144.149681,-35.148521,0
          144.149956,-35.148323,0
          144.150173,-35.148008,0
          144.15059,-35.146919,0
          144.150775,-35.146404,0
          144.150677,-35.145885,0
          144.1508,-35.14545,0
          144.150972,-35.145147,0
          144.151421,-35.144749,0
          144.1523755,-35.1418345,0
          144.152085,-35.1443,0
          144.152244,-35.144206,0
          144.152406,-35.14412,0
          144.152574,-35.144038,0
          144.152774,-35.143998,0
          144.153025,-35.144043,0
          144.15318,-35.143104,0
          144.153195,-35.14298,0
          144.153177,-35.14289,0
          144.153136,-35.142813,0
          144.153055,-35.142725,0
          144.153008,-35.142674,0
          144.152993,-35.14256,0
          144.153023,-35.142317,0
          144.153127,-35.1417,0
          144.153293,-35.140711,0
          144.153596,-35.138848,0
          144.153905,-35.136965,0
          144.153995,-35.136367,0
        </coordinates>
      </LineString>
    </Placemark>
  </Document>
</kml>
