<?xml version="1.0" encoding="UTF-8"?>
<kml xmlns="http://www.opengis.net/kml/2.2">
  <Document id="root_doc">
    <Schema id="aboriginal_heritage_poly" name="aboriginal_heritage_poly">
      <SimpleField name="type" type="string"/>
      <SimpleField name="text" type="string"/>
    </Schema>
    <Schema id="aboriginal_heritageno_camping.schema">
      <SimpleField name="fid" type="float"/>
      <SimpleField name="type" type="string"/>
      <SimpleField name="text" type="string"/>
    </Schema>
    <Folder>
      <name>aboriginal_heritage_poly</name>
      <Placemark>
        <Style>
          <LineStyle>
            <color>ff0000ff</color>
          </LineStyle>
          <PolyStyle>
            <fill>0</fill>
          </PolyStyle>
        </Style>
        <ExtendedData>
          <SchemaData schemaUrl="#aboriginal_heritage_poly">
            <SimpleData name="type">mound</SimpleData>
            <SimpleData name="text">Earth Mound</SimpleData>
          </SchemaData>
        </ExtendedData>
        <Polygon>
          <outerBoundaryIs>
            <LinearRing>
              <coordinates>
                144.145554661586,-35.1405707472948,0
                144.145545978112,-35.1405607532721,0
                144.145537171045,-35.1405508378221,0
                144.145528247294,-35.1405409964724,0
                144.14551921377,-35.1405312247504,0
                144.145510077384,-35.1405215181837,0
                144.145500845045,-35.1405118723,0
                144.145491523666,-35.1405022826267,0
                144.145482120155,-35.1404927446913,0
                144.145472641424,-35.1404832540216,0
                144.145463094382,-35.1404738061449,0
                144.14545348594,-35.140464396589,0
                144.145443823009,-35.1404550208813,0
                144.145434112499,-35.1404456745494,0
                144.145424361321,-35.1404363531209,0
                144.145414576384,-35.1404270521234,0
                144.145404764599,-35.1404177670844,0
                144.145394932878,-35.1404084935315,0
                144.145385088129,-35.1403992269924,0
                144.145375237263,-35.1403899629944,0
                144.145365387192,-35.1403806970654,0
                144.145355544825,-35.1403714247328,0
                144.145345717072,-35.1403621415242,0
                144.145335910845,-35.1403528429672,0
                144.145326133053,-35.1403435245895,0
                144.14531638878,-35.1403341833448,0
                144.145306660917,-35.1403248331309,0
                144.145296941051,-35.1403154802769,0
                144.145287226005,-35.1403061269381,0
                144.145277512604,-35.1402967752702,0
                144.14526779767,-35.1402874274286,0
                144.145258078027,-35.140278085569,0
                144.145248350498,-35.1402687518468,0
                144.145238611907,-35.1402594284176,0
                144.145228859077,-35.1402501174368,0
                144.145219088832,-35.1402408210601,0
                144.145209297994,-35.1402315414429,0
                144.145199483388,-35.1402222807408,0
                144.145189641837,-35.1402130411093,0
                144.145179770163,-35.1402038247039,0
                144.145169865192,-35.1401946336802,0
                144.145159923745,-35.1401854701935,0
                144.145149942647,-35.1401763363996,0
                144.14513991872,-35.1401672344539,0
                144.145129848789,-35.1401581665118,0
                144.145119729676,-35.140149134729,0
                144.145109558205,-35.1401401412609,0
                144.1450993312,-35.1401311882631,0
                144.145089045484,-35.140122277891,0
                144.14507869788,-35.1401134123002,0
                144.145068285211,-35.1401045936462,0
                144.145057804302,-35.1400958240844,0
                144.145047251975,-35.1400871057705,0
                144.145036625054,-35.1400784408599,0
                144.145025920362,-35.1400698315081,0
                144.145015134723,-35.1400612798706,0
                144.145004264961,-35.1400527881029,0
                144.144993307898,-35.1400443583605,0
                144.144982260513,-35.1400359927912,0
                144.14497114208,-35.1400276916958,0
                144.144959968655,-35.1400194530861,0
                144.144948741735,-35.1400112751941,0
                144.144937462818,-35.1400031562519,0
                144.144926133401,-35.1399950944916,0
                144.14491475498,-35.1399870881451,0
                144.144903329054,-35.1399791354445,0
                144.144891857118,-35.1399712346218,0
                144.144880340669,-35.1399633839091,0
                144.144868781206,-35.1399555815385,0
                144.144857180225,-35.1399478257419,0
                144.144845539222,-35.1399401147515,0
                144.144833859696,-35.1399324467992,0
                144.144822143142,-35.1399248201171,0
                144.144810391059,-35.1399172329373,0
                144.144798604942,-35.1399096834917,0
                144.14478678629,-35.1399021700125,0
                144.144774936599,-35.1398946907317,0
                144.144763057366,-35.1398872438813,0
                144.144751150088,-35.1398798276933,0
                144.144739216263,-35.1398724404,0
                144.144727257387,-35.1398650802331,0
                144.144715274957,-35.1398577454249,0
                144.144703270471,-35.1398504342074,0
                144.144691245425,-35.1398431448127,0
                144.144679201317,-35.1398358754726,0
                144.144667139643,-35.1398286244195,0
                144.144655061901,-35.1398213898852,0
                144.144642969587,-35.1398141701018,0
                144.144630864199,-35.1398069633014,0
                144.144618747234,-35.1397997677161,0
                144.144606620189,-35.1397925815779,0
                144.14459448456,-35.1397854031188,0
                144.144582341845,-35.1397782305709,0
                144.144570193541,-35.1397710621663,0
                144.144558041123,-35.1397638971754,0
                144.144545885336,-35.1397567382334,0
                144.144533726201,-35.1397495854437,0
                144.144521563713,-35.1397424386169,0
                144.144509397866,-35.1397352975638,0
                144.144497228656,-35.1397281620952,0
                144.144485056078,-35.1397210320218,0
                144.144472880127,-35.1397139071543,0
                144.144460700799,-35.1397067873035,0
                144.144448518087,-35.1396996722801,0
                144.144436331988,-35.1396925618948,0
                144.144424142497,-35.1396854559584,0
                144.144411949608,-35.1396783542816,0
                144.144399753317,-35.1396712566751,0
                144.144387553618,-35.1396641629497,0
                144.144375350507,-35.1396570729162,0
                144.14436314398,-35.1396499863852,0
                144.14435093403,-35.1396429031675,0
                144.144338720653,-35.1396358230738,0
                144.144326503845,-35.1396287459149,0
                144.1443142836,-35.1396216715015,0
                144.144302059913,-35.1396145996443,0
                144.14428983278,-35.1396075301542,0
                144.144277602196,-35.1396004628417,0
                144.144265368155,-35.1395933975177,0
                144.144253130653,-35.1395863339928,0
                144.144240889771,-35.1395792722409,0
                144.144228646207,-35.1395722165868,0
                144.144216396969,-35.1395651720742,0
                144.144204137986,-35.139558142791,0
                144.144191865186,-35.1395511328255,0
                144.144179574495,-35.1395441462658,0
                144.144167261843,-35.1395371871999,0
                144.144154923156,-35.1395302597159,0
                144.144142554363,-35.1395233679021,0
                144.144130151391,-35.1395165158463,0
                144.144117710168,-35.1395097076369,0
                144.144105226622,-35.1395029473617,0
                144.144092696681,-35.139496239109,0
                144.144080116272,-35.1394895869669,0
                144.144067481324,-35.1394829950233,0
                144.144054744283,-35.1394765467424,0
                144.14404170489,-35.1394706067872,0
                144.14402837526,-35.1394651555332,0
                144.144014798223,-35.1394601174897,0
                144.144001016607,-35.1394554171663,0
                144.143987073241,-35.1394509790725,0
                144.143973010956,-35.1394467277177,0
                144.14395887258,-35.1394425876116,0
                144.143944700944,-35.1394384832637,0
                144.143930538876,-35.1394343391835,0
                144.143916429205,-35.1394300798807,0
                144.143902414763,-35.139425629865,0
                144.143888538377,-35.139420913646,0
                144.143874825528,-35.139415891046,0
                144.143861198458,-35.1394107279894,0
                144.143847641134,-35.1394054584922,0
                144.14383415317,-35.139400084281,0
                144.143820734178,-35.1393946070824,0
                144.143807383772,-35.1393890286226,0
                144.143794101564,-35.1393833506284,0
                144.143780887167,-35.1393775748261,0
                144.143767740194,-35.1393717029423,0
                144.143754660257,-35.1393657367035,0
                144.143741646969,-35.1393596778362,0
                144.143728699944,-35.1393535280669,0
                144.143715818794,-35.139347289122,0
                144.143703003131,-35.1393409627281,0
                144.143690252568,-35.1393345506117,0
                144.143677566719,-35.1393280544993,0
                144.143664945196,-35.1393214761173,0
                144.143652387612,-35.1393148171924,0
                144.143639893657,-35.1393080794111,0
                144.143628514046,-35.1393007224807,0
                144.143619128638,-35.1392922902161,0
                144.143611534864,-35.1392828826551,0
                144.143605530157,-35.1392725998352,0
                144.143600911946,-35.1392615417938,0
                144.143597477664,-35.1392498085683,0
                144.143595024743,-35.1392375001959,0
                144.143593350615,-35.139224716714,0
                144.14359225271,-35.1392115581596,0
                144.143591528462,-35.1391981245701,0
                144.143590975301,-35.1391845159827,0
                144.143590390661,-35.1391708324344,0
                144.143589571973,-35.1391571739627,0
                144.14358831667,-35.1391436406046,0
                144.143586422185,-35.1391303323974,0
                144.14358368595,-35.1391173493783,0
                144.143579905397,-35.1391047915844,0
                144.143574877961,-35.1390927590528,0
                144.143568401073,-35.1390813518206,0
                144.143560272167,-35.1390706699249,0
                144.143550288676,-35.1390608134023,0
                144.143538788649,-35.1390514839349,0
                144.143526497585,-35.1390422185809,0
                144.143513506736,-35.1390330987964,0
                144.143499902805,-35.1390242096374,0
                144.143485772499,-35.1390156361597,0
                144.143471202522,-35.1390074634194,0
                144.14345627958,-35.1389997764724,0
                144.143441090377,-35.1389926603748,0
                144.143425721619,-35.1389862001826,0
                144.143410260009,-35.138980480952,0
                144.143394792253,-35.138975587739,0
                144.143379405055,-35.1389716055999,0
                144.143364185119,-35.1389686195909,0
                144.14334921915,-35.1389667147682,0
                144.143334593851,-35.1389659761881,0
                144.143320395928,-35.1389664889071,0
                144.143306712085,-35.1389683379814,0
                144.143293629025,-35.1389716084674,0
                144.143281233453,-35.1389763854216,0
                144.143269558256,-35.138982656431,0
                144.143258105654,-35.1389894689236,0
                144.143246730567,-35.1389965501247,0
                144.143235428614,-35.1390038863703,0
                144.143224195416,-35.1390114639965,0
                144.143213026593,-35.1390192693394,0
                144.143201917766,-35.1390272887352,0
                144.143190864555,-35.1390355085198,0
                144.143179862582,-35.1390439150293,0
                144.143168907466,-35.1390524945998,0
                144.143157994828,-35.1390612335675,0
                144.143147120289,-35.1390701182682,0
                144.143136279468,-35.1390791350382,0
                144.143125467988,-35.1390882702135,0
                144.143114681468,-35.1390975101302,0
                144.143103915529,-35.1391068411243,0
                144.143093166202,-35.1391162429687,0
                144.143082436057,-35.1391256588323,0
                144.143071731968,-35.1391350790109,0
                144.143061060761,-35.1391445042392,0
                144.143050429265,-35.1391539352519,0
                144.143039844306,-35.1391633727835,0
                144.143029312712,-35.1391728175687,0
                144.143018841311,-35.1391822703421,0
                144.143008436929,-35.1391917318385,0
                144.142998106394,-35.1392012027923,0
                144.142987856535,-35.1392106839384,0
                144.142977694177,-35.1392201760113,0
                144.142967626149,-35.1392296797457,0
                144.142957659277,-35.1392391958762,0
                144.142947800391,-35.1392487251375,0
                144.142938056316,-35.1392582682643,0
                144.14292843388,-35.1392678259912,0
                144.142918939912,-35.1392773990529,0
                144.142909581237,-35.139286988184,0
                144.142900364685,-35.1392965941193,0
                144.142891297081,-35.1393062175933,0
                144.142882385254,-35.1393158593408,0
                144.142873636032,-35.1393255200964,0
                144.142865056241,-35.1393352005949,0
                144.142856652709,-35.1393449015708,0
                144.142848432263,-35.1393546237588,0
                144.142840401732,-35.1393643678937,0
                144.142832567942,-35.1393741347101,0
                144.142824937721,-35.1393839249427,0
                144.142817517897,-35.1393937393261,0
                144.142810315296,-35.1394035785951,0
                144.142803336748,-35.1394134434844,0
                144.142796814384,-35.1394234067025,0
                144.142791455358,-35.1394336866343,0
                144.142787277498,-35.1394442747283,0
                144.142784243799,-35.1394551446822,0
                144.142782317259,-35.1394662701938,0
                144.142781460874,-35.1394776249607,0
                144.142781637641,-35.1394891826806,0
                144.142782810555,-35.139500917051,0
                144.142784942615,-35.1395128017696,0
                144.142787996815,-35.1395248105339,0
                144.142791936153,-35.1395369170414,0
                144.142796723624,-35.1395490949898,0
                144.142802322226,-35.1395613180764,0
                144.142808694955,-35.1395735599989,0
                144.142815804807,-35.1395857944548,0
                144.142823614779,-35.1395979951414,0
                144.142832087867,-35.1396101357564,0
                144.142841187067,-35.1396221899971,0
                144.142850875375,-35.1396341315611,0
                144.142861115788,-35.1396459341459,0
                144.142871871302,-35.1396575714489,0
                144.142883104912,-35.1396690171677,0
                144.142894779616,-35.1396802449997,0
                144.142906858409,-35.1396912286425,0
                144.142919304287,-35.1397019417936,0
                144.142932080247,-35.1397123581504,0
                144.142945134977,-35.1397224543504,0
                144.142958261276,-35.1397322496121,0
                144.142971402982,-35.1397417543529,0
                144.14298456191,-35.1397509696643,0
                144.142997739871,-35.1397598966378,0
                144.143010938679,-35.1397685363652,0
                144.143024160146,-35.1397768899379,0
                144.143037406086,-35.1397849584476,0
                144.143050678311,-35.1397927429858,0
                144.143063978634,-35.1398002446442,0
                144.143077308867,-35.1398074645144,0
                144.143090670824,-35.1398144036879,0
                144.143104066317,-35.1398210632563,0
                144.14311749716,-35.1398274443112,0
                144.143130965164,-35.1398335479443,0
                144.143144472143,-35.139839375247,0
                144.143158019909,-35.1398449273111,0
                144.143171610276,-35.139850205228,0
                144.143185245056,-35.1398552100893,0
                144.143198926062,-35.1398599429867,0
                144.143212655107,-35.1398644050117,0
                144.143226434004,-35.1398685972559,0
                144.143240264565,-35.1398725208109,0
                144.143254148603,-35.1398761767682,0
                144.143268087931,-35.1398795662195,0
                144.143282084362,-35.1398826902563,0
                144.143296139709,-35.1398855499703,0
                144.143310255784,-35.1398881464528,0
                144.1433244344,-35.1398904807957,0
                144.143338677371,-35.1398925540903,0
                144.143352986509,-35.1398943674284,0
                144.143367363626,-35.1398959219014,0
                144.143381810536,-35.139897218601,0
                144.143396329051,-35.1398982586187,0
                144.143410920984,-35.1398990430461,0
                144.143425588148,-35.1398995729747,0
                144.143440332356,-35.1398998494961,0
                144.143455155421,-35.139899873702,0
                144.143470059154,-35.1398996466837,0
                144.143815409166,-35.1398915058167,0
                144.143889249199,-35.1399000944096,0
                144.143901978632,-35.139901820854,0
                144.143914509011,-35.1399040021356,0
                144.143926848531,-35.139906618661,0
                144.143939005385,-35.1399096508373,0
                144.14395098777,-35.1399130790711,0
                144.143962803878,-35.1399168837693,0
                144.143974461904,-35.1399210453389,0
                144.143985970043,-35.1399255441864,0
                144.143997336488,-35.1399303607189,0
                144.144008569435,-35.139935475343,0
                144.144019677076,-35.1399408684657,0
                144.144030667607,-35.1399465204936,0
                144.144041549222,-35.1399524118337,0
                144.144052330114,-35.1399585228926,0
                144.144063018479,-35.1399648340772,0
                144.14407362251,-35.1399713257943,0
                144.144084150401,-35.1399779784507,0
                144.144094610347,-35.1399847724531,0
                144.144105010542,-35.1399916882082,0
                144.14411535918,-35.139998706123,0
                144.144125664455,-35.1400058066041,0
                144.144135934562,-35.1400129700583,0
                144.144146177694,-35.1400201768925,0
                144.144156402046,-35.1400274075132,0
                144.144166615811,-35.1400346423274,0
                144.144176827184,-35.1400418617417,0
                144.14418704436,-35.1400490461629,0
                144.144197275531,-35.1400561759978,0
                144.144207528893,-35.1400632316531,0
                144.14421781264,-35.1400701935355,0
                144.144228134964,-35.1400770420519,0
                144.144238504062,-35.1400837576088,0
                144.144248890735,-35.1400903812596,0
                144.144259241583,-35.1400969985599,0
                144.144269555927,-35.1401036131102,0
                144.144279833656,-35.1401102276107,0
                144.144290074655,-35.1401168447616,0
                144.144300278812,-35.1401234672632,0
                144.144310446015,-35.1401300978157,0
                144.144320576151,-35.1401367391194,0
                144.144330669108,-35.1401433938746,0
                144.144340724772,-35.1401500647814,0
                144.144350743031,-35.1401567545401,0
                144.144360723772,-35.140163465851,0
                144.144370666883,-35.1401702014142,0
                144.144380572252,-35.1401769639301,0
                144.144390439764,-35.1401837560989,0
                144.144400269308,-35.1401905806208,0
                144.144410060771,-35.1401974401962,0
                144.144419814041,-35.1402043375251,0
                144.144429529004,-35.1402112753079,0
                144.144439205549,-35.1402182562448,0
                144.144448843561,-35.140225283036,0
                144.14445844293,-35.1402323583819,0
                144.144468003542,-35.1402394849826,0
                144.144477525284,-35.1402466655385,0
                144.144487008044,-35.1402539027496,0
                144.144496451709,-35.1402611993163,0
                144.144505856167,-35.1402685579389,0
                144.144515221305,-35.1402759813175,0
                144.14452454701,-35.1402834721524,0
                144.144533833169,-35.140291033144,0
                144.144543079671,-35.1402986669923,0
                144.144552286402,-35.1403063763977,0
                144.14456144643,-35.1403141618736,0
                144.144570468139,-35.1403219958684,0
                144.144579327684,-35.14032987059,0
                144.144588031374,-35.140337787678,0
                144.144596585519,-35.1403457487717,0
                144.144604996428,-35.1403537555109,0
                144.14461327041,-35.1403618095349,0
                144.144621413775,-35.1403699124832,0
                144.144629432832,-35.1403780659954,0
                144.144637333891,-35.140386271711,0
                144.14464512326,-35.1403945312694,0
                144.14465280725,-35.1404028463102,0
                144.14466039217,-35.1404112184728,0
                144.144667884329,-35.1404196493967,0
                144.144675290037,-35.1404281407215,0
                144.144682615602,-35.1404366940865,0
                144.144689867335,-35.1404453111314,0
                144.144697051545,-35.1404539934955,0
                144.144704174541,-35.1404627428184,0
                144.144711242632,-35.1404715607395,0
                144.144718262129,-35.1404804488984,0
                144.14472523934,-35.1404894089344,0
                144.144732180576,-35.1404984424871,0
                144.144739092144,-35.140507551196,0
                144.144745980356,-35.1405167367005,0
                144.144752851519,-35.1405260006401,0
                144.144759711945,-35.1405353446543,0
                144.144766567942,-35.1405447703825,0
                144.144773425819,-35.1405542794642,0
                144.144780291886,-35.140563873539,0
                144.144787172453,-35.1405735542461,0
                144.144794073553,-35.1405833222905,0
                144.144800977544,-35.1405931338132,0
                144.144807841693,-35.1406029638077,0
                144.144814625089,-35.1406128118576,0
                144.144821286819,-35.1406226775468,0
                144.144827785971,-35.1406325604588,0
                144.144834081635,-35.1406424601773,0
                144.144840132897,-35.1406523762862,0
                144.144845898846,-35.1406623083689,0
                144.14485133857,-35.1406722560094,0
                144.144856411157,-35.1406822187912,0
                144.144861075695,-35.1406921962981,0
                144.144865291271,-35.1407021881139,0
                144.144869016975,-35.1407121938222,0
                144.144872211892,-35.1407222130068,0
                144.144874835113,-35.1407322452514,0
                144.144876845724,-35.1407422901396,0
                144.144878202812,-35.1407523472553,0
                144.144878865468,-35.140762416182,0
                144.144878753797,-35.140772490838,0
                144.14487762722,-35.1407825361941,0
                144.144875542772,-35.1407925514261,0
                144.144872610422,-35.1408025427105,0
                144.144868940145,-35.1408125162235,0
                144.14486464191,-35.1408224781416,0
                144.144859825692,-35.1408324346412,0
                144.144854601461,-35.1408423918986,0
                144.14484907919,-35.1408523560902,0
                144.144843368851,-35.1408623333924,0
                144.144837580417,-35.1408723299817,0
                144.144831823859,-35.1408823520346,0
                144.14482620915,-35.1408924057275,0
                144.144820846263,-35.1409024972369,0
                144.144815845169,-35.1409126327394,0
                144.144811315843,-35.1409228184116,0
                144.144807368255,-35.1409330604299,0
                144.144804112379,-35.140943364971,0
                144.144801525312,-35.1409537317639,0
                144.144799050648,-35.1409641333405,0
                144.144796617162,-35.1409745639735,0
                144.144794229831,-35.1409850215308,0
                144.14479189363,-35.1409955038804,0
                144.144789613532,-35.1410060088904,0
                144.144787394514,-35.1410165344288,0
                144.144785241551,-35.1410270783636,0
                144.144783159617,-35.141037638563,0
                144.144781153687,-35.1410482128948,0
                144.144779228737,-35.1410587992271,0
                144.144777389741,-35.141069395428,0
                144.144775641675,-35.1410799993654,0
                144.144773989514,-35.1410906089075,0
                144.144772438232,-35.1411012219222,0
                144.144770992805,-35.1411118362776,0
                144.144769658208,-35.1411224498417,0
                144.144768439415,-35.1411330604825,0
                144.144767341402,-35.1411436660681,0
                144.144766369144,-35.1411542644664,0
                144.144765527617,-35.1411648535456,0
                144.144764821794,-35.1411754311737,0
                144.144764256651,-35.1411859952186,0
                144.144763903637,-35.1411965410801,0
                144.144763885438,-35.1412070646587,0
                144.144764206193,-35.1412175680941,0
                144.144764867617,-35.1412280536346,0
                144.144765871424,-35.1412385235285,0
                144.144767219328,-35.1412489800239,0
                144.144768913042,-35.1412594253689,0
                144.144770954279,-35.1412698618119,0
                144.144773344755,-35.1412802916009,0
                144.144776086183,-35.1412907169842,0
                144.144779180276,-35.14130114021,0
                144.144782628748,-35.1413115635263,0
                144.144786433314,-35.1413219891815,0
                144.144790595686,-35.1413324194236,0
                144.14479511758,-35.1413428565009,0
                144.144800000708,-35.1413533026615,0
                144.144805246754,-35.1413637601786,0
                144.14481073782,-35.1413743247767,0
                144.144816369645,-35.1413850555529,0
                144.144822153281,-35.1413959091044,0
                144.144828099777,-35.1414068420288,0
                144.144834220187,-35.1414178109234,0
                144.14484052556,-35.1414287723856,0
                144.144847026949,-35.1414396830127,0
                144.144853735403,-35.1414504994022,0
                144.144860661976,-35.1414611781514,0
                144.144867817717,-35.1414716758577,0
                144.144875213678,-35.1414819491185,0
                144.144882860911,-35.1414919545311,0
                144.144890770465,-35.1415016486928,0
                144.144898953393,-35.1415109882011,0
                144.144907420746,-35.1415199296532,0
                144.144916183575,-35.1415284296465,0
                144.14492525293,-35.1415364447784,0
                144.144934639863,-35.141543931646,0
                144.144944355426,-35.1415508468469,0
                144.144954410668,-35.1415571469783,0
                144.144964816641,-35.1415627886374,0
                144.144975584396,-35.1415677284216,0
                144.144986724983,-35.1415719229282,0
                144.144998249455,-35.1415753287545,0
                144.145010168861,-35.1415779024976,0
                144.145022494252,-35.1415796007549,0
                144.145035236679,-35.1415803801236,0
                144.145376246793,-35.1415884203104,0
                144.145384029573,-35.1415887486568,0
                144.145391723645,-35.1415893567086,0
                144.145399332875,-35.1415902326776,0
                144.145406861127,-35.141591364775,0
                144.145414312264,-35.1415927412123,0
                144.145421690152,-35.1415943502011,0
                144.145428998654,-35.1415961799527,0
                144.145436241636,-35.1415982186787,0
                144.14544342296,-35.1416004545905,0
                144.145450546492,-35.1416028758995,0
                144.145457616095,-35.1416054708171,0
                144.145464635635,-35.141608227555,0
                144.145471608974,-35.1416111343244,0
                144.145478539978,-35.1416141793368,0
                144.145485432511,-35.1416173508038,0
                144.145492290437,-35.1416206369367,0
                144.14549911762,-35.141624025947,0
                144.145505917924,-35.1416275060461,0
                144.145512695215,-35.1416310654455,0
                144.145519453355,-35.1416346923566,0
                144.145526196209,-35.1416383749909,0
                144.145532927641,-35.1416421015598,0
                144.145539651517,-35.1416458602747,0
                144.145546371699,-35.1416496393471,0
                144.145553092052,-35.1416534269885,0
                144.14555981644,-35.1416572114102,0
                144.145566548728,-35.1416609808237,0
                144.145573292779,-35.1416647234404,0
                144.145580052459,-35.1416684274718,0
                144.14558683163,-35.1416720811294,0
                144.145593634158,-35.1416756726244,0
                144.145600463906,-35.1416791901684,0
                144.145607324739,-35.1416826219729,0
                144.145614220521,-35.1416859562491,0
                144.145621155116,-35.1416891812086,0
                144.145628132388,-35.1416922850628,0
                144.145635156202,-35.1416952560232,0
                144.145642229329,-35.1416980876052,0
                144.145649329949,-35.1417008877129,0
                144.145656447167,-35.1417036985262,0
                144.145663579601,-35.1417065141624,0
                144.145670725871,-35.1417093287386,0
                144.145677884597,-35.1417121363719,0
                144.145685054396,-35.1417149311795,0
                144.145692233889,-35.1417177072786,0
                144.145699421695,-35.1417204587864,0
                144.145706616432,-35.14172317982,0
                144.145713816721,-35.1417258644965,0
                144.145721021179,-35.1417285069332,0
                144.145728228427,-35.1417311012472,0
                144.145735437083,-35.1417336415556,0
                144.145742645766,-35.1417361219756,0
                144.145749853096,-35.1417385366245,0
                144.145757057693,-35.1417408796193,0
                144.145764258174,-35.1417431450772,0
                144.145771453159,-35.1417453271154,0
                144.145778641268,-35.141747419851,0
                144.145785820912,-35.1417494117219,0
                144.145792958657,-35.1417504977458,0
                144.14580002339,-35.1417502107972,0
                144.145807004206,-35.1417486961102,0
                144.145813890205,-35.1417460989189,0
                144.145820670483,-35.1417425644572,0
                144.145827334137,-35.1417382379594,0
                144.145833870266,-35.1417332646596,0
                144.145840267966,-35.1417277897918,0
                144.145846516335,-35.14172195859,0
                144.145852604471,-35.1417159162886,0
                144.145858403029,-35.1417097976663,0
                144.145863597115,-35.1417036492455,0
                144.145868200818,-35.1416974738734,0
                144.145872247582,-35.1416912741261,0
                144.145875770852,-35.1416850525799,0
                144.145878804073,-35.1416788118109,0
                144.14588138069,-35.1416725543952,0
                144.145883534146,-35.1416662829091,0
                144.145885297888,-35.1416599999287,0
                144.145886705359,-35.1416537080301,0
                144.145887790005,-35.1416474097895,0
                144.14588858527,-35.141641107783,0
                144.145889124598,-35.1416348045867,0
                144.145889441435,-35.1416285027768,0
                144.145889569224,-35.1416222049294,0
                144.145889541412,-35.1416159136206,0
                144.145889391441,-35.1416096314266,0
                144.145889152758,-35.1416033609234,0
                144.145888858806,-35.1415971046872,0
                144.145888556768,-35.1415908305355,0
                144.145888260768,-35.1415844858958,0
                144.145887926882,-35.1415780853669,0
                144.145887510345,-35.1415716448817,0
                144.145886966392,-35.1415651803731,0
                144.145886250258,-35.1415587077738,0
                144.145885317177,-35.1415522430168,0
                144.145884122384,-35.1415458020348,0
                144.145882621114,-35.1415394007608,0
                144.145880768602,-35.1415330551276,0
                144.145878520082,-35.1415267810681,0
                144.145875830789,-35.1415205945149,0
                144.145872655958,-35.1415145114012,0
                144.145868950824,-35.1415085476594,0
                144.145864670622,-35.1415027192227,0
                144.145859770586,-35.1414970420236,0
                144.145854384481,-35.1414915226375,0
                144.145848947892,-35.141486141367,0
                144.145843484862,-35.1414808899792,0
                144.1458379971,-35.1414757611708,0
                144.145832486316,-35.1414707476384,0
                144.14582695422,-35.1414658420789,0
                144.145821402521,-35.1414610371888,0
                144.14581583293,-35.141456325665,0
                144.145810247157,-35.1414517002042,0
                144.14580464691,-35.1414471535029,0
                144.1457990339,-35.141442678258,0
                144.145793409836,-35.1414382671662,0
                144.145787776429,-35.1414339129242,0
                144.145782135388,-35.1414296082286,0
                144.145776488423,-35.1414253457763,0
                144.145770837243,-35.1414211182638,0
                144.145765183559,-35.141416918388,0
                144.14575952908,-35.1414127388456,0
                144.145753875517,-35.1414085723332,0
                144.145748224578,-35.1414044115476,0
                144.145742577974,-35.1414002491855,0
                144.145736937414,-35.1413960779436,0
                144.145731304609,-35.1413918905186,0
                144.145725681268,-35.1413876796073,0
                144.1457200691,-35.1413834379063,0
                144.145714469817,-35.1413791581124,0
                144.145708885127,-35.1413748329223,0
                144.14570331674,-35.1413704550327,0
                144.145697766366,-35.1413660171404,0
                144.145692235715,-35.141361511942,0
                144.145686723111,-35.1413569473958,0
                144.145681213502,-35.141352391486,0
                144.145675705197,-35.1413478515757,0
                144.145670198586,-35.1413433256347,0
                144.145664694057,-35.1413388116328,0
                144.145659191999,-35.1413343075399,0
                144.145653692802,-35.1413298113257,0
                144.145648196854,-35.1413253209602,0
                144.145642704544,-35.1413208344131,0
                144.145637216262,-35.1413163496543,0
                144.145631732396,-35.1413118646536,0
                144.145626253335,-35.1413073773809,0
                144.145620779468,-35.1413028858059,0
                144.145615311185,-35.1412983878986,0
                144.145609848874,-35.1412938816286,0
                144.145604392924,-35.141289364966,0
                144.145598943724,-35.1412848358804,0
                144.145593501663,-35.1412802923418,0
                144.14558806713,-35.1412757323199,0
                144.145582640515,-35.1412711537846,0
                144.145577222205,-35.1412665547058,0
                144.145571812591,-35.1412619330533,0
                144.14556641206,-35.1412572867967,0
                144.145561021003,-35.1412526139062,0
                144.145555639807,-35.1412479123514,0
                144.145550268863,-35.1412431801022,0
                144.145544908558,-35.1412384151285,0
                144.145539559283,-35.1412336154,0
                144.145534221425,-35.1412287788866,0
                144.145528895374,-35.1412239035581,0
                144.14552358152,-35.1412189873843,0
                144.14551828025,-35.1412140283352,0
                144.145512991954,-35.1412090243805,0
                144.145507717021,-35.14120397349,0
                144.145502516898,-35.1411988486717,0
                144.145497712476,-35.1411935212915,0
                144.145493337672,-35.1411879865436,0
                144.145489377574,-35.1411822600037,0
                144.145485817268,-35.1411763572477,0
                144.145482641842,-35.1411702938512,0
                144.145479836382,-35.1411640853902,0
                144.145477385976,-35.1411577474404,0
                144.145475275711,-35.1411512955775,0
                144.145473490673,-35.1411447453773,0
                144.145472015951,-35.1411381124156,0
                144.14547083663,-35.1411314122682,0
                144.145469937799,-35.1411246605108,0
                144.145469304544,-35.1411178727192,0
                144.145468921952,-35.1411110644691,0
                144.14546877511,-35.1411042513362,0
                144.145468849106,-35.1410974488964,0
                144.145469129027,-35.1410906727254,0
                144.14546959996,-35.141083938399,0
                144.145470246991,-35.1410772614929,0
                144.145471055209,-35.1410706575827,0
                144.145472009699,-35.1410641422444,0
                144.14547309555,-35.1410577310537,0
                144.145474297849,-35.1410514395862,0
                144.145475601682,-35.1410452834178,0
                144.145477007856,-35.1410392670812,0
                144.145478648899,-35.1410332972147,0
                144.145480546574,-35.1410273481667,0
                144.145482686505,-35.1410214186762,0
                144.145485054314,-35.1410155074823,0
                144.145487635628,-35.1410096133242,0
                144.145490416068,-35.1410037349411,0
                144.145493381261,-35.1409978710722,0
                144.145496516829,-35.1409920204564,0
                144.145499808397,-35.1409861818331,0
                144.145503241589,-35.1409803539414,0
                144.145506802029,-35.1409745355203,0
                144.145510475341,-35.1409687253092,0
                144.145514247149,-35.1409629220471,0
                144.145518103078,-35.1409571244731,0
                144.145522028751,-35.1409513313265,0
                144.145526009793,-35.1409455413464,0
                144.145530031827,-35.140939753272,0
                144.145534080479,-35.1409339658423,0
                144.145538141371,-35.1409281777967,0
                144.145542200129,-35.1409223878743,0
                144.145546242375,-35.1409165948142,0
                144.145550253735,-35.1409107973556,0
                144.145554219833,-35.1409049942376,0
                144.145558126293,-35.1408991841996,0
                144.145561958738,-35.1408933659806,0
                144.145565702793,-35.1408875383198,0
                144.145569344083,-35.1408816999565,0
                144.14557286823,-35.1408758496297,0
                144.145576260861,-35.1408699860787,0
                144.145579507598,-35.1408641080427,0
                144.145582594066,-35.1408582142608,0
                144.145585505888,-35.1408523034723,0
                144.145588228691,-35.1408463744164,0
                144.145590748096,-35.1408404258321,0
                144.145593049729,-35.1408344564588,0
                144.145595119214,-35.1408284650356,0
                144.145596948132,-35.1408224487801,0
                144.145598743608,-35.1408163518963,0
                144.145600600401,-35.1408101529932,0
                144.145602499992,-35.1408038605734,0
                144.145604423865,-35.1407974831395,0
                144.145606353502,-35.1407910291943,0
                144.145608270388,-35.1407845072403,0
                144.145610156003,-35.1407779257802,0
                144.145611991832,-35.1407712933167,0
                144.145613759357,-35.1407646183524,0
                144.145615440061,-35.14075790939,0
                144.145617015426,-35.1407511749322,0
                144.145618466937,-35.1407444234815,0
                144.145619776075,-35.1407376635408,0
                144.145620924324,-35.1407309036126,0
                144.145621893166,-35.1407241521996,0
                144.145622664085,-35.1407174178045,0
                144.145623218563,-35.1407107089299,0
                144.145623538084,-35.1407040340785,0
                144.14562360413,-35.140697401753,0
                144.145623398183,-35.140690820456,0
                144.145622901729,-35.1406842986902,0
                144.145622096248,-35.1406778449582,0
                144.145620963224,-35.1406714677628,0
                144.14561948414,-35.1406651756065,0
                144.14561764048,-35.140658976992,0
                144.145615413725,-35.1406528804219,0
                144.145612785359,-35.140646894399,0
                144.145609736866,-35.1406410274258,0
                144.145606249727,-35.1406352880049,0
                144.145602318557,-35.1406296818004,0
                144.145598214069,-35.1406241525771,0
                144.145594052819,-35.1406186719632,0
                144.145589838532,-35.1406132351918,0
                144.145585574929,-35.1406078374956,0
                144.145581265733,-35.1406024741076,0
                144.145576914668,-35.1405971402608,0
                144.145572525455,-35.1405918311879,0
                144.145568101818,-35.140586542122,0
                144.145563647479,-35.1405812682959,0
                144.145559166161,-35.1405760049425,0
                144.145554661586,-35.1405707472948,0
              </coordinates>
            </LinearRing>
          </outerBoundaryIs>
        </Polygon>
      </Placemark>
      <Placemark>
        <ExtendedData>
          <SchemaData schemaUrl="#aboriginal_heritage_poly">
            <SimpleData name="type">mound</SimpleData>
            <SimpleData name="text">Earth Mound</SimpleData>
          </SchemaData>
        </ExtendedData>
      </Placemark>
      <Placemark>
        <Style>
          <LineStyle>
            <color>ff0000ff</color>
          </LineStyle>
          <PolyStyle>
            <fill>0</fill>
          </PolyStyle>
        </Style>
        <ExtendedData>
          <SchemaData schemaUrl="#aboriginal_heritage_poly">
            <SimpleData name="type">mound</SimpleData>
            <SimpleData name="text">Earth Mound</SimpleData>
          </SchemaData>
        </ExtendedData>
        <Polygon>
          <outerBoundaryIs>
            <LinearRing>
              <coordinates>
                144.147669821656,-35.1460032107487,0
                144.147677201349,-35.1459924977008,0
                144.147684501036,-35.1459817478791,0
                144.147691722195,-35.1459709622163,0
                144.147698866302,-35.1459601416453,0
                144.147705934834,-35.1459492870989,0
                144.147712929267,-35.1459383995101,0
                144.147719851078,-35.1459274798118,0
                144.147726701743,-35.1459165289366,0
                144.147733482741,-35.1459055478175,0
                144.147740195547,-35.1458945373875,0
                144.147746841638,-35.1458834985792,0
                144.14775342249,-35.1458724323256,0
                144.147759939581,-35.1458613395596,0
                144.147766394388,-35.1458502212139,0
                144.147772788386,-35.1458390782215,0
                144.147779123053,-35.1458279115152,0
                144.147785399865,-35.1458167220279,0
                144.1477916203,-35.1458055106924,0
                144.147797785833,-35.1457942784415,0
                144.147803897942,-35.1457830262082,0
                144.147809958103,-35.1457717549252,0
                144.147815967794,-35.1457604655255,0
                144.14782192849,-35.1457491589418,0
                144.147827854298,-35.1457378410914,0
                144.147833759762,-35.145726517771,0
                144.147839645381,-35.1457151890761,0
                144.147845511645,-35.1457038551,0
                144.147851359046,-35.1456925159361,0
                144.147857188074,-35.1456811716776,0
                144.147862999222,-35.1456698224178,0
                144.147868792981,-35.1456584682501,0
                144.147874569841,-35.1456471092677,0
                144.147880330295,-35.1456357455641,0
                144.147886074833,-35.1456243772323,0
                144.147891803946,-35.1456130043659,0
                144.147897518127,-35.145601627058,0
                144.147903217866,-35.145590245402,0
                144.147908903654,-35.1455788594912,0
                144.147914575984,-35.1455674694188,0
                144.147920235345,-35.1455560752782,0
                144.14792588223,-35.1455446771628,0
                144.14793151713,-35.1455332751657,0
                144.147937140536,-35.1455218693803,0
                144.147942752939,-35.1455104599,0
                144.147948354831,-35.1454990468179,0
                144.147953946703,-35.1454876302274,0
                144.147959529046,-35.1454762102219,0
                144.147965102351,-35.1454647868946,0
                144.14797066711,-35.1454533603388,0
                144.147976223814,-35.1454419306477,0
                144.147981772955,-35.1454304979149,0
                144.147987315023,-35.1454190622334,0
                144.14799285051,-35.1454076236967,0
                144.147998379908,-35.145396182398,0
                144.148003903707,-35.1453847384306,0
                144.148009422398,-35.1453732918878,0
                144.148014936474,-35.145361842863,0
                144.148020446425,-35.1453503914494,0
                144.148025952403,-35.1453389377616,0
                144.14803144829,-35.1453274821684,0
                144.148036931397,-35.1453160244988,0
                144.148042401375,-35.1453045643906,0
                144.148047857877,-35.1452931014816,0
                144.148053300558,-35.1452816354098,0
                144.148058729069,-35.145270165813,0
                144.148064143063,-35.145258692329,0
                144.148069542194,-35.1452472145958,0
                144.148074926114,-35.1452357322511,0
                144.148080294476,-35.1452242449328,0
                144.148085646934,-35.1452127522788,0
                144.148090983139,-35.1452012539269,0
                144.148096302745,-35.1451897495151,0
                144.148101605404,-35.1451782386811,0
                144.14810689077,-35.1451667210628,0
                144.148112158496,-35.1451551962981,0
                144.148117408234,-35.1451436640248,0
                144.148122639637,-35.1451321238808,0
                144.148127852359,-35.145120575504,0
                144.148133046051,-35.1451090185321,0
                144.148138219616,-35.1450974525492,0
                144.148143337806,-35.1450858747537,0
                144.148148383587,-35.1450742838484,0
                144.148153359844,-35.1450626800013,0
                144.148158269461,-35.1450510633806,0
                144.148163115325,-35.1450394341544,0
                144.148167900319,-35.1450277924907,0
                144.148172627329,-35.1450161385576,0
                144.14817729924,-35.1450044725232,0
                144.148181918937,-35.1449927945556,0
                144.148186489305,-35.1449811048229,0
                144.14819101323,-35.1449694034933,0
                144.148195493596,-35.1449576907347,0
                144.148199933289,-35.1449459667153,0
                144.148204335193,-35.1449342316032,0
                144.148208702194,-35.1449224855664,0
                144.148213037176,-35.144910728773,0
                144.148217343026,-35.1448989613912,0
                144.148221622627,-35.1448871835891,0
                144.148225878865,-35.1448753955345,0
                144.148230114625,-35.1448635973958,0
                144.148234332793,-35.144851789341,0
                144.148238536252,-35.1448399715382,0
                144.148242727889,-35.1448281441553,0
                144.148246910588,-35.1448163073606,0
                144.148251087234,-35.1448044613222,0
                144.148255260713,-35.144792606208,0
                144.148259433909,-35.1447807421862,0
                144.148263609708,-35.1447688694248,0
                144.148267790994,-35.144756988092,0
                144.148271980653,-35.1447450983559,0
                144.14827618157,-35.1447332003844,0
                144.148280396629,-35.1447212943457,0
                144.148284590362,-35.1447093779887,0
                144.148288672605,-35.1446974459295,0
                144.148292643257,-35.1446854987623,0
                144.148296506485,-35.1446735373569,0
                144.148300266456,-35.1446615625832,0
                144.148303927336,-35.1446495753109,0
                144.148307493292,-35.1446375764098,0
                144.148310968491,-35.1446255667498,0
                144.148314357099,-35.1446135472007,0
                144.148317663284,-35.1446015186322,0
                144.14832089121,-35.1445894819142,0
                144.148324045046,-35.1445774379165,0
                144.148327128958,-35.1445653875089,0
                144.148330147113,-35.1445533315612,0
                144.148333103677,-35.1445412709432,0
                144.148336002817,-35.1445292065248,0
                144.148338848699,-35.1445171391756,0
                144.14834164549,-35.1445050697656,0
                144.148344397357,-35.1444929991645,0
                144.148347108467,-35.1444809282421,0
                144.148349782986,-35.1444688578683,0
                144.14835242508,-35.1444567889127,0
                144.148355038917,-35.1444447222453,0
                144.148357628662,-35.1444326587359,0
                144.148360198483,-35.1444205992541,0
                144.148362562299,-35.1444085229384,0
                144.148364410572,-35.1443963970738,0
                144.148365745669,-35.1443842261989,0
                144.148366574731,-35.1443720154097,0
                144.148366904898,-35.1443597698019,0
                144.148366743309,-35.1443474944713,0
                144.148366097104,-35.1443351945137,0
                144.148364973425,-35.1443228750251,0
                144.14836337941,-35.1443105411012,0
                144.148361322199,-35.1442981978377,0
                144.148358808934,-35.1442858503306,0
                144.148355846753,-35.1442735036756,0
                144.148352442797,-35.1442611629684,0
                144.148348604205,-35.144248833305,0
                144.148344338118,-35.144236519781,0
                144.148339605978,-35.1442243778063,0
                144.148334325442,-35.1442126659903,0
                144.148328490477,-35.1442013604967,0
                144.148322096733,-35.1441904316372,0
                144.148315139856,-35.1441798497233,0
                144.148307615497,-35.1441695850668,0
                144.148299519305,-35.1441596079791,0
                144.148290846926,-35.144149888772,0
                144.148281594012,-35.144140397757,0
                144.148271756209,-35.1441311052457,0
                144.148261329168,-35.1441219815496,0
                144.148250308536,-35.1441129969803,0
                144.148238689962,-35.1441041218494,0
                144.148226469096,-35.1440953264684,0
                144.148213641585,-35.1440865811488,0
                144.148200314052,-35.1440780558809,0
                144.148186716158,-35.1440701247014,0
                144.148172881888,-35.1440627955621,0
                144.148158839852,-35.1440560665686,0
                144.148144618659,-35.1440499358267,0
                144.148130246921,-35.1440444014422,0
                144.148115753248,-35.1440394615207,0
                144.148101166249,-35.1440351141681,0
                144.148086514535,-35.14403135749,0
                144.148071826715,-35.1440281895924,0
                144.148057131402,-35.144025608581,0
                144.148042457203,-35.1440236125616,0
                144.14802783273,-35.1440221996401,0
                144.148013286592,-35.1440213679223,0
                144.147998847401,-35.144021115514,0
                144.147984543765,-35.1440214405212,0
                144.147970404296,-35.1440223410497,0
                144.14795641396,-35.1440238095554,0
                144.147942475437,-35.1440258396353,0
                144.147928601267,-35.1440284511331,0
                144.147914811026,-35.1440316651379,0
                144.14790112429,-35.1440355027389,0
                144.147887560637,-35.1440399850255,0
                144.147874139644,-35.1440451330867,0
                144.147860880885,-35.1440509680119,0
                144.147847803939,-35.1440575108903,0
                144.147834928381,-35.1440647828111,0
                144.147822273788,-35.1440728048637,0
                144.147809859737,-35.1440815981371,0
                144.147797705805,-35.1440911837208,0
                144.147785831567,-35.1441015827041,0
                144.147774353265,-35.1441127701208,0
                144.147764141692,-35.144124328732,0
                144.147755336294,-35.1441361284994,0
                144.147747857596,-35.1441481377395,0
                144.147741626123,-35.1441603247689,0
                144.1477365624,-35.1441726579042,0
                144.147732586955,-35.1441851054618,0
                144.147729620311,-35.1441976357579,0
                144.147727582994,-35.1442102171091,0
                144.147726395529,-35.1442228178316,0
                144.147725978442,-35.1442354062418,0
                144.147726252258,-35.1442479506558,0
                144.147727137502,-35.1442604193901,0
                144.147728554699,-35.1442727807608,0
                144.147730424375,-35.1442850030841,0
                144.147732667054,-35.1442970546765,0
                144.147735203261,-35.144308903854,0
                144.147737953522,-35.144320518933,0
                144.147740957714,-35.1443318852669,0
                144.14774499409,-35.1443431137193,0
                144.147750100767,-35.1443542438673,0
                144.147756134818,-35.1443652923339,0
                144.147762953317,-35.144376275742,0
                144.147770413337,-35.1443872107145,0
                144.147778371951,-35.1443981138744,0
                144.147786686233,-35.1444090018447,0
                144.147795213255,-35.1444198912484,0
                144.147803810092,-35.1444307987086,0
                144.147812333816,-35.1444417408484,0
                144.147820641501,-35.1444527342908,0
                144.147828590218,-35.1444637956591,0
                144.147836037042,-35.1444749415764,0
                144.147842839044,-35.144486188666,0
                144.147848853298,-35.1444975535511,0
                144.147853936876,-35.144509052855,0
                144.14785794685,-35.1445207032009,0
                144.147860740294,-35.1445325212121,0
                144.147862174279,-35.1445445235118,0
                144.147862346502,-35.14455669548,0
                144.147862283007,-35.1445689023436,0
                144.147862120054,-35.1445811253861,0
                144.147861859878,-35.144593363322,0
                144.147861504716,-35.1446056148662,0
                144.147861056804,-35.1446178787331,0
                144.147860518376,-35.1446301536374,0
                144.14785989167,-35.1446424382937,0
                144.147859178921,-35.1446547314167,0
                144.147858382365,-35.144667031721,0
                144.147857504238,-35.1446793379212,0
                144.147856546775,-35.1446916487319,0
                144.147855512213,-35.1447039628678,0
                144.147854402787,-35.1447162790436,0
                144.147853220733,-35.1447285959737,0
                144.147851968287,-35.1447409123729,0
                144.147850647686,-35.1447532269558,0
                144.147849261164,-35.144765538437,0
                144.147847810957,-35.1447778455312,0
                144.147846299302,-35.144790146953,0
                144.147844728435,-35.144802441417,0
                144.147843100591,-35.1448147276378,0
                144.147841418006,-35.14482700433,0
                144.147839682916,-35.1448392702084,0
                144.147837897556,-35.1448515239875,0
                144.147836064164,-35.1448637643819,0
                144.147834184974,-35.1448759901064,0
                144.147832280009,-35.1448882028528,0
                144.147830527933,-35.1449004319217,0
                144.147828944424,-35.144912681409,0
                144.147827491645,-35.1449249466717,0
                144.147826131755,-35.1449372230674,0
                144.147824826915,-35.1449495059532,0
                144.147823539285,-35.1449617906865,0
                144.147822231028,-35.1449740726246,0
                144.147820864302,-35.1449863471247,0
                144.147819401269,-35.1449986095441,0
                144.147817804089,-35.1450108552401,0
                144.147816034923,-35.1450230795699,0
                144.147814055932,-35.145035277891,0
                144.147811829276,-35.1450474455604,0
                144.147809317115,-35.1450595779356,0
                144.14780648161,-35.1450716703736,0
                144.147803284922,-35.1450837182319,0
                144.14779968921,-35.1450957168676,0
                144.147795656636,-35.145107661638,0
                144.14779114936,-35.1451195479002,0
                144.147786129542,-35.1451313710115,0
                144.147780559342,-35.1451431263292,0
                144.147774402003,-35.1451548090995,0
                144.147767891565,-35.1451663893109,0
                144.147761229998,-35.1451778489818,0
                144.147754422051,-35.1451891922477,0
                144.147747472473,-35.1452004232445,0
                144.147740386012,-35.1452115461079,0
                144.147733167416,-35.1452225649737,0
                144.147725821436,-35.1452334839775,0
                144.147718352819,-35.1452443072551,0
                144.147710766314,-35.1452550389423,0
                144.14770306667,-35.1452656831747,0
                144.147695258637,-35.1452762440883,0
                144.147687346961,-35.1452867258186,0
                144.147679336394,-35.1452971325015,0
                144.147671231682,-35.1453074682726,0
                144.147663037575,-35.1453177372679,0
                144.147654758822,-35.1453279436228,0
                144.147646400172,-35.1453380914734,0
                144.147637966373,-35.1453481849552,0
                144.147629462174,-35.1453582282041,0
                144.147620892323,-35.1453682253558,0
                144.147612261571,-35.145378180546,0
                144.147603574665,-35.1453880979106,0
                144.147594836354,-35.1453979815852,0
                144.147586051387,-35.1454078357057,0
                144.147577224513,-35.1454176644078,0
                144.14756836048,-35.1454274718273,0
                144.147559464038,-35.1454372620999,0
                144.147550539935,-35.1454470393613,0
                144.147541592919,-35.1454568077475,0
                144.147532627741,-35.145466571394,0
                144.147523649148,-35.1454763344368,0
                144.147514661889,-35.1454861010115,0
                144.147505670714,-35.145495875254,0
                144.14749668037,-35.1455056613,0
                144.147487695607,-35.1455154632853,0
                144.147478721173,-35.1455252853457,0
                144.147469761817,-35.1455351316169,0
                144.147460822289,-35.1455450062347,0
                144.147451907336,-35.145554913335,0
                144.147443021708,-35.1455648570534,0
                144.147434170153,-35.1455748415259,0
                144.147425357421,-35.1455848708881,0
                144.147416588259,-35.1455949492758,0
                144.147407871118,-35.145605065192,0
                144.147399216358,-35.1456151742727,0
                144.147390618451,-35.1456252730095,0
                144.147382070978,-35.1456353608643,0
                144.147373567516,-35.1456454372987,0
                144.147365101644,-35.1456555017745,0
                144.14735666694,-35.1456655537534,0
                144.147348256984,-35.1456755926973,0
                144.147339865355,-35.1456856180678,0
                144.14733148563,-35.1456956293267,0
                144.147323111389,-35.1457056259358,0
                144.147314736209,-35.1457156073567,0
                144.147306353671,-35.1457255730513,0
                144.147297957352,-35.1457355224812,0
                144.147289540831,-35.1457454551081,0
                144.147281097687,-35.1457553703939,0
                144.147272621498,-35.1457652678003,0
                144.147264105843,-35.1457751467889,0
                144.147255544301,-35.1457850068215,0
                144.14724693045,-35.1457948473598,0
                144.14723825787,-35.1458046678655,0
                144.147229520137,-35.1458144678005,0
                144.147220710833,-35.1458242466263,0
                144.147211823533,-35.1458340038047,0
                144.147202851819,-35.1458437387974,0
                144.147193789267,-35.1458534510661,0
                144.147184629458,-35.1458631400725,0
                144.147175365968,-35.1458728052784,0
                144.147165992378,-35.1458824461455,0
                144.147156502265,-35.1458920621353,0
                144.147146889208,-35.1459016527098,0
                144.147137146787,-35.1459112173304,0
                144.147127268578,-35.145920755459,0
                144.147117248162,-35.1459302665572,0
                144.147107079116,-35.1459397500867,0
                144.147096755019,-35.1459492055092,0
                144.147086269451,-35.1459586322864,0
                144.147075615988,-35.14596802988,0
                144.147064788211,-35.1459773977516,0
                144.147053779697,-35.1459867353629,0
                144.147042513627,-35.1459959185334,0
                144.147030835879,-35.1460046598563,0
                144.14701876354,-35.1460129476682,0
                144.147006320609,-35.1460207819666,0
                144.146993531086,-35.1460281627488,0
                144.146980418973,-35.1460350900124,0
                144.146967008269,-35.1460415637546,0
                144.146953322976,-35.146047583973,0
                144.146939387094,-35.146053150665,0
                144.146925224624,-35.146058263828,0
                144.146910859566,-35.1460629234596,0
                144.146896315921,-35.1460671295571,0
                144.146881617689,-35.146070882118,0
                144.146866788872,-35.14607418114,0
                144.14685185347,-35.1460770266203,0
                144.146836835484,-35.1460794185567,0
                144.146821758913,-35.1460813569465,0
                144.14680664776,-35.1460828417874,0
                144.146791526024,-35.1460838730769,0
                144.146776417707,-35.1460844508126,0
                144.146761346809,-35.146084574992,0
                144.14674633733,-35.1460842456127,0
                144.146332660935,-35.1460688769553,0
                144.146091618467,-35.1460736370218,0
                144.146078585978,-35.146073830351,0
                144.146065563378,-35.14607389174,0
                144.146052551356,-35.1460738156214,0
                144.146039550599,-35.1460735964277,0
                144.146026561797,-35.1460732285915,0
                144.146013585638,-35.1460727065454,0
                144.146000622809,-35.1460720247219,0
                144.145987674,-35.1460711775537,0
                144.145974739899,-35.1460701594732,0
                144.145961821194,-35.1460689649131,0
                144.145948918573,-35.1460675883059,0
                144.145936032725,-35.1460660240841,0
                144.145923164339,-35.1460642666805,0
                144.145910314103,-35.1460623105274,0
                144.145897482705,-35.1460601500576,0
                144.145884670833,-35.1460577797036,0
                144.145871879176,-35.1460551938979,0
                144.145859108423,-35.1460523870731,0
                144.145846359262,-35.1460493536618,0
                144.14583363238,-35.1460460880966,0
                144.145820928468,-35.1460425848101,0
                144.145808248212,-35.1460388382348,0
                144.145795592302,-35.1460348428032,0
                144.145782993727,-35.1460305749429,0
                144.14577088627,-35.1460257937571,0
                144.145759372459,-35.1460204562105,0
                144.145748409112,-35.1460146020876,0
                144.145737953047,-35.1460082711728,0
                144.145727961082,-35.1460015032507,0
                144.145718390036,-35.1459943381056,0
                144.145709196728,-35.145986815522,0
                144.145700337975,-35.1459789752842,0
                144.145691770596,-35.1459708571767,0
                144.14568345141,-35.1459625009839,0
                144.145675337234,-35.14595394649,0
                144.145667384887,-35.1459452334794,0
                144.145659551187,-35.1459364017366,0
                144.145651792953,-35.1459274910457,0
                144.145644067003,-35.145918541191,0
                144.145636330155,-35.145909591957,0
                144.145628539228,-35.1459006831279,0
                144.14562065104,-35.1458918544879,0
                144.14561262241,-35.1458831458213,0
                144.145604410155,-35.1458745969124,0
                144.145595971095,-35.1458662475454,0
                144.145587262047,-35.1458581375046,0
                144.14557823983,-35.1458503065742,0
                144.145568861262,-35.1458427945383,0
                144.145559083162,-35.1458356411811,0
                144.145548862348,-35.1458288862869,0
                144.145538164653,-35.1458225616651,0
                144.145527283077,-35.1458164104283,0
                144.145516373475,-35.1458102990794,0
                144.145505431921,-35.1458042358202,0
                144.14549445449,-35.1457982288527,0
                144.145483437255,-35.1457922863787,0
                144.145472376291,-35.1457864166001,0
                144.145461267671,-35.1457806277189,0
                144.14545010747,-35.1457749279368,0
                144.145438891761,-35.1457693254559,0
                144.145427616619,-35.1457638284779,0
                144.145416278119,-35.1457584452047,0
                144.145404872333,-35.1457531838383,0
                144.145393395336,-35.1457480525805,0
                144.145381843202,-35.1457430596332,0
                144.145370212005,-35.1457382131982,0
                144.14535849782,-35.1457335214774,0
                144.14534669672,-35.1457289926728,0
                144.145334804779,-35.145724634986,0
                144.145322818071,-35.1457204566192,0
                144.14531073267,-35.145716465774,0
                144.145298544651,-35.1457126706524,0
                144.145286250088,-35.1457090794562,0
                144.145273845053,-35.1457057003873,0
                144.145261325622,-35.1457025416475,0
                144.145248695844,-35.1456996157734,0
                144.145235984598,-35.1456969404108,0
                144.145223200158,-35.1456945121102,0
                144.14521034851,-35.1456923257756,0
                144.145197435638,-35.1456903763109,0
                144.145184467527,-35.1456886586199,0
                144.145171450162,-35.1456871676067,0
                144.145158389528,-35.145685898175,0
                144.145145291608,-35.1456848452289,0
                144.145132162389,-35.1456840036722,0
                144.145119007854,-35.1456833684088,0
                144.145105833988,-35.1456829343428,0
                144.145092646776,-35.1456826963779,0
                144.145079452203,-35.1456826494181,0
                144.145066256253,-35.1456827883674,0
                144.145053064912,-35.1456831081297,0
                144.145039884163,-35.145683603609,0
                144.145026719992,-35.1456842697091,0
                144.145013578384,-35.145685101334,0
                144.145000465323,-35.1456860933877,0
                144.144987386793,-35.1456872407741,0
                144.14497434878,-35.1456885383971,0
                144.144961357269,-35.1456899811608,0
                144.144948418243,-35.145691563969,0
                144.144935537689,-35.1456932817257,0
                144.144922716845,-35.1456951214098,0
                144.144909944628,-35.1456970592929,0
                144.144897218407,-35.1456990958307,0
                144.144884536216,-35.1457012328681,0
                144.144871896088,-35.1457034722499,0
                144.14485929606,-35.1457058158209,0
                144.144846734164,-35.1457082654261,0
                144.144834208434,-35.1457108229101,0
                144.144821716906,-35.1457134901178,0
                144.144809257612,-35.1457162688941,0
                144.144796828588,-35.1457191610838,0
                144.144784427867,-35.1457221685317,0
                144.144772053484,-35.1457252930826,0
                144.144759703473,-35.1457285365814,0
                144.144747375867,-35.1457319008728,0
                144.144735068702,-35.1457353878018,0
                144.14472278001,-35.1457389992131,0
                144.144710507828,-35.1457427369515,0
                144.144698250187,-35.145746602862,0
                144.144686005124,-35.1457505987892,0
                144.144673770671,-35.145754726578,0
                144.144661544863,-35.1457589880732,0
                144.144649325735,-35.1457633851197,0
                144.14463711132,-35.1457679195623,0
                144.144624899652,-35.1457725932457,0
                144.144612688766,-35.1457774080148,0
                144.144600484834,-35.14578236135,0
                144.144588458953,-35.1457873655668,0
                144.144576672528,-35.1457923999087,0
                144.144565115203,-35.1457974832729,0
                144.14455377662,-35.1458026345568,0
                144.144542646422,-35.1458078726577,0
                144.144531714252,-35.1458132164729,0
                144.144520969753,-35.1458186848998,0
                144.144510402568,-35.1458242968356,0
                144.144500002339,-35.1458300711776,0
                144.144489758709,-35.1458360268232,0
                144.144479661321,-35.1458421826697,0
                144.144469699817,-35.1458485576143,0
                144.144459863841,-35.1458551705544,0
                144.144450143035,-35.1458620403871,0
                144.144440527042,-35.1458691860098,0
                144.144431005505,-35.1458766263198,0
                144.144421568065,-35.1458843802143,0
                144.144412204367,-35.1458924665906,0
                144.144402904052,-35.145900904346,0
                144.144393656764,-35.1459097123776,0
                144.144384452145,-35.1459189095828,0
                144.14437528492,-35.145928512124,0
                144.144366539467,-35.1459383204482,0
                144.144358449213,-35.1459481971818,0
                144.144350998251,-35.1459581354269,0
                144.144344170676,-35.1459681282854,0
                144.144337950583,-35.1459781688595,0
                144.144332322066,-35.145988250251,0
                144.14432726922,-35.1459983655621,0
                144.144322776139,-35.1460085078947,0
                144.144318826917,-35.1460186703508,0
                144.14431540565,-35.1460288460323,0
                144.144312496431,-35.1460390280412,0
                144.144310083355,-35.1460492094796,0
                144.144308150516,-35.1460593834492,0
                144.14430668201,-35.1460695430521,0
                144.14430566193,-35.1460796813902,0
                144.144305074371,-35.1460897915654,0
                144.144304881736,-35.1460998822476,0
                144.144305079238,-35.1461099682744,0
                144.144305704012,-35.1461200501819,0
                144.144306793205,-35.1461301284994,0
                144.144308383966,-35.1461402037567,0
                144.144310513443,-35.1461502764834,0
                144.144313218785,-35.1461603472088,0
                144.14431653714,-35.1461704164627,0
                144.144320505657,-35.1461804847745,0
                144.144325161483,-35.1461905526738,0
                144.144330541767,-35.14620062069,0
                144.144336683658,-35.1462106893528,0
                144.144343624303,-35.1462207591914,0
                144.144351400853,-35.1462308307354,0
                144.144360050454,-35.1462409045142,0
                144.144369610255,-35.1462509810573,0
                144.144380117406,-35.1462610608938,0
                144.144391160654,-35.1462709082981,0
                144.144402260416,-35.1462802620249,0
                144.144413417569,-35.1462891196075,0
                144.144424633264,-35.1462974787253,0
                144.144435908653,-35.1463053370578,0
                144.144447244888,-35.1463126922842,0
                144.144458643121,-35.1463195420841,0
                144.144470104503,-35.1463258841368,0
                144.144481630187,-35.1463317161218,0
                144.144493221324,-35.1463370357184,0
                144.144504879066,-35.146341840606,0
                144.144516604564,-35.146346128464,0
                144.14452839897,-35.1463498969719,0
                144.144540263436,-35.146353143809,0
                144.144552199115,-35.1463558666547,0
                144.144564207156,-35.1463580631885,0
                144.144576288713,-35.1463597310897,0
                144.144588444937,-35.1463608680377,0
                144.144600676979,-35.1463614717118,0
                144.144612985992,-35.1463615397916,0
                144.144625373149,-35.1463610699582,0
                144.144637848928,-35.1463600693997,0
                144.144650407598,-35.1463585762196,0
                144.14466302903,-35.1463566347563,0
                144.144675693096,-35.146354289348,0
                144.144688379666,-35.1463515843328,0
                144.144701068611,-35.1463485640491,0
                144.144713739801,-35.1463452728351,0
                144.144726373108,-35.1463417550291,0
                144.144738948402,-35.1463380549694,0
                144.144751445554,-35.1463342169943,0
                144.144763844436,-35.146330285442,0
                144.144776094513,-35.1463261857267,0
                144.144788122404,-35.1463216690597,0
                144.14479995367,-35.1463167912078,0
                144.144811618455,-35.1463116238637,0
                144.144823146901,-35.14630623872,0
                144.144834569152,-35.1463007074696,0
                144.144845915352,-35.1462951018051,0
                144.144857215644,-35.1462894934192,0
                144.14486850017,-35.1462839540046,0
                144.144879799076,-35.146278555254,0
                144.144891142503,-35.1462733688599,0
                144.144902560597,-35.1462684665151,0
                144.144914083499,-35.1462639199122,0
                144.144925741355,-35.1462598007438,0
                144.144937564307,-35.1462561807026,0
                144.144949667978,-35.1462531842963,0
                144.144962184881,-35.1462509288196,0
                144.144975047259,-35.1462493939939,0
                144.144988183256,-35.1462485568567,0
                144.145001521018,-35.1462483944456,0
                144.145014988691,-35.1462488837982,0
                144.14502851442,-35.1462500019521,0
                144.145042026351,-35.146251725945,0
                144.145055452628,-35.1462540328146,0
                144.145068721399,-35.1462568995985,0
                144.145081760807,-35.1462603033345,0
                144.145094498998,-35.1462642210604,0
                144.145106864119,-35.146268629814,0
                144.145118784313,-35.1462735066331,0
                144.145130152216,-35.1462789186634,0
                144.145140909577,-35.1462849909763,0
                144.145151147116,-35.1462916267866,0
                144.145160959214,-35.1462987224878,0
                144.145170440253,-35.1463061744734,0
                144.145179684614,-35.1463138791368,0
                144.145188786678,-35.1463217328714,0
                144.145197840827,-35.1463296320706,0
                144.145206941441,-35.1463374731276,0
                144.145216182904,-35.1463451524359,0
                144.145225659595,-35.1463525663887,0
                144.145235465896,-35.1463596113793,0
                144.145245696188,-35.1463661838009,0
                144.145256444853,-35.1463721800465,0
                144.145267792954,-35.1463775111265,0
                144.145279361574,-35.1463825923082,0
                144.145290941995,-35.1463876505202,0
                144.145302536607,-35.1463926807397,0
                144.145314147804,-35.1463976779443,0
                144.145325777979,-35.1464026371112,0
                144.145337429524,-35.1464075532178,0
                144.145349104831,-35.1464124212416,0
                144.145360806293,-35.1464172361598,0
                144.145372536303,-35.1464219929499,0
                144.145384297253,-35.1464266865891,0
                144.145396091536,-35.146431312055,0
                144.145407921545,-35.1464358643247,0
                144.145419789671,-35.1464403383758,0
                144.145431698307,-35.1464447291855,0
                144.145443649847,-35.1464490317313,0
                144.145455646682,-35.1464532409904,0
                144.145467691206,-35.1464573519403,0
                144.14547978581,-35.1464613595583,0
                144.145491932887,-35.1464652588217,0
                144.14550413483,-35.1464690447079,0
                144.145516394031,-35.1464727121943,0
                144.145528712883,-35.1464762562583,0
                144.145541093779,-35.146479671877,0
                144.14555353911,-35.1464829540281,0
                144.14556605127,-35.1464860976886,0
                144.14557863265,-35.1464890978361,0
                144.145591285644,-35.1464919494479,0
                144.145604012644,-35.1464946475012,0
                144.145616816043,-35.1464971869736,0
                144.145629697234,-35.1464995645142,0
                144.145642610382,-35.1465018557175,0
                144.145655529382,-35.1465041025475,0
                144.145668454021,-35.1465063034887,0
                144.145681384083,-35.1465084570254,0
                144.145694319354,-35.1465105616422,0
                144.14570725962,-35.1465126158233,0
                144.145720204667,-35.1465146180534,0
                144.145733154279,-35.1465165668168,0
                144.145746108244,-35.1465184605979,0
                144.145759066345,-35.1465202978812,0
                144.14577202837,-35.1465220771511,0
                144.145784994102,-35.146523796892,0
                144.145797963329,-35.1465254555885,0
                144.145810935835,-35.1465270517248,0
                144.145823911407,-35.1465285837855,0
                144.145836889829,-35.146530050255,0
                144.145849870887,-35.1465314496177,0
                144.145862854368,-35.146532780358,0
                144.145875840056,-35.1465340409604,0
                144.145888827737,-35.1465352299094,0
                144.145901817196,-35.1465363456893,0
                144.14591480822,-35.1465373867846,0
                144.145927800593,-35.1465383516797,0
                144.145940794102,-35.146539238859,0
                144.145953788532,-35.1465400468071,0
                144.145966783668,-35.1465407740083,0
                144.145979779297,-35.146541418947,0
                144.145992775203,-35.1465419801078,0
                144.146005771172,-35.1465424559749,0
                144.14601876699,-35.1465428450329,0
                144.146031762442,-35.1465431457663,0
                144.146044757314,-35.1465433566594,0
                144.146057751392,-35.1465434761966,0
                144.146070744461,-35.1465435028624,0
                144.146083736306,-35.1465434351413,0
                144.146096726714,-35.1465432715177,0
                144.146109715469,-35.1465430104759,0
                144.146122702358,-35.1465426505006,0
                144.146135687165,-35.146542190076,0
                144.14614867035,-35.1465416443107,0
                144.146161653787,-35.1465410619391,0
                144.146174637599,-35.1465404470349,0
                144.146187621783,-35.1465398004915,0
                144.146200606334,-35.1465391232024,0
                144.146213591248,-35.146538416061,0
                144.146226576521,-35.1465376799608,0
                144.14623956215,-35.1465369157952,0
                144.146252548131,-35.1465361244578,0
                144.146265534459,-35.1465353068419,0
                144.146278521131,-35.1465344638411,0
                144.146291508143,-35.1465335963487,0
                144.146304495491,-35.1465327052583,0
                144.146317483171,-35.1465317914632,0
                144.146330471178,-35.146530855857,0
                144.14634345951,-35.1465298993332,0
                144.146356448162,-35.1465289227851,0
                144.146369437131,-35.1465279271063,0
                144.146382426411,-35.1465269131901,0
                144.146395416,-35.1465258819301,0
                144.146408405894,-35.1465248342197,0
                144.146421396088,-35.1465237709524,0
                144.146434386579,-35.1465226930216,0
                144.146447377362,-35.1465216013208,0
                144.146460368435,-35.1465204967435,0
                144.146473359792,-35.146519380183,0
                144.14648635143,-35.1465182525329,0
                144.146499343345,-35.1465171146867,0
                144.146512335534,-35.1465159675377,0
                144.146525327992,-35.1465148119795,0
                144.146538320715,-35.1465136489055,0
                144.146551313699,-35.1465124792091,0
                144.146564306941,-35.1465113037839,0
                144.146577300437,-35.1465101235232,0
                144.146590294182,-35.1465089393206,0
                144.146603287104,-35.1465077528084,0
                144.14661627302,-35.1465065681126,0
                144.146629251074,-35.1465053840742,0
                144.146642221433,-35.1465041987172,0
                144.146655184263,-35.1465030100655,0
                144.146668139728,-35.1465018161431,0
                144.146681087994,-35.1465006149739,0
                144.146694029227,-35.1464994045818,0
                144.146706963594,-35.1464981829909,0
                144.146719891258,-35.146496948225,0
                144.146732812387,-35.1464956983081,0
                144.146745727145,-35.1464944312641,0
                144.146758635698,-35.1464931451171,0
                144.146771538213,-35.1464918378909,0
                144.146784434854,-35.1464905076095,0
                144.146797325787,-35.1464891522969,0
                144.146810211178,-35.1464877699769,0
                144.146823091192,-35.1464863586736,0
                144.146835965996,-35.1464849164108,0
                144.146848835754,-35.1464834412126,0
                144.146861700633,-35.1464819311028,0
                144.146874560797,-35.1464803841055,0
                144.146887416413,-35.1464787982446,0
                144.146900267647,-35.1464771715439,0
                144.146913114663,-35.1464755020275,0
                144.146925957627,-35.1464737877193,0
                144.146938796706,-35.1464720266433,0
                144.146951632065,-35.1464702168234,0
                144.146964463868,-35.1464683562835,0
                144.146977292283,-35.1464664430476,0
                144.146990117474,-35.1464644751396,0
                144.147002939608,-35.1464624505834,0
                144.147015758849,-35.1464603674032,0
                144.147028575363,-35.1464582236226,0
                144.147041389317,-35.1464560172658,0
                144.147054200875,-35.1464537463567,0
                144.147067010204,-35.1464514089191,0
                144.147079817468,-35.1464490029771,0
                144.147092622834,-35.1464465265545,0
                144.147105426466,-35.1464439776754,0
                144.147118228532,-35.1464413543637,0
                144.147131029195,-35.1464386546433,0
                144.147143828623,-35.1464358765381,0
                144.147156626567,-35.1464330174057,0
                144.147169350101,-35.1464299593881,0
                144.147181944525,-35.146426621338,0
                144.1471944085,-35.1464230098152,0
                144.14720674069,-35.1464191313797,0
                144.147218939758,-35.1464149925916,0
                144.147231004368,-35.1464106000107,0
                144.147242933182,-35.1464059601971,0
                144.147254724864,-35.1464010797106,0
                144.147266378075,-35.1463959651113,0
                144.147277891481,-35.1463906229592,0
                144.147289263743,-35.1463850598141,0
                144.147300493526,-35.1463792822362,0
                144.147311579491,-35.1463732967852,0
                144.147322520303,-35.1463671100213,0
                144.147333314624,-35.1463607285044,0
                144.147343961117,-35.1463541587943,0
                144.147354458447,-35.1463474074512,0
                144.147364805275,-35.146340481035,0
                144.147375000265,-35.1463333861056,0
                144.14738504208,-35.1463261292231,0
                144.147394929384,-35.1463187169473,0
                144.147404660839,-35.1463111558383,0
                144.147414235109,-35.146303452456,0
                144.147423650857,-35.1462956133605,0
                144.147432906747,-35.1462876451116,0
                144.147442001441,-35.1462795542693,0
                144.147450933602,-35.1462713473937,0
                144.147459701894,-35.1462630310446,0
                144.147468304981,-35.1462546117821,0
                144.147476741525,-35.1462460961661,0
                144.147485010189,-35.1462374907566,0
                144.147493109637,-35.1462288021135,0
                144.147501038532,-35.1462200367969,0
                144.147508795538,-35.1462112013666,0
                144.147516381136,-35.146202303235,0
                144.147523873174,-35.1461933840181,0
                144.147531313796,-35.1461844627661,0
                144.147538703322,-35.1461755379209,0
                144.147546042072,-35.1461666079243,0
                144.147553330366,-35.1461576712181,0
                144.147560568525,-35.146148726244,0
                144.147567756867,-35.146139771444,0
                144.147574895713,-35.1461308052597,0
                144.147581985384,-35.1461218261331,0
                144.147589026198,-35.1461128325058,0
                144.147596018476,-35.1461038228198,0
                144.147602962537,-35.1460947955168,0
                144.147609858703,-35.1460857490385,0
                144.147616707292,-35.146076681827,0
                144.147623508625,-35.1460675923238,0
                144.147630263022,-35.1460584789708,0
                144.147636970802,-35.1460493402099,0
                144.147643632286,-35.1460401744828,0
                144.147650247793,-35.1460309802313,0
                144.147656817644,-35.1460217558973,0
                144.147663342158,-35.1460124999225,0
                144.147669821656,-35.1460032107487,0
              </coordinates>
            </LinearRing>
          </outerBoundaryIs>
        </Polygon>
      </Placemark>
      <Placemark>
        <ExtendedData>
          <SchemaData schemaUrl="#aboriginal_heritage_poly">
            <SimpleData name="type">mound</SimpleData>
            <SimpleData name="text">Earth Mound</SimpleData>
          </SchemaData>
        </ExtendedData>
      </Placemark>
      <Placemark>
        <ExtendedData>
          <SchemaData schemaUrl="#aboriginal_heritage_poly">
            <SimpleData name="type">mound</SimpleData>
            <SimpleData name="text">Earth Mound</SimpleData>
          </SchemaData>
        </ExtendedData>
      </Placemark>
      <Placemark>
        <ExtendedData>
          <SchemaData schemaUrl="#aboriginal_heritage_poly">
            <SimpleData name="type">deposit</SimpleData>
            <SimpleData name="text">Earth Mound</SimpleData>
          </SchemaData>
        </ExtendedData>
      </Placemark>
    </Folder>
    <Document id="aboriginal_heritageno_camping">
      <name>aboriginal_heritageno_camping</name>
      <Placemark id="aboriginal_heritageno_camping.1">
        <ExtendedData>
          <SchemaData schemaUrl="#aboriginal_heritageno_camping.schema">
            <SimpleData name="fid">194</SimpleData>
            <SimpleData name="type">mound</SimpleData>
            <SimpleData name="text">Earth Mound</SimpleData>
          </SchemaData>
        </ExtendedData>
        <Polygon>
          <outerBoundaryIs>
            <LinearRing>
              <coordinates>
                144.145554661586,-35.1405707472948,0
                144.145545978112,-35.1405607532721,0
                144.145537171045,-35.1405508378221,0
                144.145528247294,-35.1405409964724,0
                144.14551921377,-35.1405312247504,0
                144.145510077384,-35.1405215181837,0
                144.145500845045,-35.1405118723,0
                144.145491523666,-35.1405022826267,0
                144.145482120155,-35.1404927446913,0
                144.145472641424,-35.1404832540216,0
                144.145463094382,-35.1404738061449,0
                144.14545348594,-35.140464396589,0
                144.145443823009,-35.1404550208813,0
                144.145434112499,-35.1404456745494,0
                144.145424361321,-35.1404363531209,0
                144.145414576384,-35.1404270521234,0
                144.145404764599,-35.1404177670844,0
                144.145394932878,-35.1404084935315,0
                144.145385088129,-35.1403992269924,0
                144.145375237263,-35.1403899629944,0
                144.145365387192,-35.1403806970654,0
                144.145355544825,-35.1403714247328,0
                144.145345717072,-35.1403621415242,0
                144.145335910845,-35.1403528429672,0
                144.145326133053,-35.1403435245895,0
                144.14531638878,-35.1403341833448,0
                144.145306660917,-35.1403248331309,0
                144.145296941051,-35.1403154802769,0
                144.145287226005,-35.1403061269381,0
                144.145277512604,-35.1402967752702,0
                144.14526779767,-35.1402874274286,0
                144.145258078027,-35.140278085569,0
                144.145248350498,-35.1402687518468,0
                144.145238611907,-35.1402594284176,0
                144.145228859077,-35.1402501174368,0
                144.145219088832,-35.1402408210601,0
                144.145209297994,-35.1402315414429,0
                144.145199483388,-35.1402222807408,0
                144.145189641837,-35.1402130411093,0
                144.145179770163,-35.1402038247039,0
                144.145169865192,-35.1401946336802,0
                144.145159923745,-35.1401854701935,0
                144.145149942647,-35.1401763363996,0
                144.14513991872,-35.1401672344539,0
                144.145129848789,-35.1401581665118,0
                144.145119729676,-35.140149134729,0
                144.145109558205,-35.1401401412609,0
                144.1450993312,-35.1401311882631,0
                144.145089045484,-35.140122277891,0
                144.14507869788,-35.1401134123002,0
                144.145068285211,-35.1401045936462,0
                144.145057804302,-35.1400958240844,0
                144.145047251975,-35.1400871057705,0
                144.145036625054,-35.1400784408599,0
                144.145025920362,-35.1400698315081,0
                144.145015134723,-35.1400612798706,0
                144.145004264961,-35.1400527881029,0
                144.144993307898,-35.1400443583605,0
                144.144982260513,-35.1400359927912,0
                144.14497114208,-35.1400276916958,0
                144.144959968655,-35.1400194530861,0
                144.144948741735,-35.1400112751941,0
                144.144937462818,-35.1400031562519,0
                144.144926133401,-35.1399950944916,0
                144.14491475498,-35.1399870881451,0
                144.144903329054,-35.1399791354445,0
                144.144891857118,-35.1399712346218,0
                144.144880340669,-35.1399633839091,0
                144.144868781206,-35.1399555815385,0
                144.144857180225,-35.1399478257419,0
                144.144845539222,-35.1399401147515,0
                144.144833859696,-35.1399324467992,0
                144.144822143142,-35.1399248201171,0
                144.144810391059,-35.1399172329373,0
                144.144798604942,-35.1399096834917,0
                144.14478678629,-35.1399021700125,0
                144.144774936599,-35.1398946907317,0
                144.144763057366,-35.1398872438813,0
                144.144751150088,-35.1398798276933,0
                144.144739216263,-35.1398724404,0
                144.144727257387,-35.1398650802331,0
                144.144715274957,-35.1398577454249,0
                144.144703270471,-35.1398504342074,0
                144.144691245425,-35.1398431448127,0
                144.144679201317,-35.1398358754726,0
                144.144667139643,-35.1398286244195,0
                144.144655061901,-35.1398213898852,0
                144.144642969587,-35.1398141701018,0
                144.144630864199,-35.1398069633014,0
                144.144618747234,-35.1397997677161,0
                144.144606620189,-35.1397925815779,0
                144.14459448456,-35.1397854031188,0
                144.144582341845,-35.1397782305709,0
                144.144570193541,-35.1397710621663,0
                144.144558041123,-35.1397638971754,0
                144.144545885336,-35.1397567382334,0
                144.144533726201,-35.1397495854437,0
                144.144521563713,-35.1397424386169,0
                144.144509397866,-35.1397352975638,0
                144.144497228656,-35.1397281620952,0
                144.144485056078,-35.1397210320218,0
                144.144472880127,-35.1397139071543,0
                144.144460700799,-35.1397067873035,0
                144.144448518087,-35.1396996722801,0
                144.144436331988,-35.1396925618948,0
                144.144424142497,-35.1396854559584,0
                144.144411949608,-35.1396783542816,0
                144.144399753317,-35.1396712566751,0
                144.144387553618,-35.1396641629497,0
                144.144375350507,-35.1396570729162,0
                144.14436314398,-35.1396499863852,0
                144.14435093403,-35.1396429031675,0
                144.144338720653,-35.1396358230738,0
                144.144326503845,-35.1396287459149,0
                144.1443142836,-35.1396216715015,0
                144.144302059913,-35.1396145996443,0
                144.14428983278,-35.1396075301542,0
                144.144277602196,-35.1396004628417,0
                144.144265368155,-35.1395933975177,0
                144.144253130653,-35.1395863339928,0
                144.144240889771,-35.1395792722409,0
                144.144228646207,-35.1395722165868,0
                144.144216396969,-35.1395651720742,0
                144.144204137986,-35.139558142791,0
                144.144191865186,-35.1395511328255,0
                144.144179574495,-35.1395441462658,0
                144.144167261843,-35.1395371871999,0
                144.144154923156,-35.1395302597159,0
                144.144142554363,-35.1395233679021,0
                144.144130151391,-35.1395165158463,0
                144.144117710168,-35.1395097076369,0
                144.144105226622,-35.1395029473617,0
                144.144092696681,-35.139496239109,0
                144.144080116272,-35.1394895869669,0
                144.144067481324,-35.1394829950233,0
                144.144054744283,-35.1394765467424,0
                144.14404170489,-35.1394706067872,0
                144.14402837526,-35.1394651555332,0
                144.144014798223,-35.1394601174897,0
                144.144001016607,-35.1394554171663,0
                144.143987073241,-35.1394509790725,0
                144.143973010956,-35.1394467277177,0
                144.14395887258,-35.1394425876116,0
                144.143944700944,-35.1394384832637,0
                144.143930538876,-35.1394343391835,0
                144.143916429205,-35.1394300798807,0
                144.143902414763,-35.139425629865,0
                144.143888538377,-35.139420913646,0
                144.143874825528,-35.139415891046,0
                144.143861198458,-35.1394107279894,0
                144.143847641134,-35.1394054584922,0
                144.14383415317,-35.139400084281,0
                144.143820734178,-35.1393946070824,0
                144.143807383772,-35.1393890286226,0
                144.143794101564,-35.1393833506284,0
                144.143780887167,-35.1393775748261,0
                144.143767740194,-35.1393717029423,0
                144.143754660257,-35.1393657367035,0
                144.143741646969,-35.1393596778362,0
                144.143728699944,-35.1393535280669,0
                144.143715818794,-35.139347289122,0
                144.143703003131,-35.1393409627281,0
                144.143690252568,-35.1393345506117,0
                144.143677566719,-35.1393280544993,0
                144.143664945196,-35.1393214761173,0
                144.143652387612,-35.1393148171924,0
                144.143639893657,-35.1393080794111,0
                144.143628514046,-35.1393007224807,0
                144.143619128638,-35.1392922902161,0
                144.143611534864,-35.1392828826551,0
                144.143605530157,-35.1392725998352,0
                144.143600911946,-35.1392615417938,0
                144.143597477664,-35.1392498085683,0
                144.143595024743,-35.1392375001959,0
                144.143593350615,-35.139224716714,0
                144.14359225271,-35.1392115581596,0
                144.143591528462,-35.1391981245701,0
                144.143590975301,-35.1391845159827,0
                144.143590390661,-35.1391708324344,0
                144.143589571973,-35.1391571739627,0
                144.14358831667,-35.1391436406046,0
                144.143586422185,-35.1391303323974,0
                144.14358368595,-35.1391173493783,0
                144.143579905397,-35.1391047915844,0
                144.143574877961,-35.1390927590528,0
                144.143568401073,-35.1390813518206,0
                144.143560272167,-35.1390706699249,0
                144.143550288676,-35.1390608134023,0
                144.143538788649,-35.1390514839349,0
                144.143526497585,-35.1390422185809,0
                144.143513506736,-35.1390330987964,0
                144.143499902805,-35.1390242096374,0
                144.143485772499,-35.1390156361597,0
                144.143471202522,-35.1390074634194,0
                144.14345627958,-35.1389997764724,0
                144.143441090377,-35.1389926603748,0
                144.143425721619,-35.1389862001826,0
                144.143410260009,-35.138980480952,0
                144.143394792253,-35.138975587739,0
                144.143379405055,-35.1389716055999,0
                144.143364185119,-35.1389686195909,0
                144.14334921915,-35.1389667147682,0
                144.143334593851,-35.1389659761881,0
                144.143320395928,-35.1389664889071,0
                144.143306712085,-35.1389683379814,0
                144.143293629025,-35.1389716084674,0
                144.143281233453,-35.1389763854216,0
                144.143269558256,-35.138982656431,0
                144.143258105654,-35.1389894689236,0
                144.143246730567,-35.1389965501247,0
                144.143235428614,-35.1390038863703,0
                144.143224195416,-35.1390114639965,0
                144.143213026593,-35.1390192693394,0
                144.143201917766,-35.1390272887352,0
                144.143190864555,-35.1390355085198,0
                144.143179862582,-35.1390439150293,0
                144.143168907466,-35.1390524945998,0
                144.143157994828,-35.1390612335675,0
                144.143147120289,-35.1390701182682,0
                144.143136279468,-35.1390791350382,0
                144.143125467988,-35.1390882702135,0
                144.143114681468,-35.1390975101302,0
                144.143103915529,-35.1391068411243,0
                144.143093166202,-35.1391162429687,0
                144.143082436057,-35.1391256588323,0
                144.143071731968,-35.1391350790109,0
                144.143061060761,-35.1391445042392,0
                144.143050429265,-35.1391539352519,0
                144.143039844306,-35.1391633727835,0
                144.143029312712,-35.1391728175687,0
                144.143018841311,-35.1391822703421,0
                144.143008436929,-35.1391917318385,0
                144.142998106394,-35.1392012027923,0
                144.142987856535,-35.1392106839384,0
                144.142977694177,-35.1392201760113,0
                144.142967626149,-35.1392296797457,0
                144.142957659277,-35.1392391958762,0
                144.142947800391,-35.1392487251375,0
                144.142938056316,-35.1392582682643,0
                144.14292843388,-35.1392678259912,0
                144.142918939912,-35.1392773990529,0
                144.142909581237,-35.139286988184,0
                144.142900364685,-35.1392965941193,0
                144.142891297081,-35.1393062175933,0
                144.142882385254,-35.1393158593408,0
                144.142873636032,-35.1393255200964,0
                144.142865056241,-35.1393352005949,0
                144.142856652709,-35.1393449015708,0
                144.142848432263,-35.1393546237588,0
                144.142840401732,-35.1393643678937,0
                144.142832567942,-35.1393741347101,0
                144.142824937721,-35.1393839249427,0
                144.142817517897,-35.1393937393261,0
                144.142810315296,-35.1394035785951,0
                144.142803336748,-35.1394134434844,0
                144.142796814384,-35.1394234067025,0
                144.142791455358,-35.1394336866343,0
                144.142787277498,-35.1394442747283,0
                144.142784243799,-35.1394551446822,0
                144.142782317259,-35.1394662701938,0
                144.142781460874,-35.1394776249607,0
                144.142781637641,-35.1394891826806,0
                144.142782810555,-35.139500917051,0
                144.142784942615,-35.1395128017696,0
                144.142787996815,-35.1395248105339,0
                144.142791936153,-35.1395369170414,0
                144.142796723624,-35.1395490949898,0
                144.142802322226,-35.1395613180764,0
                144.142808694955,-35.1395735599989,0
                144.142815804807,-35.1395857944548,0
                144.142823614779,-35.1395979951414,0
                144.142832087867,-35.1396101357564,0
                144.142841187067,-35.1396221899971,0
                144.142850875375,-35.1396341315611,0
                144.142861115788,-35.1396459341459,0
                144.142871871302,-35.1396575714489,0
                144.142883104912,-35.1396690171677,0
                144.142894779616,-35.1396802449997,0
                144.142906858409,-35.1396912286425,0
                144.142919304287,-35.1397019417936,0
                144.142932080247,-35.1397123581504,0
                144.142945134977,-35.1397224543504,0
                144.142958261276,-35.1397322496121,0
                144.142971402982,-35.1397417543529,0
                144.14298456191,-35.1397509696643,0
                144.142997739871,-35.1397598966378,0
                144.143010938679,-35.1397685363652,0
                144.143024160146,-35.1397768899379,0
                144.143037406086,-35.1397849584476,0
                144.143050678311,-35.1397927429858,0
                144.143063978634,-35.1398002446442,0
                144.143077308867,-35.1398074645144,0
                144.143090670824,-35.1398144036879,0
                144.143104066317,-35.1398210632563,0
                144.14311749716,-35.1398274443112,0
                144.143130965164,-35.1398335479443,0
                144.143144472143,-35.139839375247,0
                144.143158019909,-35.1398449273111,0
                144.143171610276,-35.139850205228,0
                144.143185245056,-35.1398552100893,0
                144.143198926062,-35.1398599429867,0
                144.143212655107,-35.1398644050117,0
                144.143226434004,-35.1398685972559,0
                144.143240264565,-35.1398725208109,0
                144.143254148603,-35.1398761767682,0
                144.143268087931,-35.1398795662195,0
                144.143282084362,-35.1398826902563,0
                144.143296139709,-35.1398855499703,0
                144.143310255784,-35.1398881464528,0
                144.1433244344,-35.1398904807957,0
                144.143338677371,-35.1398925540903,0
                144.143352986509,-35.1398943674284,0
                144.143367363626,-35.1398959219014,0
                144.143381810536,-35.139897218601,0
                144.143396329051,-35.1398982586187,0
                144.143410920984,-35.1398990430461,0
                144.143425588148,-35.1398995729747,0
                144.143440332356,-35.1398998494961,0
                144.143455155421,-35.139899873702,0
                144.143470059154,-35.1398996466837,0
                144.143815409166,-35.1398915058167,0
                144.143889249199,-35.1399000944096,0
                144.143901978632,-35.139901820854,0
                144.143914509011,-35.1399040021356,0
                144.143926848531,-35.139906618661,0
                144.143939005385,-35.1399096508373,0
                144.14395098777,-35.1399130790711,0
                144.143962803878,-35.1399168837693,0
                144.143974461904,-35.1399210453389,0
                144.143985970043,-35.1399255441864,0
                144.143997336488,-35.1399303607189,0
                144.144008569435,-35.139935475343,0
                144.144019677076,-35.1399408684657,0
                144.144030667607,-35.1399465204936,0
                144.144041549222,-35.1399524118337,0
                144.144052330114,-35.1399585228926,0
                144.144063018479,-35.1399648340772,0
                144.14407362251,-35.1399713257943,0
                144.144084150401,-35.1399779784507,0
                144.144094610347,-35.1399847724531,0
                144.144105010542,-35.1399916882082,0
                144.14411535918,-35.139998706123,0
                144.144125664455,-35.1400058066041,0
                144.144135934562,-35.1400129700583,0
                144.144146177694,-35.1400201768925,0
                144.144156402046,-35.1400274075132,0
                144.144166615811,-35.1400346423274,0
                144.144176827184,-35.1400418617417,0
                144.14418704436,-35.1400490461629,0
                144.144197275531,-35.1400561759978,0
                144.144207528893,-35.1400632316531,0
                144.14421781264,-35.1400701935355,0
                144.144228134964,-35.1400770420519,0
                144.144238504062,-35.1400837576088,0
                144.144248890735,-35.1400903812596,0
                144.144259241583,-35.1400969985599,0
                144.144269555927,-35.1401036131102,0
                144.144279833656,-35.1401102276107,0
                144.144290074655,-35.1401168447616,0
                144.144300278812,-35.1401234672632,0
                144.144310446015,-35.1401300978157,0
                144.144320576151,-35.1401367391194,0
                144.144330669108,-35.1401433938746,0
                144.144340724772,-35.1401500647814,0
                144.144350743031,-35.1401567545401,0
                144.144360723772,-35.140163465851,0
                144.144370666883,-35.1401702014142,0
                144.144380572252,-35.1401769639301,0
                144.144390439764,-35.1401837560989,0
                144.144400269308,-35.1401905806208,0
                144.144410060771,-35.1401974401962,0
                144.144419814041,-35.1402043375251,0
                144.144429529004,-35.1402112753079,0
                144.144439205549,-35.1402182562448,0
                144.144448843561,-35.140225283036,0
                144.14445844293,-35.1402323583819,0
                144.144468003542,-35.1402394849826,0
                144.144477525284,-35.1402466655385,0
                144.144487008044,-35.1402539027496,0
                144.144496451709,-35.1402611993163,0
                144.144505856167,-35.1402685579389,0
                144.144515221305,-35.1402759813175,0
                144.14452454701,-35.1402834721524,0
                144.144533833169,-35.140291033144,0
                144.144543079671,-35.1402986669923,0
                144.144552286402,-35.1403063763977,0
                144.14456144643,-35.1403141618736,0
                144.144570468139,-35.1403219958684,0
                144.144579327684,-35.14032987059,0
                144.144588031374,-35.140337787678,0
                144.144596585519,-35.1403457487717,0
                144.144604996428,-35.1403537555109,0
                144.14461327041,-35.1403618095349,0
                144.144621413775,-35.1403699124832,0
                144.144629432832,-35.1403780659954,0
                144.144637333891,-35.140386271711,0
                144.14464512326,-35.1403945312694,0
                144.14465280725,-35.1404028463102,0
                144.14466039217,-35.1404112184728,0
                144.144667884329,-35.1404196493967,0
                144.144675290037,-35.1404281407215,0
                144.144682615602,-35.1404366940865,0
                144.144689867335,-35.1404453111314,0
                144.144697051545,-35.1404539934955,0
                144.144704174541,-35.1404627428184,0
                144.144711242632,-35.1404715607395,0
                144.144718262129,-35.1404804488984,0
                144.14472523934,-35.1404894089344,0
                144.144732180576,-35.1404984424871,0
                144.144739092144,-35.140507551196,0
                144.144745980356,-35.1405167367005,0
                144.144752851519,-35.1405260006401,0
                144.144759711945,-35.1405353446543,0
                144.144766567942,-35.1405447703825,0
                144.144773425819,-35.1405542794642,0
                144.144780291886,-35.140563873539,0
                144.144787172453,-35.1405735542461,0
                144.144794073553,-35.1405833222905,0
                144.144800977544,-35.1405931338132,0
                144.144807841693,-35.1406029638077,0
                144.144814625089,-35.1406128118576,0
                144.144821286819,-35.1406226775468,0
                144.144827785971,-35.1406325604588,0
                144.144834081635,-35.1406424601773,0
                144.144840132897,-35.1406523762862,0
                144.144845898846,-35.1406623083689,0
                144.14485133857,-35.1406722560094,0
                144.144856411157,-35.1406822187912,0
                144.144861075695,-35.1406921962981,0
                144.144865291271,-35.1407021881139,0
                144.144869016975,-35.1407121938222,0
                144.144872211892,-35.1407222130068,0
                144.144874835113,-35.1407322452514,0
                144.144876845724,-35.1407422901396,0
                144.144878202812,-35.1407523472553,0
                144.144878865468,-35.140762416182,0
                144.144878753797,-35.140772490838,0
                144.14487762722,-35.1407825361941,0
                144.144875542772,-35.1407925514261,0
                144.144872610422,-35.1408025427105,0
                144.144868940145,-35.1408125162235,0
                144.14486464191,-35.1408224781416,0
                144.144859825692,-35.1408324346412,0
                144.144854601461,-35.1408423918986,0
                144.14484907919,-35.1408523560902,0
                144.144843368851,-35.1408623333924,0
                144.144837580417,-35.1408723299817,0
                144.144831823859,-35.1408823520346,0
                144.14482620915,-35.1408924057275,0
                144.144820846263,-35.1409024972369,0
                144.144815845169,-35.1409126327394,0
                144.144811315843,-35.1409228184116,0
                144.144807368255,-35.1409330604299,0
                144.144804112379,-35.140943364971,0
                144.144801525312,-35.1409537317639,0
                144.144799050648,-35.1409641333405,0
                144.144796617162,-35.1409745639735,0
                144.144794229831,-35.1409850215308,0
                144.14479189363,-35.1409955038804,0
                144.144789613532,-35.1410060088904,0
                144.144787394514,-35.1410165344288,0
                144.144785241551,-35.1410270783636,0
                144.144783159617,-35.141037638563,0
                144.144781153687,-35.1410482128948,0
                144.144779228737,-35.1410587992271,0
                144.144777389741,-35.141069395428,0
                144.144775641675,-35.1410799993654,0
                144.144773989514,-35.1410906089075,0
                144.144772438232,-35.1411012219222,0
                144.144770992805,-35.1411118362776,0
                144.144769658208,-35.1411224498417,0
                144.144768439415,-35.1411330604825,0
                144.144767341402,-35.1411436660681,0
                144.144766369144,-35.1411542644664,0
                144.144765527617,-35.1411648535456,0
                144.144764821794,-35.1411754311737,0
                144.144764256651,-35.1411859952186,0
                144.144763903637,-35.1411965410801,0
                144.144763885438,-35.1412070646587,0
                144.144764206193,-35.1412175680941,0
                144.144764867617,-35.1412280536346,0
                144.144765871424,-35.1412385235285,0
                144.144767219328,-35.1412489800239,0
                144.144768913042,-35.1412594253689,0
                144.144770954279,-35.1412698618119,0
                144.144773344755,-35.1412802916009,0
                144.144776086183,-35.1412907169842,0
                144.144779180276,-35.14130114021,0
                144.144782628748,-35.1413115635263,0
                144.144786433314,-35.1413219891815,0
                144.144790595686,-35.1413324194236,0
                144.14479511758,-35.1413428565009,0
                144.144800000708,-35.1413533026615,0
                144.144805246754,-35.1413637601786,0
                144.14481073782,-35.1413743247767,0
                144.144816369645,-35.1413850555529,0
                144.144822153281,-35.1413959091044,0
                144.144828099777,-35.1414068420288,0
                144.144834220187,-35.1414178109234,0
                144.14484052556,-35.1414287723856,0
                144.144847026949,-35.1414396830127,0
                144.144853735403,-35.1414504994022,0
                144.144860661976,-35.1414611781514,0
                144.144867817717,-35.1414716758577,0
                144.144875213678,-35.1414819491185,0
                144.144882860911,-35.1414919545311,0
                144.144890770465,-35.1415016486928,0
                144.144898953393,-35.1415109882011,0
                144.144907420746,-35.1415199296532,0
                144.144916183575,-35.1415284296465,0
                144.14492525293,-35.1415364447784,0
                144.144934639863,-35.141543931646,0
                144.144944355426,-35.1415508468469,0
                144.144954410668,-35.1415571469783,0
                144.144964816641,-35.1415627886374,0
                144.144975584396,-35.1415677284216,0
                144.144986724983,-35.1415719229282,0
                144.144998249455,-35.1415753287545,0
                144.145010168861,-35.1415779024976,0
                144.145022494252,-35.1415796007549,0
                144.145035236679,-35.1415803801236,0
                144.145376246793,-35.1415884203104,0
                144.145384029573,-35.1415887486568,0
                144.145391723645,-35.1415893567086,0
                144.145399332875,-35.1415902326776,0
                144.145406861127,-35.141591364775,0
                144.145414312264,-35.1415927412123,0
                144.145421690152,-35.1415943502011,0
                144.145428998654,-35.1415961799527,0
                144.145436241636,-35.1415982186787,0
                144.14544342296,-35.1416004545905,0
                144.145450546492,-35.1416028758995,0
                144.145457616095,-35.1416054708171,0
                144.145464635635,-35.141608227555,0
                144.145471608974,-35.1416111343244,0
                144.145478539978,-35.1416141793368,0
                144.145485432511,-35.1416173508038,0
                144.145492290437,-35.1416206369367,0
                144.14549911762,-35.141624025947,0
                144.145505917924,-35.1416275060461,0
                144.145512695215,-35.1416310654455,0
                144.145519453355,-35.1416346923566,0
                144.145526196209,-35.1416383749909,0
                144.145532927641,-35.1416421015598,0
                144.145539651517,-35.1416458602747,0
                144.145546371699,-35.1416496393471,0
                144.145553092052,-35.1416534269885,0
                144.14555981644,-35.1416572114102,0
                144.145566548728,-35.1416609808237,0
                144.145573292779,-35.1416647234404,0
                144.145580052459,-35.1416684274718,0
                144.14558683163,-35.1416720811294,0
                144.145593634158,-35.1416756726244,0
                144.145600463906,-35.1416791901684,0
                144.145607324739,-35.1416826219729,0
                144.145614220521,-35.1416859562491,0
                144.145621155116,-35.1416891812086,0
                144.145628132388,-35.1416922850628,0
                144.145635156202,-35.1416952560232,0
                144.145642229329,-35.1416980876052,0
                144.145649329949,-35.1417008877129,0
                144.145656447167,-35.1417036985262,0
                144.145663579601,-35.1417065141624,0
                144.145670725871,-35.1417093287386,0
                144.145677884597,-35.1417121363719,0
                144.145685054396,-35.1417149311795,0
                144.145692233889,-35.1417177072786,0
                144.145699421695,-35.1417204587864,0
                144.145706616432,-35.14172317982,0
                144.145713816721,-35.1417258644965,0
                144.145721021179,-35.1417285069332,0
                144.145728228427,-35.1417311012472,0
                144.145735437083,-35.1417336415556,0
                144.145742645766,-35.1417361219756,0
                144.145749853096,-35.1417385366245,0
                144.145757057693,-35.1417408796193,0
                144.145764258174,-35.1417431450772,0
                144.145771453159,-35.1417453271154,0
                144.145778641268,-35.141747419851,0
                144.145785820912,-35.1417494117219,0
                144.145792958657,-35.1417504977458,0
                144.14580002339,-35.1417502107972,0
                144.145807004206,-35.1417486961102,0
                144.145813890205,-35.1417460989189,0
                144.145820670483,-35.1417425644572,0
                144.145827334137,-35.1417382379594,0
                144.145833870266,-35.1417332646596,0
                144.145840267966,-35.1417277897918,0
                144.145846516335,-35.14172195859,0
                144.145852604471,-35.1417159162886,0
                144.145858403029,-35.1417097976663,0
                144.145863597115,-35.1417036492455,0
                144.145868200818,-35.1416974738734,0
                144.145872247582,-35.1416912741261,0
                144.145875770852,-35.1416850525799,0
                144.145878804073,-35.1416788118109,0
                144.14588138069,-35.1416725543952,0
                144.145883534146,-35.1416662829091,0
                144.145885297888,-35.1416599999287,0
                144.145886705359,-35.1416537080301,0
                144.145887790005,-35.1416474097895,0
                144.14588858527,-35.141641107783,0
                144.145889124598,-35.1416348045867,0
                144.145889441435,-35.1416285027768,0
                144.145889569224,-35.1416222049294,0
                144.145889541412,-35.1416159136206,0
                144.145889391441,-35.1416096314266,0
                144.145889152758,-35.1416033609234,0
                144.145888858806,-35.1415971046872,0
                144.145888556768,-35.1415908305355,0
                144.145888260768,-35.1415844858958,0
                144.145887926882,-35.1415780853669,0
                144.145887510345,-35.1415716448817,0
                144.145886966392,-35.1415651803731,0
                144.145886250258,-35.1415587077738,0
                144.145885317177,-35.1415522430168,0
                144.145884122384,-35.1415458020348,0
                144.145882621114,-35.1415394007608,0
                144.145880768602,-35.1415330551276,0
                144.145878520082,-35.1415267810681,0
                144.145875830789,-35.1415205945149,0
                144.145872655958,-35.1415145114012,0
                144.145868950824,-35.1415085476594,0
                144.145864670622,-35.1415027192227,0
                144.145859770586,-35.1414970420236,0
                144.145854384481,-35.1414915226375,0
                144.145848947892,-35.141486141367,0
                144.145843484862,-35.1414808899792,0
                144.1458379971,-35.1414757611708,0
                144.145832486316,-35.1414707476384,0
                144.14582695422,-35.1414658420789,0
                144.145821402521,-35.1414610371888,0
                144.14581583293,-35.141456325665,0
                144.145810247157,-35.1414517002042,0
                144.14580464691,-35.1414471535029,0
                144.1457990339,-35.141442678258,0
                144.145793409836,-35.1414382671662,0
                144.145787776429,-35.1414339129242,0
                144.145782135388,-35.1414296082286,0
                144.145776488423,-35.1414253457763,0
                144.145770837243,-35.1414211182638,0
                144.145765183559,-35.141416918388,0
                144.14575952908,-35.1414127388456,0
                144.145753875517,-35.1414085723332,0
                144.145748224578,-35.1414044115476,0
                144.145742577974,-35.1414002491855,0
                144.145736937414,-35.1413960779436,0
                144.145731304609,-35.1413918905186,0
                144.145725681268,-35.1413876796073,0
                144.1457200691,-35.1413834379063,0
                144.145714469817,-35.1413791581124,0
                144.145708885127,-35.1413748329223,0
                144.14570331674,-35.1413704550327,0
                144.145697766366,-35.1413660171404,0
                144.145692235715,-35.141361511942,0
                144.145686723111,-35.1413569473958,0
                144.145681213502,-35.141352391486,0
                144.145675705197,-35.1413478515757,0
                144.145670198586,-35.1413433256347,0
                144.145664694057,-35.1413388116328,0
                144.145659191999,-35.1413343075399,0
                144.145653692802,-35.1413298113257,0
                144.145648196854,-35.1413253209602,0
                144.145642704544,-35.1413208344131,0
                144.145637216262,-35.1413163496543,0
                144.145631732396,-35.1413118646536,0
                144.145626253335,-35.1413073773809,0
                144.145620779468,-35.1413028858059,0
                144.145615311185,-35.1412983878986,0
                144.145609848874,-35.1412938816286,0
                144.145604392924,-35.141289364966,0
                144.145598943724,-35.1412848358804,0
                144.145593501663,-35.1412802923418,0
                144.14558806713,-35.1412757323199,0
                144.145582640515,-35.1412711537846,0
                144.145577222205,-35.1412665547058,0
                144.145571812591,-35.1412619330533,0
                144.14556641206,-35.1412572867967,0
                144.145561021003,-35.1412526139062,0
                144.145555639807,-35.1412479123514,0
                144.145550268863,-35.1412431801022,0
                144.145544908558,-35.1412384151285,0
                144.145539559283,-35.1412336154,0
                144.145534221425,-35.1412287788866,0
                144.145528895374,-35.1412239035581,0
                144.14552358152,-35.1412189873843,0
                144.14551828025,-35.1412140283352,0
                144.145512991954,-35.1412090243805,0
                144.145507717021,-35.14120397349,0
                144.145502516898,-35.1411988486717,0
                144.145497712476,-35.1411935212915,0
                144.145493337672,-35.1411879865436,0
                144.145489377574,-35.1411822600037,0
                144.145485817268,-35.1411763572477,0
                144.145482641842,-35.1411702938512,0
                144.145479836382,-35.1411640853902,0
                144.145477385976,-35.1411577474404,0
                144.145475275711,-35.1411512955775,0
                144.145473490673,-35.1411447453773,0
                144.145472015951,-35.1411381124156,0
                144.14547083663,-35.1411314122682,0
                144.145469937799,-35.1411246605108,0
                144.145469304544,-35.1411178727192,0
                144.145468921952,-35.1411110644691,0
                144.14546877511,-35.1411042513362,0
                144.145468849106,-35.1410974488964,0
                144.145469129027,-35.1410906727254,0
                144.14546959996,-35.141083938399,0
                144.145470246991,-35.1410772614929,0
                144.145471055209,-35.1410706575827,0
                144.145472009699,-35.1410641422444,0
                144.14547309555,-35.1410577310537,0
                144.145474297849,-35.1410514395862,0
                144.145475601682,-35.1410452834178,0
                144.145477007856,-35.1410392670812,0
                144.145478648899,-35.1410332972147,0
                144.145480546574,-35.1410273481667,0
                144.145482686505,-35.1410214186762,0
                144.145485054314,-35.1410155074823,0
                144.145487635628,-35.1410096133242,0
                144.145490416068,-35.1410037349411,0
                144.145493381261,-35.1409978710722,0
                144.145496516829,-35.1409920204564,0
                144.145499808397,-35.1409861818331,0
                144.145503241589,-35.1409803539414,0
                144.145506802029,-35.1409745355203,0
                144.145510475341,-35.1409687253092,0
                144.145514247149,-35.1409629220471,0
                144.145518103078,-35.1409571244731,0
                144.145522028751,-35.1409513313265,0
                144.145526009793,-35.1409455413464,0
                144.145530031827,-35.140939753272,0
                144.145534080479,-35.1409339658423,0
                144.145538141371,-35.1409281777967,0
                144.145542200129,-35.1409223878743,0
                144.145546242375,-35.1409165948142,0
                144.145550253735,-35.1409107973556,0
                144.145554219833,-35.1409049942376,0
                144.145558126293,-35.1408991841996,0
                144.145561958738,-35.1408933659806,0
                144.145565702793,-35.1408875383198,0
                144.145569344083,-35.1408816999565,0
                144.14557286823,-35.1408758496297,0
                144.145576260861,-35.1408699860787,0
                144.145579507598,-35.1408641080427,0
                144.145582594066,-35.1408582142608,0
                144.145585505888,-35.1408523034723,0
                144.145588228691,-35.1408463744164,0
                144.145590748096,-35.1408404258321,0
                144.145593049729,-35.1408344564588,0
                144.145595119214,-35.1408284650356,0
                144.145596948132,-35.1408224487801,0
                144.145598743608,-35.1408163518963,0
                144.145600600401,-35.1408101529932,0
                144.145602499992,-35.1408038605734,0
                144.145604423865,-35.1407974831395,0
                144.145606353502,-35.1407910291943,0
                144.145608270388,-35.1407845072403,0
                144.145610156003,-35.1407779257802,0
                144.145611991832,-35.1407712933167,0
                144.145613759357,-35.1407646183524,0
                144.145615440061,-35.14075790939,0
                144.145617015426,-35.1407511749322,0
                144.145618466937,-35.1407444234815,0
                144.145619776075,-35.1407376635408,0
                144.145620924324,-35.1407309036126,0
                144.145621893166,-35.1407241521996,0
                144.145622664085,-35.1407174178045,0
                144.145623218563,-35.1407107089299,0
                144.145623538084,-35.1407040340785,0
                144.14562360413,-35.140697401753,0
                144.145623398183,-35.140690820456,0
                144.145622901729,-35.1406842986902,0
                144.145622096248,-35.1406778449582,0
                144.145620963224,-35.1406714677628,0
                144.14561948414,-35.1406651756065,0
                144.14561764048,-35.140658976992,0
                144.145615413725,-35.1406528804219,0
                144.145612785359,-35.140646894399,0
                144.145609736866,-35.1406410274258,0
                144.145606249727,-35.1406352880049,0
                144.145602318557,-35.1406296818004,0
                144.145598214069,-35.1406241525771,0
                144.145594052819,-35.1406186719632,0
                144.145589838532,-35.1406132351918,0
                144.145585574929,-35.1406078374956,0
                144.145581265733,-35.1406024741076,0
                144.145576914668,-35.1405971402608,0
                144.145572525455,-35.1405918311879,0
                144.145568101818,-35.140586542122,0
                144.145563647479,-35.1405812682959,0
                144.145559166161,-35.1405760049425,0
                144.145554661586,-35.1405707472948,0
              </coordinates>
            </LinearRing>
          </outerBoundaryIs>
        </Polygon>
      </Placemark>
      <Placemark id="aboriginal_heritageno_camping.2">
        <ExtendedData>
          <SchemaData schemaUrl="#aboriginal_heritageno_camping.schema">
            <SimpleData name="fid">195</SimpleData>
            <SimpleData name="type">mound</SimpleData>
            <SimpleData name="text">Earth Mound</SimpleData>
          </SchemaData>
        </ExtendedData>
        <Polygon>
          <outerBoundaryIs>
            <LinearRing>
              <coordinates>
                144.143929502438,-35.1464757369771,0
                144.144003975975,-35.1462148694213,0
                144.144004670333,-35.1462121330709,0
                144.144005184012,-35.1462094302116,0
                144.144005520946,-35.1462067603565,0
                144.144005685067,-35.1462041230187,0
                144.14400568031,-35.1462015177114,0
                144.144005510607,-35.1461989439476,0
                144.144005179892,-35.1461964012406,0
                144.144004692099,-35.1461938891033,0
                144.14400405116,-35.1461914070491,0
                144.144003261008,-35.1461889545909,0
                144.144002325578,-35.146186531242,0
                144.144001248803,-35.1461841365154,0
                144.144000034616,-35.1461817699242,0
                144.14399868695,-35.1461794309817,0
                144.143997209738,-35.1461771192008,0
                144.143995606914,-35.1461748340948,0
                144.143993882412,-35.1461725751767,0
                144.143992040164,-35.1461703419598,0
                144.143990084105,-35.146168133957,0
                144.143988018166,-35.1461659506815,0
                144.143985846282,-35.1461637916465,0
                144.143983572387,-35.1461616563651,0
                144.143981200412,-35.1461595443503,0
                144.143978734292,-35.1461574551154,0
                144.14397617796,-35.1461553881734,0
                144.143973535349,-35.1461533430375,0
                144.143970810393,-35.1461513192207,0
                144.143968007025,-35.1461493162363,0
                144.143965129178,-35.1461473335973,0
                144.143962180786,-35.1461453708169,0
                144.143959165782,-35.1461434274081,0
                144.143956088099,-35.1461415028841,0
                144.14395295167,-35.1461395967581,0
                144.14394976043,-35.1461377085431,0
                144.14394651831,-35.1461358377522,0
                144.143943229246,-35.1461339838987,0
                144.143939897169,-35.1461321464956,0
                144.143936526013,-35.1461303250561,0
                144.143933119712,-35.1461285190932,0
                144.143929682199,-35.1461267281202,0
                144.143926217407,-35.1461249516501,0
                144.14392272927,-35.146123189196,0
                144.143919221721,-35.1461214402711,0
                144.143915698692,-35.1461197043886,0
                144.143912164118,-35.1461179810614,0
                144.143908621932,-35.1461162698029,0
                144.143905076068,-35.1461145701261,0
                144.143901530457,-35.1461128815441,0
                144.143897989035,-35.14611120357,0
                144.143894455733,-35.1461095357171,0
                144.143890934486,-35.1461078774984,0
                144.143887429227,-35.1461062284271,0
                144.143883943889,-35.1461045880162,0
                144.143880482406,-35.146102955779,0
                144.14387704871,-35.1461013312285,0
                144.143873646735,-35.1460997138779,0
                144.143870280414,-35.1460981032403,0
                144.143866953682,-35.146096498829,0
                144.14386367047,-35.1460949001569,0
                144.143860434712,-35.1460933067372,0
                144.143857250343,-35.1460917180831,0
                144.143854121294,-35.1460901337077,0
                144.143851051499,-35.1460885531241,0
                144.143848044893,-35.1460869758456,0
                144.143845105407,-35.1460854013851,0
                144.143842212117,-35.1460838290732,0
                144.143839322015,-35.1460822584606,0
                144.143836433934,-35.1460806896971,0
                144.143833547579,-35.1460791229418,0
                144.143830662652,-35.1460775583539,0
                144.143827778859,-35.1460759960925,0
                144.143824895904,-35.1460744363168,0
                144.14382201349,-35.1460728791858,0
                144.143819131321,-35.1460713248586,0
                144.143816249102,-35.1460697734945,0
                144.143813366536,-35.1460682252524,0
                144.143810483328,-35.1460666802916,0
                144.143807599182,-35.1460651387712,0
                144.143804713801,-35.1460636008503,0
                144.143801826891,-35.146062066688,0
                144.143798938154,-35.1460605364434,0
                144.143796047295,-35.1460590102757,0
                144.143793154018,-35.146057488344,0
                144.143790258028,-35.1460559708074,0
                144.143787359027,-35.1460544578251,0
                144.143784456721,-35.1460529495561,0
                144.143781550813,-35.1460514461596,0
                144.143778641007,-35.1460499477947,0
                144.143775727007,-35.1460484546206,0
                144.143772808518,-35.1460469667963,0
                144.143769885244,-35.1460454844811,0
                144.143766956888,-35.1460440078339,0
                144.143764023155,-35.1460425370139,0
                144.143761083748,-35.1460410721804,0
                144.143758138372,-35.1460396134923,0
                144.143755186731,-35.1460381611088,0
                144.143752228529,-35.146036715189,0
                144.14374926347,-35.1460352758921,0
                144.143746292067,-35.1460338427103,0
                144.143743319746,-35.1460324111152,0
                144.143740347504,-35.1460309802724,0
                144.143737375263,-35.1460295502369,0
                144.143734402944,-35.1460281210636,0
                144.14373143047,-35.1460266928074,0
                144.143728457762,-35.1460252655232,0
                144.143725484742,-35.1460238392659,0
                144.143722511332,-35.1460224140904,0
                144.143719537454,-35.1460209900517,0
                144.14371656303,-35.1460195672045,0
                144.143713587981,-35.146018145604,0
                144.14371061223,-35.1460167253049,0
                144.143707635698,-35.1460153063622,0
                144.143704658307,-35.1460138888307,0
                144.143701679979,-35.1460124727655,0
                144.143698700636,-35.1460110582213,0
                144.1436957202,-35.1460096452532,0
                144.143692738593,-35.1460082339159,0
                144.143689755736,-35.1460068242645,0
                144.143686771551,-35.1460054163539,0
                144.14368378596,-35.1460040102389,0
                144.143680798886,-35.1460026059745,0
                144.143677810249,-35.1460012036155,0
                144.143674819972,-35.1459998032169,0
                144.143671827977,-35.1459984048336,0
                144.143668834185,-35.1459970085205,0
                144.143665838519,-35.1459956143324,0
                144.1436628409,-35.1459942223244,0
                144.14365984125,-35.1459928325514,0
                144.143656839491,-35.1459914450682,0
                144.143653835544,-35.1459900599297,0
                144.143650829333,-35.1459886771908,0
                144.143647820778,-35.1459872969066,0
                144.143644809793,-35.1459859191904,0
                144.143641795936,-35.145984546762,0
                144.143638778969,-35.1459831810023,0
                144.143635758864,-35.1459818218045,0
                144.143632735591,-35.1459804690617,0
                144.143629709122,-35.145979122667,0
                144.143626679429,-35.1459777825136,0
                144.143623646482,-35.1459764484945,0
                144.143620610254,-35.1459751205029,0
                144.143617570714,-35.1459737984319,0
                144.143614527836,-35.1459724821747,0
                144.14361148159,-35.1459711716243,0
                144.143608431948,-35.1459698666738,0
                144.14360537888,-35.1459685672165,0
                144.143602322359,-35.1459672731453,0
                144.143599262355,-35.1459659843535,0
                144.14359619884,-35.1459647007341,0
                144.143593131786,-35.1459634221803,0
                144.143590061164,-35.1459621485852,0
                144.143586986944,-35.1459608798418,0
                144.1435839091,-35.1459596158434,0
                144.143580827601,-35.1459583564831,0
                144.143577742419,-35.1459571016539,0
                144.143574653526,-35.145955851249,0
                144.143571560892,-35.1459546051615,0
                144.14356846449,-35.1459533632846,0
                144.143565364291,-35.1459521255113,0
                144.143562260266,-35.1459508917348,0
                144.143559152386,-35.1459496618482,0
                144.143556040623,-35.1459484357445,0
                144.143552924948,-35.145947213317,0
                144.143549805333,-35.1459459944588,0
                144.143546681748,-35.1459447790629,0
                144.143543553253,-35.1459435725916,0
                144.143540418224,-35.1459423846731,0
                144.143537276665,-35.1459412150227,0
                144.14353412861,-35.1459400631578,0
                144.143530974097,-35.1459389285959,0
                144.143527813159,-35.1459378108546,0
                144.143524645834,-35.1459367094513,0
                144.143521472156,-35.1459356239034,0
                144.14351829216,-35.1459345537285,0
                144.143515105884,-35.1459334984441,0
                144.143511913361,-35.1459324575676,0
                144.143508714629,-35.1459314306166,0
                144.143505509721,-35.1459304171084,0
                144.143502298675,-35.1459294165606,0
                144.143499081525,-35.1459284284907,0
                144.143495858307,-35.1459274524161,0
                144.143492629056,-35.1459264878543,0
                144.143489393809,-35.1459255343229,0
                144.143486152601,-35.1459245913392,0
                144.143482905467,-35.1459236584208,0
                144.143479652443,-35.1459227350852,0
                144.143476393564,-35.1459218208499,0
                144.143473128867,-35.1459209152322,0
                144.143469858386,-35.1459200177497,0
                144.143466582157,-35.14591912792,0
                144.143463300217,-35.1459182452604,0
                144.1434600126,-35.1459173692885,0
                144.143456719342,-35.1459164995217,0
                144.143453420478,-35.1459156354775,0
                144.143450116045,-35.1459147766734,0
                144.143446806077,-35.1459139226269,0
                144.143443490611,-35.1459130728567,0
                144.143440171323,-35.1459122333506,0
                144.143436849736,-35.1459114100341,0
                144.143433525787,-35.1459106028407,0
                144.143430199415,-35.1459098117042,0
                144.143426870556,-35.145909036558,0
                144.143423539149,-35.1459082773359,0
                144.14342020513,-35.1459075339714,0
                144.143416868438,-35.1459068063981,0
                144.14341352901,-35.1459060945498,0
                144.143410186784,-35.1459053983598,0
                144.143406841697,-35.145904717762,0
                144.143403493688,-35.1459040526898,0
                144.143400142693,-35.1459034030769,0
                144.14339678865,-35.145902768857,0
                144.143393431496,-35.1459021499635,0
                144.143390071171,-35.1459015463302,0
                144.14338670761,-35.1459009578906,0
                144.143383340752,-35.1459003845784,0
                144.143379970534,-35.1458998263272,0
                144.143376596894,-35.1458992830705,0
                144.143373219769,-35.1458987547421,0
                144.143369839098,-35.1458982412754,0
                144.143366454817,-35.1458977426041,0
                144.143363066865,-35.1458972586619,0
                144.143359675178,-35.1458967893823,0
                144.143356279695,-35.1458963346989,0
                144.143352880353,-35.1458958945454,0
                144.143349477089,-35.1458954688554,0
                144.143346069842,-35.1458950575624,0
                144.143342658549,-35.1458946606002,0
                144.14333924316,-35.1458942779845,0
                144.143335824004,-35.1458939119767,0
                144.143332401414,-35.1458935636678,0
                144.1433289756,-35.1458932331193,0
                144.143325546773,-35.1458929203927,0
                144.143322115145,-35.1458926255497,0
                144.143318680927,-35.1458923486518,0
                144.14331524433,-35.1458920897605,0
                144.143311805565,-35.1458918489374,0
                144.143308364843,-35.1458916262441,0
                144.143304922375,-35.1458914217421,0
                144.143301478373,-35.145891235493,0
                144.143298033047,-35.1458910675583,0
                144.143294586609,-35.1458909179996,0
                144.143291139269,-35.1458907868785,0
                144.14328769124,-35.1458906742565,0
                144.143284242731,-35.1458905801952,0
                144.143280793955,-35.1458905047561,0
                144.143277345122,-35.1458904480009,0
                144.143273896443,-35.1458904099909,0
                144.14327044813,-35.1458903907879,0
                144.143267000393,-35.1458903904534,0
                144.143263553444,-35.1458904090489,0
                144.143260107494,-35.1458904466361,0
                144.143256662754,-35.1458905032763,0
                144.143253219435,-35.1458905790314,0
                144.143249777749,-35.1458906739626,0
                144.143246337905,-35.1458907881317,0
                144.143242900117,-35.1458909216002,0
                144.143239464594,-35.1458910744297,0
                144.143236032073,-35.1458912511787,0
                144.143232604349,-35.1458914680147,0
                144.143229181009,-35.1458917253554,0
                144.143225761437,-35.1458920220305,0
                144.143222345021,-35.1458923568696,0
                144.143218931145,-35.1458927287023,0
                144.143215519194,-35.1458931363582,0
                144.143212108556,-35.145893578667,0
                144.143208698614,-35.1458940544583,0
                144.143205294297,-35.1458945624259,0
                144.143201908074,-35.1458951023173,0
                144.143198538311,-35.1458956754121,0
                144.14319518268,-35.1458962830337,0
                144.143191838854,-35.1458969265058,0
                144.143188504504,-35.145897607152,0
                144.143185177303,-35.1458983262959,0
                144.143181854922,-35.1458990852612,0
                144.143178535035,-35.1458998853714,0
                144.143175223138,-35.1459007229393,0
                144.143171930718,-35.1459015902948,0
                144.143168657274,-35.1459024873421,0
                144.14316540212,-35.1459034141017,0
                144.143162164572,-35.1459043705942,0
                144.143158943943,-35.1459053568401,0
                144.14315573955,-35.14590637286,0
                144.143152550706,-35.1459074186743,0
                144.143149376727,-35.1459084943037,0
                144.143146216928,-35.1459095997687,0
                144.143143070623,-35.1459107350897,0
                144.143139937126,-35.1459119002874,0
                144.143136815754,-35.1459130953823,0
                144.143133705821,-35.145914320395,0
                144.143130606642,-35.1459155753459,0
                144.143127517531,-35.1459168602556,0
                144.143124437803,-35.1459181751447,0
                144.143121366773,-35.1459195200337,0
                144.143118307043,-35.1459208921634,0
                144.143115268762,-35.145922283004,0
                144.143112252704,-35.1459236926422,0
                144.143109258866,-35.1459251218465,0
                144.143106287243,-35.1459265713854,0
                144.143103337832,-35.1459280420272,0
                144.14310041063,-35.1459295345405,0
                144.143097505632,-35.1459310496937,0
                144.143094622835,-35.1459325882553,0
                144.143091762235,-35.1459341509936,0
                144.143088923828,-35.1459357386771,0
                144.143086107611,-35.1459373520743,0
                144.14308331358,-35.1459389919536,0
                144.14308054173,-35.1459406590835,0
                144.143077792059,-35.1459423542323,0
                144.143075064563,-35.1459440781686,0
                144.143072359237,-35.1459458316608,0
                144.143069676079,-35.1459476154773,0
                144.143067015084,-35.1459494303866,0
                144.143064376222,-35.1459512770924,0
                144.143061753057,-35.1459531403107,0
                144.143059140798,-35.1459550082652,0
                144.143056539699,-35.145956881516,0
                144.143053950013,-35.1459587606235,0
                144.143051371995,-35.145960646148,0
                144.143048805898,-35.1459625386499,0
                144.143046251975,-35.1459644386895,0
                144.143043710481,-35.145966346827,0
                144.143041181669,-35.145968263623,0
                144.143038665793,-35.1459701896376,0
                144.143036163106,-35.1459721254312,0
                144.143033673862,-35.1459740715642,0
                144.143031198316,-35.1459760285969,0
                144.143028736719,-35.1459779970895,0
                144.143026289327,-35.1459799776025,0
                144.143023856393,-35.1459819706961,0
                144.14302143817,-35.1459839769308,0
                144.143019034913,-35.1459859968668,0
                144.143016646874,-35.1459880310644,0
                144.143014274309,-35.145990080084,0
                144.143011917469,-35.1459921444859,0
                144.143009576497,-35.1459942243989,0
                144.143007249448,-35.1459963127233,0
                144.14300493521,-35.1459984073079,0
                144.143002633351,-35.1460005088517,0
                144.143000343441,-35.146002618054,0
                144.142998065049,-35.1460047356137,0
                144.142995797745,-35.14600686223,0
                144.142993541096,-35.1460089986019,0
                144.142991295224,-35.146011145458,0
                144.14298906929,-35.1460133037268,0
                144.14298686442,-35.1460154732383,0
                144.142984677638,-35.1460176535124,0
                144.142982505967,-35.1460198440688,0
                144.142980346431,-35.1460220444272,0
                144.142978196055,-35.1460242541072,0
                144.142976051862,-35.1460264726287,0
                144.142973917918,-35.1460286993768,0
                144.142971833301,-35.1460309343219,0
                144.14296980083,-35.146033180085,0
                144.142967816113,-35.1460354395657,0
                144.142965874761,-35.1460377156636,0
                144.142963972381,-35.1460400112781,0
                144.142962104583,-35.1460423293088,0
                144.142960266975,-35.1460446726554,0
                144.142958455166,-35.1460470442174,0
                144.142956664765,-35.1460494468942,0
                144.142954891381,-35.1460518835856,0
                144.142953130623,-35.1460543571909,0
                144.142951378099,-35.1460568706098,0
                144.142949629418,-35.1460594267419,0
                144.142947880274,-35.1460620284692,0
                144.142946203421,-35.1460646618807,0
                144.142944659827,-35.1460673119227,0
                144.142943241987,-35.1460699767852,0
                144.142941942393,-35.1460726546582,0
                144.14294075354,-35.1460753437317,0
                144.14293966792,-35.1460780421955,0
                144.142938678028,-35.1460807482395,0
                144.142937776356,-35.1460834600539,0
                144.142936955398,-35.1460861758284,0
                144.142936207648,-35.146088893753,0
                144.142935525598,-35.1460916120177,0
                144.142934901743,-35.1460943288124,0
                144.142934328184,-35.1460970434721,0
                144.142933784004,-35.1460998001518,0
                144.142933263394,-35.1461026184689,0
                144.142932770208,-35.1461054932127,0
                144.1429323083,-35.1461084191727,0
                144.142931881523,-35.1461113911382,0
                144.142931493731,-35.1461144038985,0
                144.142931148779,-35.1461174522431,0
                144.142930850519,-35.1461205309613,0
                144.142930602806,-35.1461236348424,0
                144.142930409495,-35.1461267586759,0
                144.142930274437,-35.1461298972512,0
                144.142930201488,-35.1461330453575,0
                144.142930194502,-35.1461361977842,0
                144.142930257332,-35.1461393493208,0
                144.142930393831,-35.1461424947566,0
                144.142930607855,-35.1461456288809,0
                144.142930903256,-35.1461487464832,0
                144.142931283889,-35.1461518423528,0
                144.142931753607,-35.1461549112791,0
                144.142932316265,-35.1461579480514,0
                144.142932975716,-35.1461609474591,0
                144.142933735813,-35.1461639042916,0
                144.142934600412,-35.1461668133383,0
                144.142935573366,-35.1461696693884,0
                144.142936658528,-35.1461724672315,0
                144.142937859752,-35.1461752016568,0
                144.142939180893,-35.1461778674537,0
                144.142940625804,-35.1461804594116,0
                144.14294219834,-35.1461829723198,0
                144.142943902353,-35.1461854009678,0
                144.142945741698,-35.1461877401448,0
                144.142947720228,-35.1461899846403,0
                144.142949841798,-35.1461921292436,0
                144.142952110262,-35.146194168744,0
                144.142954529473,-35.146196097931,0
                144.142957103284,-35.1461979115938,0
                144.142959835551,-35.1461996045219,0
                144.143014347143,-35.1462312098287,0
                144.143148502291,-35.1462842148446,0
                144.143150956617,-35.1462851789878,0
                144.14315341566,-35.1462861342772,0
                144.143155879159,-35.1462870812265,0
                144.14315834685,-35.1462880203495,0
                144.143160818472,-35.1462889521598,0
                144.143163293761,-35.1462898771712,0
                144.143165772456,-35.1462907958973,0
                144.143168254294,-35.1462917088519,0
                144.143170739012,-35.1462926165486,0
                144.143173226347,-35.1462935195013,0
                144.143175716038,-35.1462944182235,0
                144.143178207822,-35.146295313229,0
                144.143180701436,-35.1462962050315,0
                144.143183196618,-35.1462970941447,0
                144.143185693106,-35.1462979810824,0
                144.143188190636,-35.1462988663581,0
                144.143190688947,-35.1462997504857,0
                144.143193187775,-35.1463006339789,0
                144.143195686859,-35.1463015173513,0
                144.143198185936,-35.1463024011166,0
                144.143200684743,-35.1463032857886,0
                144.143203183018,-35.146304171881,0
                144.143205680498,-35.1463050599074,0
                144.143208176921,-35.1463059503817,0
                144.143210672025,-35.1463068438174,0
                144.143213165547,-35.1463077407284,0
                144.143215657224,-35.1463086416282,0
                144.143218146793,-35.1463095470307,0
                144.143220633994,-35.1463104574495,0
                144.143223118562,-35.1463113733983,0
                144.143225600236,-35.1463122953909,0
                144.143228078753,-35.146313223941,0
                144.14323055385,-35.1463141595622,0
                144.143233025845,-35.146315102269,0
                144.143235494921,-35.1463160520648,0
                144.143237960502,-35.14631700954,0
                144.143240422009,-35.1463179752857,0
                144.143242878864,-35.1463189498929,0
                144.143245330488,-35.1463199339525,0
                144.143247776303,-35.1463209280555,0
                144.143250215732,-35.1463219327931,0
                144.143252648197,-35.1463229487561,0
                144.143255073118,-35.1463239765356,0
                144.143257489917,-35.1463250167225,0
                144.143259898018,-35.146326069908,0
                144.143262296841,-35.1463271366829,0
                144.143264685808,-35.1463282176383,0
                144.143267064341,-35.1463293133652,0
                144.143269431861,-35.1463304244545,0
                144.143271787792,-35.1463315514974,0
                144.143274131554,-35.1463326950847,0
                144.14327646257,-35.1463338558076,0
                144.14327878026,-35.1463350342569,0
                144.143281084048,-35.1463362310237,0
                144.143283373354,-35.1463374466991,0
                144.143285647601,-35.1463386818739,0
                144.143287906211,-35.1463399371392,0
                144.143290148604,-35.1463412130861,0
                144.143292374204,-35.1463425103055,0
                144.143294582432,-35.1463438293883,0
                144.143296772709,-35.1463451709257,0
                144.143298944458,-35.1463465355087,0
                144.143301097101,-35.1463479237281,0
                144.143303230058,-35.1463493361751,0
                144.143305342753,-35.1463507734406,0
                144.143307437232,-35.1463522287378,0
                144.143309516834,-35.1463536932635,0
                144.143311582212,-35.1463551666847,0
                144.143313634012,-35.1463566486848,0
                144.14331567288,-35.1463581389476,0
                144.143317699464,-35.1463596371565,0
                144.143319714408,-35.1463611429952,0
                144.143321718361,-35.1463626561473,0
                144.143323711969,-35.1463641762964,0
                144.143325695877,-35.146365703126,0
                144.143327670733,-35.1463672363198,0
                144.143329637184,-35.1463687755613,0
                144.143331595874,-35.1463703205343,0
                144.143333547453,-35.1463718709221,0
                144.143335492564,-35.1463734264085,0
                144.143337431856,-35.1463749866771,0
                144.143339365975,-35.1463765514114,0
                144.143341295567,-35.1463781202951,0
                144.143343221279,-35.1463796930116,0
                144.143345143757,-35.1463812692447,0
                144.143347063648,-35.146382848678,0
                144.143348981598,-35.1463844309949,0
                144.143350898254,-35.1463860158792,0
                144.143352814263,-35.1463876030143,0
                144.143354729331,-35.1463891924985,0
                144.143356639381,-35.1463907860459,0
                144.143358544263,-35.1463923835569,0
                144.14336044446,-35.1463939846497,0
                144.14336234045,-35.1463955889429,0
                144.143364232714,-35.1463971960547,0
                144.143366121734,-35.1463988056035,0
                144.143368007988,-35.1464004172077,0
                144.143369891958,-35.1464020304856,0
                144.143371774123,-35.1464036450555,0
                144.143373654965,-35.1464052605358,0
                144.143375534964,-35.1464068765449,0
                144.1433774146,-35.1464084927012,0
                144.143379294353,-35.1464101086229,0
                144.143381174704,-35.1464117239284,0
                144.143383056133,-35.1464133382361,0
                144.14338493912,-35.1464149511644,0
                144.143386824147,-35.1464165623315,0
                144.143388711693,-35.1464181713559,0
                144.143390602239,-35.1464197778559,0
                144.143392496265,-35.1464213814499,0
                144.143394394252,-35.1464229817561,0
                144.143396296679,-35.146424578393,0
                144.143398204028,-35.146426170979,0
                144.143400116779,-35.1464277591323,0
                144.143402035411,-35.1464293424714,0
                144.143403960406,-35.1464309206145,0
                144.143405892244,-35.14643249318,0
                144.143407831406,-35.1464340597864,0
                144.143409779184,-35.1464356193171,0
                144.143411739273,-35.1464371684395,0
                144.143413711148,-35.1464387075668,0
                144.14341569374,-35.1464402375992,0
                144.14341768598,-35.1464417594374,0
                144.143419686799,-35.1464432739817,0
                144.14342169513,-35.1464447821325,0
                144.143423709902,-35.1464462847904,0
                144.143425730047,-35.1464477828558,0
                144.143427754497,-35.146449277229,0
                144.143429782182,-35.1464507688106,0
                144.143431812034,-35.146452258501,0
                144.143433842985,-35.1464537472007,0
                144.143435873964,-35.14645523581,0
                144.143437903904,-35.1464567252295,0
                144.143439931736,-35.1464582163596,0
                144.143441956391,-35.1464597101007,0
                144.1434439768,-35.1464612073532,0
                144.143445991895,-35.1464627090178,0
                144.143448000606,-35.1464642159946,0
                144.143450001866,-35.1464657291843,0
                144.143451994604,-35.1464672494873,0
                144.143453977753,-35.1464687778039,0
                144.143455949531,-35.146470315699,0
                144.14345790213,-35.1464718704157,0
                144.143459836017,-35.1464734416257,0
                144.143461754159,-35.1464750266829,0
                144.143463659524,-35.1464766229413,0
                144.143465555081,-35.1464782277549,0
                144.143467443796,-35.1464798384775,0
                144.143469328639,-35.1464814524632,0
                144.143471212577,-35.1464830670659,0
                144.143473098579,-35.1464846796396,0
                144.143474989613,-35.1464862875382,0
                144.143476888646,-35.1464878881156,0
                144.143478798647,-35.1464894787259,0
                144.143480722583,-35.1464910567229,0
                144.143482663557,-35.1464926193434,0
                144.143484636187,-35.1464941536586,0
                144.143486646277,-35.1464956545702,0
                144.143488690139,-35.1464971253725,0
                144.143490764083,-35.1464985693598,0
                144.143492864422,-35.1464999898267,0
                144.143494987468,-35.1465013900675,0
                144.143497129532,-35.1465027733765,0
                144.143499286925,-35.1465041430481,0
                144.14350145596,-35.1465055023769,0
                144.143503632949,-35.146506854657,0
                144.143505814202,-35.146508203183,0
                144.143507996032,-35.1465095512492,0
                144.14351017475,-35.14651090215,0
                144.143512346668,-35.1465122591798,0
                144.143514508099,-35.1465136256329,0
                144.143516655352,-35.1465150048038,0
                144.143518784741,-35.1465163999869,0
                144.143520892576,-35.1465178144766,0
                144.14352297517,-35.1465192515672,0
                144.143525028835,-35.1465207145531,0
                144.143527049881,-35.1465222067287,0
                144.143529034621,-35.1465237313885,0
                144.143530979367,-35.1465252918267,0
                144.143532853937,-35.1465269093401,0
                144.143534609371,-35.1465286159392,0
                144.143536287337,-35.1465303800248,0
                144.143537933855,-35.1465321669926,0
                144.143539594941,-35.1465339422384,0
                144.143541316612,-35.1465356711579,0
                144.143543137073,-35.1465373250687,0
                144.143545010254,-35.1465389391483,0
                144.143546913298,-35.1465405309976,0
                144.143548838721,-35.1465421065672,0
                144.143550779039,-35.1465436718077,0
                144.143552726769,-35.1465452326698,0
                144.143554674427,-35.1465467951041,0
                144.143556614529,-35.1465483650612,0
                144.143558539594,-35.1465499484918,0
                144.143560442136,-35.1465515513464,0
                144.143562314672,-35.1465531795759,0
                144.14356415657,-35.1465548317442,0
                144.143565980699,-35.1465564932066,0
                144.143567787937,-35.146558163496,0
                144.143569578527,-35.1465598428544,0
                144.143571352714,-35.1465615315233,0
                144.143573110741,-35.1465632297444,0
                144.143574852853,-35.1465649377596,0
                144.143576579294,-35.1465666558105,0
                144.143578290308,-35.1465683841388,0
                144.143579986139,-35.1465701229862,0
                144.143581667031,-35.1465718725945,0
                144.143583333228,-35.1465736332053,0
                144.143584984975,-35.1465754050604,0
                144.143586622515,-35.1465771884016,0
                144.143588246092,-35.1465789834704,0
                144.14358985595,-35.1465807905086,0
                144.143591452335,-35.146582609758,0
                144.143593035488,-35.1465844414602,0
                144.143594605656,-35.146586285857,0
                144.143596163081,-35.14658814319,0
                144.143597708009,-35.146590013701,0
                144.143599240034,-35.146591895332,0
                144.143600757545,-35.146593782138,0
                144.143602260414,-35.1465956738505,0
                144.143603748604,-35.1465975705253,0
                144.143605222077,-35.1465994722182,0
                144.143606680794,-35.1466013789851,0
                144.143608124719,-35.1466032908818,0
                144.143609553812,-35.1466052079641,0
                144.143610968035,-35.1466071302878,0
                144.143612367352,-35.1466090579087,0
                144.143613751723,-35.1466109908826,0
                144.143615121111,-35.1466129292655,0
                144.143616475477,-35.146614873113,0
                144.143617814784,-35.1466168224811,0
                144.143619138994,-35.1466187774255,0
                144.143620448069,-35.146620738002,0
                144.143621741971,-35.1466227042666,0
                144.143623020661,-35.1466246762749,0
                144.143624284101,-35.1466266540828,0
                144.143625532255,-35.1466286377462,0
                144.143626765083,-35.1466306273209,0
                144.143627982548,-35.1466326228626,0
                144.143629184611,-35.1466346244273,0
                144.143630371236,-35.1466366320707,0
                144.143631542383,-35.1466386458486,0
                144.143632698014,-35.1466406658169,0
                144.143633838093,-35.1466426920313,0
                144.14363496258,-35.1466447245478,0
                144.143636071437,-35.1466467634221,0
                144.143637164628,-35.14664880871,0
                144.143638242113,-35.1466508604674,0
                144.143639303854,-35.1466529187501,0
                144.143640349815,-35.1466549836139,0
                144.143641379956,-35.1466570551147,0
                144.14364239424,-35.1466591333082,0
                144.143643392628,-35.1466612182502,0
                144.143644375083,-35.1466633099967,0
                144.143645341567,-35.1466654086033,0
                144.143646292041,-35.146667514126,0
                144.143647226468,-35.1466696266206,0
                144.14364814481,-35.1466717461428,0
                144.143649047028,-35.1466738727485,0
                144.143649934285,-35.1466760047437,0
                144.143650809331,-35.1466781376644,0
                144.143651671533,-35.1466802715348,0
                144.143652520079,-35.1466824066289,0
                144.143653354157,-35.146684543221,0
                144.143654172953,-35.146686681585,0
                144.143654975657,-35.1466888219951,0
                144.143655761455,-35.1466909647254,0
                144.143656529536,-35.1466931100501,0
                144.143657279087,-35.1466952582431,0
                144.143658009295,-35.1466974095788,0
                144.143658719349,-35.1466995643311,0
                144.143659408436,-35.1467017227742,0
                144.143660075744,-35.1467038851822,0
                144.143660720461,-35.1467060518292,0
                144.143661341774,-35.1467082229893,0
                144.143661938871,-35.1467103989367,0
                144.14366251094,-35.1467125799454,0
                144.143663057168,-35.1467147662895,0
                144.143663576744,-35.1467169582433,0
                144.143664068855,-35.1467191560806,0
                144.143664545222,-35.1467213571026,0
                144.143665018013,-35.1467235584824,0
                144.143665487608,-35.1467257601781,0
                144.143665954388,-35.1467279621479,0
                144.143666418731,-35.1467301643499,0
                144.143666881019,-35.1467323667422,0
                144.143667341632,-35.1467345692831,0
                144.143667800949,-35.1467367719306,0
                144.143668259351,-35.146738974643,0
                144.143668717218,-35.1467411773783,0
                144.14366917493,-35.1467433800948,0
                144.143669632867,-35.1467455827505,0
                144.143670091409,-35.1467477853038,0
                144.143670550936,-35.1467499877126,0
                144.143671011829,-35.1467521899351,0
                144.143671474468,-35.1467543919296,0
                144.143671939232,-35.1467565936541,0
                144.143672406502,-35.1467587950669,0
                144.143672876658,-35.146760996126,0
                144.14367335008,-35.1467631967896,0
                144.143673826935,-35.1467653970316,0
                144.143674304892,-35.1467675970153,0
                144.143674783368,-35.1467697967896,0
                144.143675262561,-35.1467719963475,0
                144.14367574267,-35.1467741956819,0
                144.143676223893,-35.1467763947858,0
                144.143676706428,-35.1467785936522,0
                144.143677190474,-35.1467807922741,0
                144.143677676229,-35.1467829906444,0
                144.143678163892,-35.1467851887562,0
                144.143678653661,-35.1467873866025,0
                144.143679145735,-35.1467895841761,0
                144.143679640311,-35.1467917814701,0
                144.143680137589,-35.1467939784775,0
                144.143680637766,-35.1467961751913,0
                144.143681141041,-35.1467983716044,0
                144.143681647613,-35.1468005677098,0
                144.14368215768,-35.1468027635005,0
                144.14368267144,-35.1468049589696,0
                144.143683189092,-35.1468071541098,0
                144.143683710834,-35.1468093489144,0
                144.143684245677,-35.1468115418077,0
                144.143684810761,-35.1468137296333,0
                144.143685406023,-35.1468159121871,0
                144.143686030935,-35.1468180893464,0
                144.14368668497,-35.1468202609886,0
                144.143687367601,-35.1468224269911,0
                144.1436880783,-35.1468245872312,0
                144.143688816538,-35.1468267415862,0
                144.143689581789,-35.1468288899335,0
                144.143690373524,-35.1468310321505,0
                144.143691191217,-35.1468331681145,0
                144.143692034339,-35.1468352977029,0
                144.143692902363,-35.146837420793,0
                144.14369379476,-35.1468395372622,0
                144.143694711005,-35.1468416469878,0
                144.143695650568,-35.1468437498472,0
                144.143696612922,-35.1468458457178,0
                144.143697597539,-35.1468479344769,0
                144.143698603893,-35.1468500160018,0
                144.143699631454,-35.1468520901699,0
                144.143700677899,-35.1468541574855,0
                144.143701728729,-35.146856222813,0
                144.143702780918,-35.1468582872102,0
                144.143703834508,-35.1468603506829,0
                144.143704889538,-35.1468624132372,0
                144.143705946048,-35.1468644748789,0
                144.143707004077,-35.1468665356141,0
                144.143708063667,-35.1468685954486,0
                144.143709124855,-35.1468706543886,0
                144.143710187684,-35.1468727124398,0
                144.143711252192,-35.1468747696084,0
                144.143712318419,-35.1468768259003,0
                144.143713386405,-35.1468788813214,0
                144.14371445619,-35.1468809358777,0
                144.143715527814,-35.1468829895751,0
                144.143716601317,-35.1468850424197,0
                144.143717676739,-35.1468870944174,0
                144.143718754119,-35.1468891455742,0
                144.143719833498,-35.146891195896,0
                144.143720914915,-35.1468932453888,0
                144.143721998411,-35.1468952940585,0
                144.143723084025,-35.1468973419112,0
                144.143724171796,-35.1468993889528,0
                144.143725261766,-35.1469014351892,0
                144.143726353974,-35.1469034806265,0
                144.143727448459,-35.1469055252705,0
                144.143728545262,-35.1469075691273,0
                144.143729644422,-35.1469096122029,0
                144.14373074598,-35.1469116545031,0
                144.143731849976,-35.1469136960339,0
                144.143732956448,-35.1469157368014,0
                144.143734065437,-35.1469177768115,0
                144.143735176984,-35.1469198160701,0
                144.143736291127,-35.1469218545833,0
                144.1437374079,-35.1469238923589,0
                144.143738525911,-35.1469259297803,0
                144.143739644099,-35.1469279671338,0
                144.143740762447,-35.146930004425,0
                144.143741880942,-35.1469320416595,0
                144.143742999569,-35.146934078843,0
                144.143744118312,-35.1469361159811,0
                144.143745237157,-35.1469381530795,0
                144.143746356088,-35.1469401901436,0
                144.143747475092,-35.1469422271792,0
                144.143748594152,-35.146944264192,0
                144.143749713255,-35.1469463011874,0
                144.143750832386,-35.1469483381712,0
                144.143751951528,-35.1469503751489,0
                144.143753070669,-35.1469524121262,0
                144.143754189792,-35.1469544491088,0
                144.143755308883,-35.1469564861022,0
                144.143756427928,-35.1469585231121,0
                144.14375754691,-35.146960560144,0
                144.143758665816,-35.1469625972037,0
                144.14375978463,-35.1469646342967,0
                144.143760903337,-35.1469666714287,0
                144.143762021924,-35.1469687086053,0
                144.143763140374,-35.1469707458321,0
                144.143764258673,-35.1469727831147,0
                144.143765376806,-35.1469748204589,0
                144.143766494759,-35.1469768578701,0
                144.143767612515,-35.146978895354,0
                144.143768730062,-35.1469809329163,0
                144.143769847383,-35.1469829705626,0
                144.143770964463,-35.1469850082985,0
                144.143772081289,-35.1469870461295,0
                144.143773197844,-35.1469890840615,0
                144.143774314115,-35.1469911220999,0
                144.143775430086,-35.1469931602504,0
                144.143776545832,-35.146995198485,0
                144.143777661637,-35.1469972366982,0
                144.143778777514,-35.1469992748851,0
                144.143779893452,-35.1470013130495,0
                144.143781009442,-35.1470033511949,0
                144.143782125473,-35.1470053893249,0
                144.143783241536,-35.1470074274433,0
                144.143784357621,-35.1470094655536,0
                144.143785473719,-35.1470115036596,0
                144.143786589818,-35.1470135417649,0
                144.143787705909,-35.1470155798731,0
                144.143788821983,-35.1470176179879,0
                144.143789938029,-35.1470196561129,0
                144.143791054038,-35.1470216942518,0
                144.143792169999,-35.1470237324083,0
                144.143793285903,-35.147025770586,0
                144.14379440174,-35.1470278087885,0
                144.143795517499,-35.1470298470195,0
                144.143796633171,-35.1470318852826,0
                144.143797748747,-35.1470339235815,0
                144.143798864215,-35.1470359619199,0
                144.143799979567,-35.1470380003014,0
                144.143801094792,-35.1470400387296,0
                144.14380220988,-35.1470420772082,0
                144.143803324822,-35.1470441157409,0
                144.143804439608,-35.1470461543313,0
                144.143805554227,-35.147048192983,0
                144.14380666867,-35.1470502316998,0
                144.143807782926,-35.1470522704852,0
                144.143814188504,-35.1470639963516,0
                144.143815526584,-35.1470664508615,0
                144.143816860579,-35.1470689068452,0
                144.143818190547,-35.147071364282,0
                144.143819516543,-35.1470738231511,0
                144.143820838624,-35.1470762834318,0
                144.143822156846,-35.1470787451032,0
                144.143823471267,-35.1470812081446,0
                144.143824781942,-35.1470836725352,0
                144.143826088928,-35.1470861382541,0
                144.143827392282,-35.1470886052807,0
                144.14382869206,-35.1470910735942,0
                144.143829988318,-35.1470935431736,0
                144.143831281113,-35.1470960139984,0
                144.143832570502,-35.1470984860476,0
                144.143833856541,-35.1471009593006,0
                144.143835139287,-35.1471034337365,0
                144.143836418795,-35.1471059093345,0
                144.143837695123,-35.1471083860738,0
                144.143838968328,-35.1471108639338,0
                144.143840238465,-35.1471133428935,0
                144.143841505591,-35.1471158229323,0
                144.143842769763,-35.1471183040293,0
                144.143844031037,-35.1471207861637,0
                144.143845289469,-35.1471232693148,0
                144.143846545117,-35.1471257534618,0
                144.143847798036,-35.1471282385839,0
                144.143849048283,-35.1471307246603,0
                144.143850295916,-35.1471332116702,0
                144.143851540936,-35.1471356995989,0
                144.143852782952,-35.1471381884865,0
                144.143854021817,-35.1471406783635,0
                144.143855257462,-35.1471431692531,0
                144.143856489815,-35.1471456611787,0
                144.143857718808,-35.1471481541637,0
                144.143858944369,-35.1471506482312,0
                144.143860166429,-35.1471531434046,0
                144.143861384918,-35.1471556397073,0
                144.143862599765,-35.1471581371626,0
                144.143863810901,-35.1471606357936,0
                144.143865018255,-35.1471631356239,0
                144.143866221757,-35.1471656366766,0
                144.143867421338,-35.1471681389751,0
                144.143868616928,-35.1471706425428,0
                144.143869808455,-35.1471731474028,0
                144.14387099585,-35.1471756535786,0
                144.143872179043,-35.1471781610934,0
                144.143873357965,-35.1471806699705,0
                144.143874532544,-35.1471831802333,0
                144.143875702711,-35.1471856919051,0
                144.143876868395,-35.1471882050092,0
                144.143878029527,-35.1471907195688,0
                144.143879187734,-35.1471932350612,0
                144.143880345595,-35.1471957506571,0
                144.143881503167,-35.1471982663389,0
                144.143882660481,-35.1472007820974,0
                144.143883817565,-35.1472032979239,0
                144.143884974449,-35.1472058138091,0
                144.143886131165,-35.1472083297444,0
                144.143887287741,-35.1472108457205,0
                144.143888444207,-35.1472133617286,0
                144.143889600594,-35.1472158777596,0
                144.14389075693,-35.1472183938047,0
                144.143891913247,-35.1472209098549,0
                144.143893069573,-35.147223425901,0
                144.143894225939,-35.1472259419343,0
                144.143895382375,-35.1472284579457,0
                144.14389653891,-35.1472309739263,0
                144.143897695575,-35.147233489867,0
                144.143898852399,-35.147236005759,0
                144.143900009411,-35.1472385215931,0
                144.143901166643,-35.1472410373605,0
                144.143902324124,-35.1472435530522,0
                144.143903481883,-35.1472460686593,0
                144.143904639943,-35.1472485841749,0
                144.143905798201,-35.1472510996277,0
                144.143906956615,-35.1472536150305,0
                144.143908115178,-35.1472561303856,0
                144.143909273883,-35.1472586456952,0
                144.143910432723,-35.1472611609617,0
                144.143911591693,-35.1472636761875,0
                144.143912750785,-35.1472661913747,0
                144.143913909993,-35.1472687065258,0
                144.143915069311,-35.147271221643,0
                144.143916228732,-35.1472737367286,0
                144.143917388249,-35.147276251785,0
                144.143918547856,-35.1472787668144,0
                144.143919707547,-35.1472812818191,0
                144.143920867315,-35.1472837968016,0
                144.143922027153,-35.1472863117639,0
                144.143923187055,-35.1472888267086,0
                144.143924347014,-35.1472913416378,0
                144.143925507024,-35.147293856554,0
                144.143926667079,-35.1472963714593,0
                144.143927827171,-35.1472988863561,0
                144.143928987294,-35.1473014012468,0
                144.143930147443,-35.1473039161335,0
                144.143931309126,-35.1473064305052,0
                144.143932476499,-35.147308942961,0
                144.143933649618,-35.1473114534931,0
                144.143934828278,-35.1473139621814,0
                144.143936012278,-35.1473164691054,0
                144.143937201416,-35.1473189743448,0
                144.143938395489,-35.1473214779792,0
                144.143939594295,-35.1473239800885,0
                144.143940797631,-35.1473264807521,0
                144.143942005295,-35.1473289800498,0
                144.143943217085,-35.1473314780612,0
                144.143944432797,-35.147333974866,0
                144.14394565223,-35.1473364705439,0
                144.143946875181,-35.1473389651744,0
                144.143948101448,-35.1473414588374,0
                144.143949330829,-35.1473439516123,0
                144.14395056312,-35.147346443579,0
                144.14395179812,-35.147348934817,0
                144.143953035626,-35.1473514254061,0
                144.143954275436,-35.1473539154258,0
                144.143955517347,-35.1473564049559,0
                144.143956761158,-35.147358894076,0
                144.143958006704,-35.1473613828496,0
                144.143959260915,-35.1473638684574,0
                144.143960528828,-35.1473663488566,0
                144.143961810204,-35.1473688241517,0
                144.143963104803,-35.1473712944469,0
                144.143964412387,-35.1473737598468,0
                144.143965732716,-35.1473762204557,0
                144.143967065552,-35.147378676378,0
                144.143968410656,-35.1473811277182,0
                144.143969767789,-35.1473835745805,0
                144.143971136711,-35.1473860170693,0
                144.143972517185,-35.1473884552892,0
                144.14397390897,-35.1473908893444,0
                144.143975311828,-35.1473933193394,0
                144.14397672552,-35.1473957453785,0
                144.143978149808,-35.1473981675662,0
                144.143979584451,-35.1474005860068,0
                144.143981029212,-35.1474030008047,0
                144.14398248385,-35.1474054120644,0
                144.143983948128,-35.1474078198902,0
                144.143985421807,-35.1474102243864,0
                144.143986904647,-35.1474126256576,0
                144.143988396409,-35.147415023808,0
                144.143989896801,-35.1474174188993,0
                144.143991404824,-35.1474198103016,0
                144.143992920269,-35.1474221977614,0
                144.143994443263,-35.1474245812605,0
                144.14399597393,-35.147426960781,0
                144.143997512397,-35.1474293363049,0
                144.14399905879,-35.1474317078141,0
                144.144000613234,-35.1474340752907,0
                144.144002175855,-35.1474364387168,0
                144.144003746778,-35.1474387980742,0
                144.144005326131,-35.147441153345,0
                144.144006914038,-35.1474435045112,0
                144.144008510625,-35.1474458515548,0
                144.144010116018,-35.1474481944578,0
                144.144011730343,-35.1474505332022,0
                144.144013353726,-35.14745286777,0
                144.144014986291,-35.1474551981432,0
                144.144016628166,-35.1474575243038,0
                144.144018279476,-35.1474598462339,0
                144.144019940347,-35.1474621639153,0
                144.144021610904,-35.1474644773302,0
                144.144023291273,-35.1474667864605,0
                144.144024981581,-35.1474690912883,0
                144.144026680875,-35.1474713921312,0
                144.144028384322,-35.147473690533,0
                144.144030091236,-35.1474759867634,0
                144.144031801517,-35.1474782809103,0
                144.144033515065,-35.1474805730617,0
                144.144035231783,-35.1474828633054,0
                144.14403695157,-35.1474851517293,0
                144.144038674327,-35.1474874384213,0
                144.144040399956,-35.1474897234693,0
                144.144042128356,-35.1474920069612,0
                144.144043859429,-35.1474942889849,0
                144.144045593076,-35.1474965696282,0
                144.144047329196,-35.1474988489792,0
                144.144049067692,-35.1475011271256,0
                144.144050808463,-35.1475034041554,0
                144.14405255141,-35.1475056801565,0
                144.144054296435,-35.1475079552168,0
                144.144056043438,-35.1475102294241,0
                144.144057792319,-35.1475125028663,0
                144.14405954298,-35.1475147756314,0
                144.144061295321,-35.1475170478073,0
                144.144063049243,-35.1475193194818,0
                144.144064804647,-35.1475215907428,0
                144.144066562264,-35.147523861012,0
                144.144068324536,-35.1475261283382,0
                144.144070091479,-35.1475283927196,0
                144.144071862923,-35.1475306543031,0
                144.1440736387,-35.1475329132353,0
                144.144075418639,-35.1475351696632,0
                144.14407720257,-35.1475374237334,0
                144.144078990326,-35.1475396755927,0
                144.144080781735,-35.1475419253878,0
                144.14408257663,-35.1475441732656,0
                144.144084374839,-35.1475464193728,0
                144.144086176194,-35.1475486638561,0
                144.144087980526,-35.1475509068623,0
                144.144089787664,-35.1475531485382,0
                144.14409159744,-35.1475553890305,0
                144.144093409683,-35.147557628486,0
                144.144095224225,-35.1475598670515,0
                144.144097040896,-35.1475621048737,0
                144.144098859527,-35.1475643420994,0
                144.144100679948,-35.1475665788754,0
                144.144102501989,-35.1475688153483,0
                144.144104325482,-35.1475710516651,0
                144.144106150256,-35.1475732879723,0
                144.144107977725,-35.1475755231215,0
                144.144109819201,-35.1475777479477,0
                144.144111676901,-35.1475799608617,0
                144.144113550782,-35.1475821621372,0
                144.1441154408,-35.1475843520483,0
                144.144117346911,-35.1475865308688,0
                144.144119269069,-35.1475886988726,0
                144.144121207232,-35.1475908563337,0
                144.144123161354,-35.147593003526,0
                144.144125131392,-35.1475951407234,0
                144.144127117302,-35.1475972681998,0
                144.144129119038,-35.1475993862291,0
                144.144131136559,-35.1476014950854,0
                144.144133169817,-35.1476035950424,0
                144.144135218771,-35.147605686374,0
                144.144137283375,-35.1476077693543,0
                144.144139363586,-35.1476098442571,0
                144.144141459359,-35.1476119113564,0
                144.14414357065,-35.147613970926,0
                144.144145697414,-35.1476160232398,0
                144.144147839608,-35.1476180685719,0
                144.144149997188,-35.1476201071961,0
                144.144152170109,-35.1476221393863,0
                144.144154358327,-35.1476241654165,0
                144.144156561798,-35.1476261855605,0
                144.144158780478,-35.1476282000923,0
                144.144161014322,-35.1476302092858,0
                144.144163265753,-35.1476322081049,0
                144.144165543143,-35.1476341785554,0
                144.144167846856,-35.1476361196898,0
                144.144170176518,-35.1476380321377,0
                144.144172531759,-35.1476399165289,0
                144.144174912206,-35.147641773493,0
                144.144177317486,-35.1476436036598,0
                144.144179747229,-35.1476454076587,0
                144.144182201061,-35.1476471861197,0
                144.144184678611,-35.1476489396722,0
                144.144187179507,-35.1476506689461,0
                144.144189703376,-35.1476523745709,0
                144.144192249846,-35.1476540571764,0
                144.144194818546,-35.1476557173922,0
                144.144197409103,-35.1476573558481,0
                144.144200021145,-35.1476589731736,0
                144.1442026543,-35.1476605699984,0
                144.144205308196,-35.1476621469523,0
                144.144207982461,-35.1476637046649,0
                144.144210676722,-35.1476652437659,0
                144.144213390608,-35.147666764885,0
                144.144216123747,-35.1476682686517,0
                144.144218875766,-35.147669755696,0
                144.144221646293,-35.1476712266472,0
                144.144224434957,-35.1476726821353,0
                144.144227241385,-35.1476741227898,0
                144.144230065204,-35.1476755492404,0
                144.144232907364,-35.1476769371269,0
                144.144235773507,-35.1476782472393,0
                144.144238669822,-35.1476794848818,0
                144.144241602481,-35.1476806561195,0
                144.144244577658,-35.1476817670174,0
                144.144247601526,-35.1476828236408,0
                144.144250665922,-35.1476838231823,0
                144.144253741472,-35.1476847508803,0
                144.144256832222,-35.1476856137679,0
                144.144259943842,-35.1476864199075,0
                144.144263082001,-35.1476871773617,0
                144.14426625237,-35.1476878941927,0
                144.144269453352,-35.1476885679841,0
                144.144272671106,-35.1476891809572,0
                144.144275902804,-35.1476897331483,0
                144.144279146036,-35.1476902252253,0
                144.144282398392,-35.1476906578562,0
                144.14428565746,-35.1476910317092,0
                144.144288920831,-35.1476913474522,0
                144.144292186093,-35.1476916057534,0
                144.144295450837,-35.1476918072807,0
                144.144298712651,-35.1476919527022,0
                144.144301969126,-35.1476920426859,0
                144.144305217851,-35.1476920779,0
                144.14430846455,-35.1476920776565,0
                144.144311719867,-35.1476920691914,0
                144.144314983508,-35.1476920524569,0
                144.14431825508,-35.1476920271748,0
                144.144321534191,-35.1476919930669,0
                144.14432482045,-35.1476919498551,0
                144.144328113465,-35.147691897261,0
                144.144331412843,-35.1476918350066,0
                144.144334718194,-35.1476917628135,0
                144.144338029124,-35.1476916804036,0
                144.144341345242,-35.1476915874985,0
                144.144344666156,-35.1476914838203,0
                144.144347991475,-35.1476913690905,0
                144.144351320806,-35.1476912430311,0
                144.144354653757,-35.1476911053638,0
                144.144357989937,-35.1476909558103,0
                144.144361328953,-35.1476907940925,0
                144.144364670414,-35.1476906199322,0
                144.144368013928,-35.1476904330512,0
                144.144371359103,-35.1476902331711,0
                144.144374705546,-35.147690020014,0
                144.144378052867,-35.1476897933014,0
                144.144381400673,-35.1476895527552,0
                144.144384748572,-35.1476892980972,0
                144.144388096172,-35.1476890290492,0
                144.144391443082,-35.1476887453329,0
                144.144394788909,-35.1476884466702,0
                144.144398133262,-35.1476881327829,0
                144.144401475749,-35.1476878033927,0
                144.144404815978,-35.1476874582214,0
                144.144408153556,-35.1476870969908,0
                144.144411488092,-35.1476867194227,0
                144.144414819195,-35.1476863252389,0
                144.144418146471,-35.1476859141612,0
                144.14442146953,-35.1476854859113,0
                144.144424787979,-35.1476850402112,0
                144.144428101427,-35.1476845767824,0
                144.144431409481,-35.1476840953469,0
                144.14443471175,-35.1476835956264,0
                144.144438007842,-35.1476830773427,0
                144.144441297364,-35.1476825402176,0
                144.144444579925,-35.1476819839729,0
                144.144447855134,-35.1476814083303,0
                144.144451122597,-35.1476808130118,0
                144.144454381924,-35.1476801977389,0
                144.144457632721,-35.1476795622337,0
                144.144460874599,-35.1476789062177,0
                144.144464107163,-35.147678229413,0
                144.144467330023,-35.1476775315411,0
                144.144470542787,-35.1476768123239,0
                144.144473745063,-35.1476760714831,0
                144.144476936458,-35.1476753087407,0
                144.144480116582,-35.1476745238184,0
                144.144483285041,-35.1476737164379,0
                144.144486441445,-35.147672886321,0
                144.1444895854,-35.1476720331896,0
                144.144492716516,-35.1476711567654,0
                144.144495834401,-35.1476702567703,0
                144.144498938661,-35.1476693329259,0
                144.144502028907,-35.1476683849542,0
                144.144505104745,-35.1476674125768,0
                144.144508165784,-35.1476664155156,0
                144.144511211631,-35.1476653934924,0
                144.144514241896,-35.1476643462289,0
                144.144517256186,-35.147663273447,0
                144.144520254108,-35.1476621748684,0
                144.144523235272,-35.1476610502149,0
                144.144526199285,-35.1476598992084,0
                144.144529145756,-35.1476587215705,0
                144.144532074292,-35.1476575170232,0
                144.144534984502,-35.1476562852881,0
                144.144537875993,-35.1476550260872,0
                144.144540748374,-35.147653739142,0
                144.144543601254,-35.1476524241746,0
                144.144546434238,-35.1476510809066,0
                144.144549246937,-35.1476497090598,0
                144.144552038959,-35.1476483083561,0
                144.14455480991,-35.1476468785171,0
                144.1445575594,-35.1476454192648,0
                144.144662961312,-35.1475886871698,0
                144.144672066494,-35.1475259682757,0
                144.144672939793,-35.1475199134728,0
                144.144673721968,-35.1475138391867,0
                144.144674288399,-35.1475077509513,0
                144.144674514464,-35.1475016543008,0
                144.144674275544,-35.1474955547691,0
                144.144673447016,-35.1474894578904,0
                144.144671904261,-35.1474833691988,0
                144.144669685407,-35.1474773194256,0
                144.14466721214,-35.147471381747,0
                144.144664529699,-35.1474655531923,0
                144.144661654333,-35.1474598257567,0
                144.144658602289,-35.1474541914351,0
                144.144655389816,-35.1474486422226,0
                144.144652033162,-35.1474431701141,0
                144.144648548576,-35.1474377671048,0
                144.144644952304,-35.1474324251895,0
                144.144641260597,-35.1474271363633,0
                144.1446374897,-35.1474218926213,0
                144.144633655864,-35.1474166859585,0
                144.144629775335,-35.1474115083698,0
                144.144625864363,-35.1474063518503,0
                144.144621939194,-35.147401208395,0
                144.144618016078,-35.147396069999,0
                144.144614111262,-35.1473909286573,0
                144.144610240995,-35.1473857763648,0
                144.144606421524,-35.1473806051168,0
                144.144602669099,-35.1473754069081,0
                144.144598999966,-35.1473701737338,0
                144.144595430374,-35.147364897589,0
                144.144591976571,-35.1473595704687,0
                144.144588654805,-35.147354184368,0
                144.144585481325,-35.1473487312818,0
                144.144582463202,-35.1473432074466,0
                144.144579515393,-35.1473376517645,0
                144.144576609863,-35.1473320769458,0
                144.14457374226,-35.1473264847719,0
                144.144570908229,-35.1473208770242,0
                144.144568103417,-35.1473152554842,0
                144.144565323471,-35.1473096219334,0
                144.144562564036,-35.147303978153,0
                144.14455982076,-35.1472983259246,0
                144.144557089289,-35.1472926670296,0
                144.144554365268,-35.1472870032493,0
                144.144551644345,-35.1472813363653,0
                144.144548922166,-35.1472756681588,0
                144.144546194376,-35.1472700004115,0
                144.144543456624,-35.1472643349046,0
                144.144540704554,-35.1472586734196,0
                144.144537933814,-35.1472530177379,0
                144.14453514005,-35.1472473696409,0
                144.144532318908,-35.14724173091,0
                144.144529466035,-35.1472361033268,0
                144.144526577076,-35.1472304886724,0
                144.14452364768,-35.1472248887285,0
                144.144520673491,-35.1472193052765,0
                144.144517650156,-35.1472137400976,0
                144.144514573322,-35.1472081949734,0
                144.144511438635,-35.1472026716852,0
                144.144508241741,-35.1471971720145,0
                144.144504978288,-35.1471916977427,0
                144.144501662162,-35.1471862448082,0
                144.144498315081,-35.1471808063623,0
                144.144494937525,-35.1471753821931,0
                144.144491529898,-35.1471699721125,0
                144.144488092603,-35.1471645759324,0
                144.144484626044,-35.1471591934646,0
                144.144481130627,-35.1471538245211,0
                144.144477606753,-35.1471484689138,0
                144.144474054829,-35.1471431264545,0
                144.144470475257,-35.1471377969551,0
                144.144466868441,-35.1471324802276,0
                144.144463234786,-35.1471271760838,0
                144.144459574696,-35.1471218843356,0
                144.144455888575,-35.1471166047948,0
                144.144452176826,-35.1471113372735,0
                144.144448439855,-35.1471060815835,0
                144.144444678064,-35.1471008375366,0
                144.144440891857,-35.1470956049448,0
                144.14443708164,-35.1470903836199,0
                144.144433247815,-35.1470851733739,0
                144.144429390787,-35.1470799740187,0
                144.14442551096,-35.147074785366,0
                144.144421608738,-35.1470696072279,0
                144.144417684525,-35.1470644394161,0
                144.144413738725,-35.1470592817427,0
                144.144409771742,-35.1470541340194,0
                144.144405783979,-35.1470489960583,0
                144.144401775842,-35.1470438676711,0
                144.144397741132,-35.1470387531089,0
                144.144393669282,-35.147033659695,0
                144.144389562696,-35.1470285861358,0
                144.144385424065,-35.1470235309474,0
                144.144381256077,-35.1470184926462,0
                144.144377061421,-35.1470134697485,0
                144.144372842787,-35.1470084607707,0
                144.144368602863,-35.147003464229,0
                144.144364344339,-35.1469984786398,0
                144.144360069905,-35.1469935025194,0
                144.144355782248,-35.1469885343841,0
                144.144351484058,-35.1469835727502,0
                144.144347178025,-35.1469786161341,0
                144.144342866838,-35.146973663052,0
                144.144338553185,-35.1469687120203,0
                144.144334239756,-35.1469637615552,0
                144.14432992924,-35.1469588101732,0
                144.144325624326,-35.1469538563906,0
                144.144321327703,-35.1469488987235,0
                144.14431704206,-35.1469439356885,0
                144.144312770087,-35.1469389658018,0
                144.144308514473,-35.1469339875796,0
                144.144304277907,-35.1469289995385,0
                144.144300063077,-35.1469240001946,0
                144.144295872674,-35.1469189880642,0
                144.144291709385,-35.1469139616638,0
                144.144287575901,-35.1469089195096,0
                144.144283474911,-35.1469038601179,0
                144.144279409103,-35.1468987820052,0
                144.144275388322,-35.1468936798726,0
                144.144271428451,-35.1468885452243,0
                144.144267526351,-35.1468833797298,0
                144.144263678147,-35.1468781854493,0
                144.144259879968,-35.1468729644436,0
                144.144256127939,-35.1468677187733,0
                144.144252418188,-35.1468624504987,0
                144.14424874684,-35.1468571616805,0
                144.144245110024,-35.1468518543793,0
                144.144241503865,-35.1468465306555,0
                144.144237924491,-35.1468411925698,0
                144.144234368027,-35.1468358421827,0
                144.144230830602,-35.1468304815547,0
                144.144227308341,-35.1468251127464,0
                144.144223797372,-35.1468197378183,0
                144.144220293821,-35.1468143588309,0
                144.144216793815,-35.1468089778449,0
                144.14421329348,-35.1468035969208,0
                144.144209788945,-35.146798218119,0
                144.144206276334,-35.1467928435002,0
                144.144202751775,-35.1467874751249,0
                144.144199211396,-35.1467821150537,0
                144.144195651322,-35.146776765347,0
                144.14419206768,-35.1467714280655,0
                144.144188456597,-35.1467661052696,0
                144.1441848142,-35.1467607990199,0
                144.144181136616,-35.146755511377,0
                144.144177419971,-35.1467502444014,0
                144.144173660393,-35.1467450001536,0
                144.144169854007,-35.1467397806942,0
                144.144165996942,-35.1467345880837,0
                144.144162085322,-35.1467294243826,0
                144.144158115276,-35.1467242916516,0
                144.14415408293,-35.146719191951,0
                144.144149984411,-35.1467141273416,0
                144.144145815846,-35.1467090998837,0
                144.144141573361,-35.146704111638,0
                144.144137253168,-35.1466991649174,0
                144.144132856096,-35.146694264797,0
                144.144128389303,-35.1466894089599,0
                144.144123860339,-35.1466845926202,0
                144.144119276752,-35.1466798109922,0
                144.144114646091,-35.1466750592898,0
                144.144109975905,-35.1466703327274,0
                144.144105273743,-35.1466656265191,0
                144.144100547154,-35.1466609358789,0
                144.144095803687,-35.146656256021,0
                144.144091050891,-35.1466515821597,0
                144.144086296314,-35.146646909509,0
                144.144081547507,-35.1466422332832,0
                144.144076812017,-35.1466375486963,0
                144.144072097393,-35.1466328509625,0
                144.144067411185,-35.146628135296,0
                144.144062760942,-35.146623396911,0
                144.144058154211,-35.1466186310216,0
                144.144053598543,-35.146613832842,0
                144.144049101486,-35.1466089975862,0
                144.14404467059,-35.1466041204686,0
                144.143929502438,-35.1464757369771,0
              </coordinates>
            </LinearRing>
          </outerBoundaryIs>
        </Polygon>
      </Placemark>
      <Placemark id="aboriginal_heritageno_camping.3">
        <ExtendedData>
          <SchemaData schemaUrl="#aboriginal_heritageno_camping.schema">
            <SimpleData name="fid">196</SimpleData>
            <SimpleData name="type">mound</SimpleData>
            <SimpleData name="text">Earth Mound</SimpleData>
          </SchemaData>
        </ExtendedData>
        <Polygon>
          <outerBoundaryIs>
            <LinearRing>
              <coordinates>
                144.147669821656,-35.1460032107487,0
                144.147677201349,-35.1459924977008,0
                144.147684501036,-35.1459817478791,0
                144.147691722195,-35.1459709622163,0
                144.147698866302,-35.1459601416453,0
                144.147705934834,-35.1459492870989,0
                144.147712929267,-35.1459383995101,0
                144.147719851078,-35.1459274798118,0
                144.147726701743,-35.1459165289366,0
                144.147733482741,-35.1459055478175,0
                144.147740195547,-35.1458945373875,0
                144.147746841638,-35.1458834985792,0
                144.14775342249,-35.1458724323256,0
                144.147759939581,-35.1458613395596,0
                144.147766394388,-35.1458502212139,0
                144.147772788386,-35.1458390782215,0
                144.147779123053,-35.1458279115152,0
                144.147785399865,-35.1458167220279,0
                144.1477916203,-35.1458055106924,0
                144.147797785833,-35.1457942784415,0
                144.147803897942,-35.1457830262082,0
                144.147809958103,-35.1457717549252,0
                144.147815967794,-35.1457604655255,0
                144.14782192849,-35.1457491589418,0
                144.147827854298,-35.1457378410914,0
                144.147833759762,-35.145726517771,0
                144.147839645381,-35.1457151890761,0
                144.147845511645,-35.1457038551,0
                144.147851359046,-35.1456925159361,0
                144.147857188074,-35.1456811716776,0
                144.147862999222,-35.1456698224178,0
                144.147868792981,-35.1456584682501,0
                144.147874569841,-35.1456471092677,0
                144.147880330295,-35.1456357455641,0
                144.147886074833,-35.1456243772323,0
                144.147891803946,-35.1456130043659,0
                144.147897518127,-35.145601627058,0
                144.147903217866,-35.145590245402,0
                144.147908903654,-35.1455788594912,0
                144.147914575984,-35.1455674694188,0
                144.147920235345,-35.1455560752782,0
                144.14792588223,-35.1455446771628,0
                144.14793151713,-35.1455332751657,0
                144.147937140536,-35.1455218693803,0
                144.147942752939,-35.1455104599,0
                144.147948354831,-35.1454990468179,0
                144.147953946703,-35.1454876302274,0
                144.147959529046,-35.1454762102219,0
                144.147965102351,-35.1454647868946,0
                144.14797066711,-35.1454533603388,0
                144.147976223814,-35.1454419306477,0
                144.147981772955,-35.1454304979149,0
                144.147987315023,-35.1454190622334,0
                144.14799285051,-35.1454076236967,0
                144.147998379908,-35.145396182398,0
                144.148003903707,-35.1453847384306,0
                144.148009422398,-35.1453732918878,0
                144.148014936474,-35.145361842863,0
                144.148020446425,-35.1453503914494,0
                144.148025952403,-35.1453389377616,0
                144.14803144829,-35.1453274821684,0
                144.148036931397,-35.1453160244988,0
                144.148042401375,-35.1453045643906,0
                144.148047857877,-35.1452931014816,0
                144.148053300558,-35.1452816354098,0
                144.148058729069,-35.145270165813,0
                144.148064143063,-35.145258692329,0
                144.148069542194,-35.1452472145958,0
                144.148074926114,-35.1452357322511,0
                144.148080294476,-35.1452242449328,0
                144.148085646934,-35.1452127522788,0
                144.148090983139,-35.1452012539269,0
                144.148096302745,-35.1451897495151,0
                144.148101605404,-35.1451782386811,0
                144.14810689077,-35.1451667210628,0
                144.148112158496,-35.1451551962981,0
                144.148117408234,-35.1451436640248,0
                144.148122639637,-35.1451321238808,0
                144.148127852359,-35.145120575504,0
                144.148133046051,-35.1451090185321,0
                144.148138219616,-35.1450974525492,0
                144.148143337806,-35.1450858747537,0
                144.148148383587,-35.1450742838484,0
                144.148153359844,-35.1450626800013,0
                144.148158269461,-35.1450510633806,0
                144.148163115325,-35.1450394341544,0
                144.148167900319,-35.1450277924907,0
                144.148172627329,-35.1450161385576,0
                144.14817729924,-35.1450044725232,0
                144.148181918937,-35.1449927945556,0
                144.148186489305,-35.1449811048229,0
                144.14819101323,-35.1449694034933,0
                144.148195493596,-35.1449576907347,0
                144.148199933289,-35.1449459667153,0
                144.148204335193,-35.1449342316032,0
                144.148208702194,-35.1449224855664,0
                144.148213037176,-35.144910728773,0
                144.148217343026,-35.1448989613912,0
                144.148221622627,-35.1448871835891,0
                144.148225878865,-35.1448753955345,0
                144.148230114625,-35.1448635973958,0
                144.148234332793,-35.144851789341,0
                144.148238536252,-35.1448399715382,0
                144.148242727889,-35.1448281441553,0
                144.148246910588,-35.1448163073606,0
                144.148251087234,-35.1448044613222,0
                144.148255260713,-35.144792606208,0
                144.148259433909,-35.1447807421862,0
                144.148263609708,-35.1447688694248,0
                144.148267790994,-35.144756988092,0
                144.148271980653,-35.1447450983559,0
                144.14827618157,-35.1447332003844,0
                144.148280396629,-35.1447212943457,0
                144.148284590362,-35.1447093779887,0
                144.148288672605,-35.1446974459295,0
                144.148292643257,-35.1446854987623,0
                144.148296506485,-35.1446735373569,0
                144.148300266456,-35.1446615625832,0
                144.148303927336,-35.1446495753109,0
                144.148307493292,-35.1446375764098,0
                144.148310968491,-35.1446255667498,0
                144.148314357099,-35.1446135472007,0
                144.148317663284,-35.1446015186322,0
                144.14832089121,-35.1445894819142,0
                144.148324045046,-35.1445774379165,0
                144.148327128958,-35.1445653875089,0
                144.148330147113,-35.1445533315612,0
                144.148333103677,-35.1445412709432,0
                144.148336002817,-35.1445292065248,0
                144.148338848699,-35.1445171391756,0
                144.14834164549,-35.1445050697656,0
                144.148344397357,-35.1444929991645,0
                144.148347108467,-35.1444809282421,0
                144.148349782986,-35.1444688578683,0
                144.14835242508,-35.1444567889127,0
                144.148355038917,-35.1444447222453,0
                144.148357628662,-35.1444326587359,0
                144.148360198483,-35.1444205992541,0
                144.148362562299,-35.1444085229384,0
                144.148364410572,-35.1443963970738,0
                144.148365745669,-35.1443842261989,0
                144.148366574731,-35.1443720154097,0
                144.148366904898,-35.1443597698019,0
                144.148366743309,-35.1443474944713,0
                144.148366097104,-35.1443351945137,0
                144.148364973425,-35.1443228750251,0
                144.14836337941,-35.1443105411012,0
                144.148361322199,-35.1442981978377,0
                144.148358808934,-35.1442858503306,0
                144.148355846753,-35.1442735036756,0
                144.148352442797,-35.1442611629684,0
                144.148348604205,-35.144248833305,0
                144.148344338118,-35.144236519781,0
                144.148339605978,-35.1442243778063,0
                144.148334325442,-35.1442126659903,0
                144.148328490477,-35.1442013604967,0
                144.148322096733,-35.1441904316372,0
                144.148315139856,-35.1441798497233,0
                144.148307615497,-35.1441695850668,0
                144.148299519305,-35.1441596079791,0
                144.148290846926,-35.144149888772,0
                144.148281594012,-35.144140397757,0
                144.148271756209,-35.1441311052457,0
                144.148261329168,-35.1441219815496,0
                144.148250308536,-35.1441129969803,0
                144.148238689962,-35.1441041218494,0
                144.148226469096,-35.1440953264684,0
                144.148213641585,-35.1440865811488,0
                144.148200314052,-35.1440780558809,0
                144.148186716158,-35.1440701247014,0
                144.148172881888,-35.1440627955621,0
                144.148158839852,-35.1440560665686,0
                144.148144618659,-35.1440499358267,0
                144.148130246921,-35.1440444014422,0
                144.148115753248,-35.1440394615207,0
                144.148101166249,-35.1440351141681,0
                144.148086514535,-35.14403135749,0
                144.148071826715,-35.1440281895924,0
                144.148057131402,-35.144025608581,0
                144.148042457203,-35.1440236125616,0
                144.14802783273,-35.1440221996401,0
                144.148013286592,-35.1440213679223,0
                144.147998847401,-35.144021115514,0
                144.147984543765,-35.1440214405212,0
                144.147970404296,-35.1440223410497,0
                144.14795641396,-35.1440238095554,0
                144.147942475437,-35.1440258396353,0
                144.147928601267,-35.1440284511331,0
                144.147914811026,-35.1440316651379,0
                144.14790112429,-35.1440355027389,0
                144.147887560637,-35.1440399850255,0
                144.147874139644,-35.1440451330867,0
                144.147860880885,-35.1440509680119,0
                144.147847803939,-35.1440575108903,0
                144.147834928381,-35.1440647828111,0
                144.147822273788,-35.1440728048637,0
                144.147809859737,-35.1440815981371,0
                144.147797705805,-35.1440911837208,0
                144.147785831567,-35.1441015827041,0
                144.147774353265,-35.1441127701208,0
                144.147764141692,-35.144124328732,0
                144.147755336294,-35.1441361284994,0
                144.147747857596,-35.1441481377395,0
                144.147741626123,-35.1441603247689,0
                144.1477365624,-35.1441726579042,0
                144.147732586955,-35.1441851054618,0
                144.147729620311,-35.1441976357579,0
                144.147727582994,-35.1442102171091,0
                144.147726395529,-35.1442228178316,0
                144.147725978442,-35.1442354062418,0
                144.147726252258,-35.1442479506558,0
                144.147727137502,-35.1442604193901,0
                144.147728554699,-35.1442727807608,0
                144.147730424375,-35.1442850030841,0
                144.147732667054,-35.1442970546765,0
                144.147735203261,-35.144308903854,0
                144.147737953522,-35.144320518933,0
                144.147740957714,-35.1443318852669,0
                144.14774499409,-35.1443431137193,0
                144.147750100767,-35.1443542438673,0
                144.147756134818,-35.1443652923339,0
                144.147762953317,-35.144376275742,0
                144.147770413337,-35.1443872107145,0
                144.147778371951,-35.1443981138744,0
                144.147786686233,-35.1444090018447,0
                144.147795213255,-35.1444198912484,0
                144.147803810092,-35.1444307987086,0
                144.147812333816,-35.1444417408484,0
                144.147820641501,-35.1444527342908,0
                144.147828590218,-35.1444637956591,0
                144.147836037042,-35.1444749415764,0
                144.147842839044,-35.144486188666,0
                144.147848853298,-35.1444975535511,0
                144.147853936876,-35.144509052855,0
                144.14785794685,-35.1445207032009,0
                144.147860740294,-35.1445325212121,0
                144.147862174279,-35.1445445235118,0
                144.147862346502,-35.14455669548,0
                144.147862283007,-35.1445689023436,0
                144.147862120054,-35.1445811253861,0
                144.147861859878,-35.144593363322,0
                144.147861504716,-35.1446056148662,0
                144.147861056804,-35.1446178787331,0
                144.147860518376,-35.1446301536374,0
                144.14785989167,-35.1446424382937,0
                144.147859178921,-35.1446547314167,0
                144.147858382365,-35.144667031721,0
                144.147857504238,-35.1446793379212,0
                144.147856546775,-35.1446916487319,0
                144.147855512213,-35.1447039628678,0
                144.147854402787,-35.1447162790436,0
                144.147853220733,-35.1447285959737,0
                144.147851968287,-35.1447409123729,0
                144.147850647686,-35.1447532269558,0
                144.147849261164,-35.144765538437,0
                144.147847810957,-35.1447778455312,0
                144.147846299302,-35.144790146953,0
                144.147844728435,-35.144802441417,0
                144.147843100591,-35.1448147276378,0
                144.147841418006,-35.14482700433,0
                144.147839682916,-35.1448392702084,0
                144.147837897556,-35.1448515239875,0
                144.147836064164,-35.1448637643819,0
                144.147834184974,-35.1448759901064,0
                144.147832280009,-35.1448882028528,0
                144.147830527933,-35.1449004319217,0
                144.147828944424,-35.144912681409,0
                144.147827491645,-35.1449249466717,0
                144.147826131755,-35.1449372230674,0
                144.147824826915,-35.1449495059532,0
                144.147823539285,-35.1449617906865,0
                144.147822231028,-35.1449740726246,0
                144.147820864302,-35.1449863471247,0
                144.147819401269,-35.1449986095441,0
                144.147817804089,-35.1450108552401,0
                144.147816034923,-35.1450230795699,0
                144.147814055932,-35.145035277891,0
                144.147811829276,-35.1450474455604,0
                144.147809317115,-35.1450595779356,0
                144.14780648161,-35.1450716703736,0
                144.147803284922,-35.1450837182319,0
                144.14779968921,-35.1450957168676,0
                144.147795656636,-35.145107661638,0
                144.14779114936,-35.1451195479002,0
                144.147786129542,-35.1451313710115,0
                144.147780559342,-35.1451431263292,0
                144.147774402003,-35.1451548090995,0
                144.147767891565,-35.1451663893109,0
                144.147761229998,-35.1451778489818,0
                144.147754422051,-35.1451891922477,0
                144.147747472473,-35.1452004232445,0
                144.147740386012,-35.1452115461079,0
                144.147733167416,-35.1452225649737,0
                144.147725821436,-35.1452334839775,0
                144.147718352819,-35.1452443072551,0
                144.147710766314,-35.1452550389423,0
                144.14770306667,-35.1452656831747,0
                144.147695258637,-35.1452762440883,0
                144.147687346961,-35.1452867258186,0
                144.147679336394,-35.1452971325015,0
                144.147671231682,-35.1453074682726,0
                144.147663037575,-35.1453177372679,0
                144.147654758822,-35.1453279436228,0
                144.147646400172,-35.1453380914734,0
                144.147637966373,-35.1453481849552,0
                144.147629462174,-35.1453582282041,0
                144.147620892323,-35.1453682253558,0
                144.147612261571,-35.145378180546,0
                144.147603574665,-35.1453880979106,0
                144.147594836354,-35.1453979815852,0
                144.147586051387,-35.1454078357057,0
                144.147577224513,-35.1454176644078,0
                144.14756836048,-35.1454274718273,0
                144.147559464038,-35.1454372620999,0
                144.147550539935,-35.1454470393613,0
                144.147541592919,-35.1454568077475,0
                144.147532627741,-35.145466571394,0
                144.147523649148,-35.1454763344368,0
                144.147514661889,-35.1454861010115,0
                144.147505670714,-35.145495875254,0
                144.14749668037,-35.1455056613,0
                144.147487695607,-35.1455154632853,0
                144.147478721173,-35.1455252853457,0
                144.147469761817,-35.1455351316169,0
                144.147460822289,-35.1455450062347,0
                144.147451907336,-35.145554913335,0
                144.147443021708,-35.1455648570534,0
                144.147434170153,-35.1455748415259,0
                144.147425357421,-35.1455848708881,0
                144.147416588259,-35.1455949492758,0
                144.147407871118,-35.145605065192,0
                144.147399216358,-35.1456151742727,0
                144.147390618451,-35.1456252730095,0
                144.147382070978,-35.1456353608643,0
                144.147373567516,-35.1456454372987,0
                144.147365101644,-35.1456555017745,0
                144.14735666694,-35.1456655537534,0
                144.147348256984,-35.1456755926973,0
                144.147339865355,-35.1456856180678,0
                144.14733148563,-35.1456956293267,0
                144.147323111389,-35.1457056259358,0
                144.147314736209,-35.1457156073567,0
                144.147306353671,-35.1457255730513,0
                144.147297957352,-35.1457355224812,0
                144.147289540831,-35.1457454551081,0
                144.147281097687,-35.1457553703939,0
                144.147272621498,-35.1457652678003,0
                144.147264105843,-35.1457751467889,0
                144.147255544301,-35.1457850068215,0
                144.14724693045,-35.1457948473598,0
                144.14723825787,-35.1458046678655,0
                144.147229520137,-35.1458144678005,0
                144.147220710833,-35.1458242466263,0
                144.147211823533,-35.1458340038047,0
                144.147202851819,-35.1458437387974,0
                144.147193789267,-35.1458534510661,0
                144.147184629458,-35.1458631400725,0
                144.147175365968,-35.1458728052784,0
                144.147165992378,-35.1458824461455,0
                144.147156502265,-35.1458920621353,0
                144.147146889208,-35.1459016527098,0
                144.147137146787,-35.1459112173304,0
                144.147127268578,-35.145920755459,0
                144.147117248162,-35.1459302665572,0
                144.147107079116,-35.1459397500867,0
                144.147096755019,-35.1459492055092,0
                144.147086269451,-35.1459586322864,0
                144.147075615988,-35.14596802988,0
                144.147064788211,-35.1459773977516,0
                144.147053779697,-35.1459867353629,0
                144.147042513627,-35.1459959185334,0
                144.147030835879,-35.1460046598563,0
                144.14701876354,-35.1460129476682,0
                144.147006320609,-35.1460207819666,0
                144.146993531086,-35.1460281627488,0
                144.146980418973,-35.1460350900124,0
                144.146967008269,-35.1460415637546,0
                144.146953322976,-35.146047583973,0
                144.146939387094,-35.146053150665,0
                144.146925224624,-35.146058263828,0
                144.146910859566,-35.1460629234596,0
                144.146896315921,-35.1460671295571,0
                144.146881617689,-35.146070882118,0
                144.146866788872,-35.14607418114,0
                144.14685185347,-35.1460770266203,0
                144.146836835484,-35.1460794185567,0
                144.146821758913,-35.1460813569465,0
                144.14680664776,-35.1460828417874,0
                144.146791526024,-35.1460838730769,0
                144.146776417707,-35.1460844508126,0
                144.146761346809,-35.146084574992,0
                144.14674633733,-35.1460842456127,0
                144.146332660935,-35.1460688769553,0
                144.146091618467,-35.1460736370218,0
                144.146078585978,-35.146073830351,0
                144.146065563378,-35.14607389174,0
                144.146052551356,-35.1460738156214,0
                144.146039550599,-35.1460735964277,0
                144.146026561797,-35.1460732285915,0
                144.146013585638,-35.1460727065454,0
                144.146000622809,-35.1460720247219,0
                144.145987674,-35.1460711775537,0
                144.145974739899,-35.1460701594732,0
                144.145961821194,-35.1460689649131,0
                144.145948918573,-35.1460675883059,0
                144.145936032725,-35.1460660240841,0
                144.145923164339,-35.1460642666805,0
                144.145910314103,-35.1460623105274,0
                144.145897482705,-35.1460601500576,0
                144.145884670833,-35.1460577797036,0
                144.145871879176,-35.1460551938979,0
                144.145859108423,-35.1460523870731,0
                144.145846359262,-35.1460493536618,0
                144.14583363238,-35.1460460880966,0
                144.145820928468,-35.1460425848101,0
                144.145808248212,-35.1460388382348,0
                144.145795592302,-35.1460348428032,0
                144.145782993727,-35.1460305749429,0
                144.14577088627,-35.1460257937571,0
                144.145759372459,-35.1460204562105,0
                144.145748409112,-35.1460146020876,0
                144.145737953047,-35.1460082711728,0
                144.145727961082,-35.1460015032507,0
                144.145718390036,-35.1459943381056,0
                144.145709196728,-35.145986815522,0
                144.145700337975,-35.1459789752842,0
                144.145691770596,-35.1459708571767,0
                144.14568345141,-35.1459625009839,0
                144.145675337234,-35.14595394649,0
                144.145667384887,-35.1459452334794,0
                144.145659551187,-35.1459364017366,0
                144.145651792953,-35.1459274910457,0
                144.145644067003,-35.145918541191,0
                144.145636330155,-35.145909591957,0
                144.145628539228,-35.1459006831279,0
                144.14562065104,-35.1458918544879,0
                144.14561262241,-35.1458831458213,0
                144.145604410155,-35.1458745969124,0
                144.145595971095,-35.1458662475454,0
                144.145587262047,-35.1458581375046,0
                144.14557823983,-35.1458503065742,0
                144.145568861262,-35.1458427945383,0
                144.145559083162,-35.1458356411811,0
                144.145548862348,-35.1458288862869,0
                144.145538164653,-35.1458225616651,0
                144.145527283077,-35.1458164104283,0
                144.145516373475,-35.1458102990794,0
                144.145505431921,-35.1458042358202,0
                144.14549445449,-35.1457982288527,0
                144.145483437255,-35.1457922863787,0
                144.145472376291,-35.1457864166001,0
                144.145461267671,-35.1457806277189,0
                144.14545010747,-35.1457749279368,0
                144.145438891761,-35.1457693254559,0
                144.145427616619,-35.1457638284779,0
                144.145416278119,-35.1457584452047,0
                144.145404872333,-35.1457531838383,0
                144.145393395336,-35.1457480525805,0
                144.145381843202,-35.1457430596332,0
                144.145370212005,-35.1457382131982,0
                144.14535849782,-35.1457335214774,0
                144.14534669672,-35.1457289926728,0
                144.145334804779,-35.145724634986,0
                144.145322818071,-35.1457204566192,0
                144.14531073267,-35.145716465774,0
                144.145298544651,-35.1457126706524,0
                144.145286250088,-35.1457090794562,0
                144.145273845053,-35.1457057003873,0
                144.145261325622,-35.1457025416475,0
                144.145248695844,-35.1456996157734,0
                144.145235984598,-35.1456969404108,0
                144.145223200158,-35.1456945121102,0
                144.14521034851,-35.1456923257756,0
                144.145197435638,-35.1456903763109,0
                144.145184467527,-35.1456886586199,0
                144.145171450162,-35.1456871676067,0
                144.145158389528,-35.145685898175,0
                144.145145291608,-35.1456848452289,0
                144.145132162389,-35.1456840036722,0
                144.145119007854,-35.1456833684088,0
                144.145105833988,-35.1456829343428,0
                144.145092646776,-35.1456826963779,0
                144.145079452203,-35.1456826494181,0
                144.145066256253,-35.1456827883674,0
                144.145053064912,-35.1456831081297,0
                144.145039884163,-35.145683603609,0
                144.145026719992,-35.1456842697091,0
                144.145013578384,-35.145685101334,0
                144.145000465323,-35.1456860933877,0
                144.144987386793,-35.1456872407741,0
                144.14497434878,-35.1456885383971,0
                144.144961357269,-35.1456899811608,0
                144.144948418243,-35.145691563969,0
                144.144935537689,-35.1456932817257,0
                144.144922716845,-35.1456951214098,0
                144.144909944628,-35.1456970592929,0
                144.144897218407,-35.1456990958307,0
                144.144884536216,-35.1457012328681,0
                144.144871896088,-35.1457034722499,0
                144.14485929606,-35.1457058158209,0
                144.144846734164,-35.1457082654261,0
                144.144834208434,-35.1457108229101,0
                144.144821716906,-35.1457134901178,0
                144.144809257612,-35.1457162688941,0
                144.144796828588,-35.1457191610838,0
                144.144784427867,-35.1457221685317,0
                144.144772053484,-35.1457252930826,0
                144.144759703473,-35.1457285365814,0
                144.144747375867,-35.1457319008728,0
                144.144735068702,-35.1457353878018,0
                144.14472278001,-35.1457389992131,0
                144.144710507828,-35.1457427369515,0
                144.144698250187,-35.145746602862,0
                144.144686005124,-35.1457505987892,0
                144.144673770671,-35.145754726578,0
                144.144661544863,-35.1457589880732,0
                144.144649325735,-35.1457633851197,0
                144.14463711132,-35.1457679195623,0
                144.144624899652,-35.1457725932457,0
                144.144612688766,-35.1457774080148,0
                144.144600484834,-35.14578236135,0
                144.144588458953,-35.1457873655668,0
                144.144576672528,-35.1457923999087,0
                144.144565115203,-35.1457974832729,0
                144.14455377662,-35.1458026345568,0
                144.144542646422,-35.1458078726577,0
                144.144531714252,-35.1458132164729,0
                144.144520969753,-35.1458186848998,0
                144.144510402568,-35.1458242968356,0
                144.144500002339,-35.1458300711776,0
                144.144489758709,-35.1458360268232,0
                144.144479661321,-35.1458421826697,0
                144.144469699817,-35.1458485576143,0
                144.144459863841,-35.1458551705544,0
                144.144450143035,-35.1458620403871,0
                144.144440527042,-35.1458691860098,0
                144.144431005505,-35.1458766263198,0
                144.144421568065,-35.1458843802143,0
                144.144412204367,-35.1458924665906,0
                144.144402904052,-35.145900904346,0
                144.144393656764,-35.1459097123776,0
                144.144384452145,-35.1459189095828,0
                144.14437528492,-35.145928512124,0
                144.144366539467,-35.1459383204482,0
                144.144358449213,-35.1459481971818,0
                144.144350998251,-35.1459581354269,0
                144.144344170676,-35.1459681282854,0
                144.144337950583,-35.1459781688595,0
                144.144332322066,-35.145988250251,0
                144.14432726922,-35.1459983655621,0
                144.144322776139,-35.1460085078947,0
                144.144318826917,-35.1460186703508,0
                144.14431540565,-35.1460288460323,0
                144.144312496431,-35.1460390280412,0
                144.144310083355,-35.1460492094796,0
                144.144308150516,-35.1460593834492,0
                144.14430668201,-35.1460695430521,0
                144.14430566193,-35.1460796813902,0
                144.144305074371,-35.1460897915654,0
                144.144304881736,-35.1460998822476,0
                144.144305079238,-35.1461099682744,0
                144.144305704012,-35.1461200501819,0
                144.144306793205,-35.1461301284994,0
                144.144308383966,-35.1461402037567,0
                144.144310513443,-35.1461502764834,0
                144.144313218785,-35.1461603472088,0
                144.14431653714,-35.1461704164627,0
                144.144320505657,-35.1461804847745,0
                144.144325161483,-35.1461905526738,0
                144.144330541767,-35.14620062069,0
                144.144336683658,-35.1462106893528,0
                144.144343624303,-35.1462207591914,0
                144.144351400853,-35.1462308307354,0
                144.144360050454,-35.1462409045142,0
                144.144369610255,-35.1462509810573,0
                144.144380117406,-35.1462610608938,0
                144.144391160654,-35.1462709082981,0
                144.144402260416,-35.1462802620249,0
                144.144413417569,-35.1462891196075,0
                144.144424633264,-35.1462974787253,0
                144.144435908653,-35.1463053370578,0
                144.144447244888,-35.1463126922842,0
                144.144458643121,-35.1463195420841,0
                144.144470104503,-35.1463258841368,0
                144.144481630187,-35.1463317161218,0
                144.144493221324,-35.1463370357184,0
                144.144504879066,-35.146341840606,0
                144.144516604564,-35.146346128464,0
                144.14452839897,-35.1463498969719,0
                144.144540263436,-35.146353143809,0
                144.144552199115,-35.1463558666547,0
                144.144564207156,-35.1463580631885,0
                144.144576288713,-35.1463597310897,0
                144.144588444937,-35.1463608680377,0
                144.144600676979,-35.1463614717118,0
                144.144612985992,-35.1463615397916,0
                144.144625373149,-35.1463610699582,0
                144.144637848928,-35.1463600693997,0
                144.144650407598,-35.1463585762196,0
                144.14466302903,-35.1463566347563,0
                144.144675693096,-35.146354289348,0
                144.144688379666,-35.1463515843328,0
                144.144701068611,-35.1463485640491,0
                144.144713739801,-35.1463452728351,0
                144.144726373108,-35.1463417550291,0
                144.144738948402,-35.1463380549694,0
                144.144751445554,-35.1463342169943,0
                144.144763844436,-35.146330285442,0
                144.144776094513,-35.1463261857267,0
                144.144788122404,-35.1463216690597,0
                144.14479995367,-35.1463167912078,0
                144.144811618455,-35.1463116238637,0
                144.144823146901,-35.14630623872,0
                144.144834569152,-35.1463007074696,0
                144.144845915352,-35.1462951018051,0
                144.144857215644,-35.1462894934192,0
                144.14486850017,-35.1462839540046,0
                144.144879799076,-35.146278555254,0
                144.144891142503,-35.1462733688599,0
                144.144902560597,-35.1462684665151,0
                144.144914083499,-35.1462639199122,0
                144.144925741355,-35.1462598007438,0
                144.144937564307,-35.1462561807026,0
                144.144949667978,-35.1462531842963,0
                144.144962184881,-35.1462509288196,0
                144.144975047259,-35.1462493939939,0
                144.144988183256,-35.1462485568567,0
                144.145001521018,-35.1462483944456,0
                144.145014988691,-35.1462488837982,0
                144.14502851442,-35.1462500019521,0
                144.145042026351,-35.146251725945,0
                144.145055452628,-35.1462540328146,0
                144.145068721399,-35.1462568995985,0
                144.145081760807,-35.1462603033345,0
                144.145094498998,-35.1462642210604,0
                144.145106864119,-35.146268629814,0
                144.145118784313,-35.1462735066331,0
                144.145130152216,-35.1462789186634,0
                144.145140909577,-35.1462849909763,0
                144.145151147116,-35.1462916267866,0
                144.145160959214,-35.1462987224878,0
                144.145170440253,-35.1463061744734,0
                144.145179684614,-35.1463138791368,0
                144.145188786678,-35.1463217328714,0
                144.145197840827,-35.1463296320706,0
                144.145206941441,-35.1463374731276,0
                144.145216182904,-35.1463451524359,0
                144.145225659595,-35.1463525663887,0
                144.145235465896,-35.1463596113793,0
                144.145245696188,-35.1463661838009,0
                144.145256444853,-35.1463721800465,0
                144.145267792954,-35.1463775111265,0
                144.145279361574,-35.1463825923082,0
                144.145290941995,-35.1463876505202,0
                144.145302536607,-35.1463926807397,0
                144.145314147804,-35.1463976779443,0
                144.145325777979,-35.1464026371112,0
                144.145337429524,-35.1464075532178,0
                144.145349104831,-35.1464124212416,0
                144.145360806293,-35.1464172361598,0
                144.145372536303,-35.1464219929499,0
                144.145384297253,-35.1464266865891,0
                144.145396091536,-35.146431312055,0
                144.145407921545,-35.1464358643247,0
                144.145419789671,-35.1464403383758,0
                144.145431698307,-35.1464447291855,0
                144.145443649847,-35.1464490317313,0
                144.145455646682,-35.1464532409904,0
                144.145467691206,-35.1464573519403,0
                144.14547978581,-35.1464613595583,0
                144.145491932887,-35.1464652588217,0
                144.14550413483,-35.1464690447079,0
                144.145516394031,-35.1464727121943,0
                144.145528712883,-35.1464762562583,0
                144.145541093779,-35.146479671877,0
                144.14555353911,-35.1464829540281,0
                144.14556605127,-35.1464860976886,0
                144.14557863265,-35.1464890978361,0
                144.145591285644,-35.1464919494479,0
                144.145604012644,-35.1464946475012,0
                144.145616816043,-35.1464971869736,0
                144.145629697234,-35.1464995645142,0
                144.145642610382,-35.1465018557175,0
                144.145655529382,-35.1465041025475,0
                144.145668454021,-35.1465063034887,0
                144.145681384083,-35.1465084570254,0
                144.145694319354,-35.1465105616422,0
                144.14570725962,-35.1465126158233,0
                144.145720204667,-35.1465146180534,0
                144.145733154279,-35.1465165668168,0
                144.145746108244,-35.1465184605979,0
                144.145759066345,-35.1465202978812,0
                144.14577202837,-35.1465220771511,0
                144.145784994102,-35.146523796892,0
                144.145797963329,-35.1465254555885,0
                144.145810935835,-35.1465270517248,0
                144.145823911407,-35.1465285837855,0
                144.145836889829,-35.146530050255,0
                144.145849870887,-35.1465314496177,0
                144.145862854368,-35.146532780358,0
                144.145875840056,-35.1465340409604,0
                144.145888827737,-35.1465352299094,0
                144.145901817196,-35.1465363456893,0
                144.14591480822,-35.1465373867846,0
                144.145927800593,-35.1465383516797,0
                144.145940794102,-35.146539238859,0
                144.145953788532,-35.1465400468071,0
                144.145966783668,-35.1465407740083,0
                144.145979779297,-35.146541418947,0
                144.145992775203,-35.1465419801078,0
                144.146005771172,-35.1465424559749,0
                144.14601876699,-35.1465428450329,0
                144.146031762442,-35.1465431457663,0
                144.146044757314,-35.1465433566594,0
                144.146057751392,-35.1465434761966,0
                144.146070744461,-35.1465435028624,0
                144.146083736306,-35.1465434351413,0
                144.146096726714,-35.1465432715177,0
                144.146109715469,-35.1465430104759,0
                144.146122702358,-35.1465426505006,0
                144.146135687165,-35.146542190076,0
                144.14614867035,-35.1465416443107,0
                144.146161653787,-35.1465410619391,0
                144.146174637599,-35.1465404470349,0
                144.146187621783,-35.1465398004915,0
                144.146200606334,-35.1465391232024,0
                144.146213591248,-35.146538416061,0
                144.146226576521,-35.1465376799608,0
                144.14623956215,-35.1465369157952,0
                144.146252548131,-35.1465361244578,0
                144.146265534459,-35.1465353068419,0
                144.146278521131,-35.1465344638411,0
                144.146291508143,-35.1465335963487,0
                144.146304495491,-35.1465327052583,0
                144.146317483171,-35.1465317914632,0
                144.146330471178,-35.146530855857,0
                144.14634345951,-35.1465298993332,0
                144.146356448162,-35.1465289227851,0
                144.146369437131,-35.1465279271063,0
                144.146382426411,-35.1465269131901,0
                144.146395416,-35.1465258819301,0
                144.146408405894,-35.1465248342197,0
                144.146421396088,-35.1465237709524,0
                144.146434386579,-35.1465226930216,0
                144.146447377362,-35.1465216013208,0
                144.146460368435,-35.1465204967435,0
                144.146473359792,-35.146519380183,0
                144.14648635143,-35.1465182525329,0
                144.146499343345,-35.1465171146867,0
                144.146512335534,-35.1465159675377,0
                144.146525327992,-35.1465148119795,0
                144.146538320715,-35.1465136489055,0
                144.146551313699,-35.1465124792091,0
                144.146564306941,-35.1465113037839,0
                144.146577300437,-35.1465101235232,0
                144.146590294182,-35.1465089393206,0
                144.146603287104,-35.1465077528084,0
                144.14661627302,-35.1465065681126,0
                144.146629251074,-35.1465053840742,0
                144.146642221433,-35.1465041987172,0
                144.146655184263,-35.1465030100655,0
                144.146668139728,-35.1465018161431,0
                144.146681087994,-35.1465006149739,0
                144.146694029227,-35.1464994045818,0
                144.146706963594,-35.1464981829909,0
                144.146719891258,-35.146496948225,0
                144.146732812387,-35.1464956983081,0
                144.146745727145,-35.1464944312641,0
                144.146758635698,-35.1464931451171,0
                144.146771538213,-35.1464918378909,0
                144.146784434854,-35.1464905076095,0
                144.146797325787,-35.1464891522969,0
                144.146810211178,-35.1464877699769,0
                144.146823091192,-35.1464863586736,0
                144.146835965996,-35.1464849164108,0
                144.146848835754,-35.1464834412126,0
                144.146861700633,-35.1464819311028,0
                144.146874560797,-35.1464803841055,0
                144.146887416413,-35.1464787982446,0
                144.146900267647,-35.1464771715439,0
                144.146913114663,-35.1464755020275,0
                144.146925957627,-35.1464737877193,0
                144.146938796706,-35.1464720266433,0
                144.146951632065,-35.1464702168234,0
                144.146964463868,-35.1464683562835,0
                144.146977292283,-35.1464664430476,0
                144.146990117474,-35.1464644751396,0
                144.147002939608,-35.1464624505834,0
                144.147015758849,-35.1464603674032,0
                144.147028575363,-35.1464582236226,0
                144.147041389317,-35.1464560172658,0
                144.147054200875,-35.1464537463567,0
                144.147067010204,-35.1464514089191,0
                144.147079817468,-35.1464490029771,0
                144.147092622834,-35.1464465265545,0
                144.147105426466,-35.1464439776754,0
                144.147118228532,-35.1464413543637,0
                144.147131029195,-35.1464386546433,0
                144.147143828623,-35.1464358765381,0
                144.147156626567,-35.1464330174057,0
                144.147169350101,-35.1464299593881,0
                144.147181944525,-35.146426621338,0
                144.1471944085,-35.1464230098152,0
                144.14720674069,-35.1464191313797,0
                144.147218939758,-35.1464149925916,0
                144.147231004368,-35.1464106000107,0
                144.147242933182,-35.1464059601971,0
                144.147254724864,-35.1464010797106,0
                144.147266378075,-35.1463959651113,0
                144.147277891481,-35.1463906229592,0
                144.147289263743,-35.1463850598141,0
                144.147300493526,-35.1463792822362,0
                144.147311579491,-35.1463732967852,0
                144.147322520303,-35.1463671100213,0
                144.147333314624,-35.1463607285044,0
                144.147343961117,-35.1463541587943,0
                144.147354458447,-35.1463474074512,0
                144.147364805275,-35.146340481035,0
                144.147375000265,-35.1463333861056,0
                144.14738504208,-35.1463261292231,0
                144.147394929384,-35.1463187169473,0
                144.147404660839,-35.1463111558383,0
                144.147414235109,-35.146303452456,0
                144.147423650857,-35.1462956133605,0
                144.147432906747,-35.1462876451116,0
                144.147442001441,-35.1462795542693,0
                144.147450933602,-35.1462713473937,0
                144.147459701894,-35.1462630310446,0
                144.147468304981,-35.1462546117821,0
                144.147476741525,-35.1462460961661,0
                144.147485010189,-35.1462374907566,0
                144.147493109637,-35.1462288021135,0
                144.147501038532,-35.1462200367969,0
                144.147508795538,-35.1462112013666,0
                144.147516381136,-35.146202303235,0
                144.147523873174,-35.1461933840181,0
                144.147531313796,-35.1461844627661,0
                144.147538703322,-35.1461755379209,0
                144.147546042072,-35.1461666079243,0
                144.147553330366,-35.1461576712181,0
                144.147560568525,-35.146148726244,0
                144.147567756867,-35.146139771444,0
                144.147574895713,-35.1461308052597,0
                144.147581985384,-35.1461218261331,0
                144.147589026198,-35.1461128325058,0
                144.147596018476,-35.1461038228198,0
                144.147602962537,-35.1460947955168,0
                144.147609858703,-35.1460857490385,0
                144.147616707292,-35.146076681827,0
                144.147623508625,-35.1460675923238,0
                144.147630263022,-35.1460584789708,0
                144.147636970802,-35.1460493402099,0
                144.147643632286,-35.1460401744828,0
                144.147650247793,-35.1460309802313,0
                144.147656817644,-35.1460217558973,0
                144.147663342158,-35.1460124999225,0
                144.147669821656,-35.1460032107487,0
              </coordinates>
            </LinearRing>
          </outerBoundaryIs>
        </Polygon>
      </Placemark>
      <Placemark id="aboriginal_heritageno_camping.4">
        <ExtendedData>
          <SchemaData schemaUrl="#aboriginal_heritageno_camping.schema">
            <SimpleData name="fid">197</SimpleData>
            <SimpleData name="type">mound</SimpleData>
            <SimpleData name="text">Earth Mound</SimpleData>
          </SchemaData>
        </ExtendedData>
        <Polygon>
          <outerBoundaryIs>
            <LinearRing>
              <coordinates>
                144.15029876765,-35.1482082105345,0
                144.150332800582,-35.1480846736933,0
                144.150336501494,-35.1480738316567,0
                144.150341204171,-35.1480631209744,0
                144.150346334485,-35.1480525011915,0
                144.150351318309,-35.1480419318532,0
                144.150355581517,-35.1480313725046,0
                144.150358549984,-35.1480207826911,0
                144.150359748015,-35.1480102119977,0
                144.150359176373,-35.1479998255269,0
                144.150356954153,-35.1479896316651,0
                144.1503531991,-35.1479796338863,0
                144.150348028959,-35.1479698356646,0
                144.150341561475,-35.147960240474,0
                144.150333914392,-35.1479508517885,0
                144.150325205456,-35.1479416730819,0
                144.150315552411,-35.1479327078282,0
                144.150305073002,-35.1479239595015,0
                144.150293884973,-35.1479154315757,0
                144.150282106069,-35.1479071275248,0
                144.150269854033,-35.1478990508229,0
                144.150257246611,-35.147891204944,0
                144.150244401547,-35.1478835933622,0
                144.150231436584,-35.1478762195518,0
                144.15021842471,-35.1478696701974,0
                144.150205342126,-35.1478648104627,0
                144.150192195042,-35.1478613741223,0
                144.150178990709,-35.1478590745398,0
                144.150165736381,-35.1478576250786,0
                144.15015243931,-35.1478567391023,0
                144.150139106834,-35.1478561304548,0
                144.150125748613,-35.1478556047252,0
                144.150112368737,-35.1478551619845,0
                144.150098968618,-35.1478548265877,0
                144.15008554967,-35.1478546228896,0
                144.150072113306,-35.1478545752448,0
                144.150058660939,-35.1478547080084,0
                144.150045193981,-35.1478550455349,0
                144.150031713846,-35.1478556121793,0
                144.150018221947,-35.1478564322963,0
                144.150004719696,-35.1478575302407,0
                144.149991208507,-35.1478589303674,0
                144.149977689792,-35.1478606570311,0
                144.149964164964,-35.1478627345865,0
                144.149950635436,-35.1478651873886,0
                144.149937102621,-35.1478680397921,0
                144.149923567932,-35.1478713161518,0
                144.149910032781,-35.1478750408225,0
                144.149896498581,-35.147879238159,0
                144.149882966746,-35.147883932516,0
                144.149869438687,-35.1478891482485,0
                144.149856311307,-35.1478948912576,0
                144.149844195401,-35.1479011494697,0
                144.14983303746,-35.1479079360856,0
                144.149822774527,-35.1479152647064,0
                144.149813343645,-35.1479231489333,0
                144.149804681858,-35.1479316023674,0
                144.149796726209,-35.1479406386097,0
                144.149789413742,-35.1479502712614,0
                144.149782680467,-35.1479605125411,0
                144.14977621357,-35.1479710230217,0
                144.149769801217,-35.1479815332436,0
                144.149763443658,-35.1479920434055,0
                144.149757141147,-35.148002553706,0
                144.149750893935,-35.1480130643436,0
                144.149744702273,-35.1480235755168,0
                144.149738566415,-35.1480340874243,0
                144.149732486611,-35.1480446002646,0
                144.149726463115,-35.1480551142363,0
                144.149720496177,-35.148065629538,0
                144.14971458605,-35.1480761463682,0
                144.149708732986,-35.1480866649255,0
                144.149702937237,-35.1480971854085,0
                144.149697199055,-35.1481077080157,0
                144.149691518691,-35.1481182329457,0
                144.149685896399,-35.1481287603972,0
                144.149680332429,-35.1481392905685,0
                144.149674827033,-35.1481498236584,0
                144.149669380465,-35.1481603598655,0
                144.149663992975,-35.1481708993881,0
                144.149658664816,-35.148181442425,0
                144.149653396239,-35.1481919891747,0
                144.149648187497,-35.1482025398358,0
                144.149643038842,-35.1482130946069,0
                144.149637950525,-35.1482236536864,0
                144.149632922799,-35.1482342172731,0
                144.149627955916,-35.1482447855654,0
                144.149623050127,-35.1482553587619,0
                144.149618205684,-35.1482659370612,0
                144.14961342284,-35.1482765206619,0
                144.149608701847,-35.1482871097626,0
                144.149604042956,-35.1482977045617,0
                144.149599446419,-35.1483083052579,0
                144.149594912489,-35.1483189120498,0
                144.149590441417,-35.1483295251358,0
                144.149586033456,-35.1483401447147,0
                144.149581688857,-35.1483507709849,0
                144.149577407873,-35.1483614041451,0
                144.149573190754,-35.1483720443937,0
                144.149569037754,-35.1483826919294,0
                144.149564949125,-35.1483933469508,0
                144.149560925117,-35.1484040096563,0
                144.149556965984,-35.1484146802446,0
                144.149553071978,-35.1484253589142,0
                144.149549243349,-35.1484360458638,0
                144.149545480351,-35.1484467412918,0
                144.149541783234,-35.1484574453969,0
                144.149538152252,-35.1484681583776,0
                144.149534587657,-35.1484788804324,0
                144.149531089699,-35.1484896117601,0
                144.149527658631,-35.148500352559,0
                144.149524294706,-35.1485111030279,0
                144.149520998175,-35.1485218633652,0
                144.14951776929,-35.1485326337695,0
                144.149514608302,-35.1485434144394,0
                144.149511515465,-35.1485542055735,0
                144.14950849103,-35.1485650073703,0
                144.149505535249,-35.1485758200284,0
                144.149502648374,-35.1485866437464,0
                144.149499830658,-35.1485974787228,0
                144.149497082351,-35.1486083251562,0
                144.149494403706,-35.1486191832451,0
                144.149491794975,-35.1486300531883,0
                144.149489256409,-35.1486409351841,0
                144.149486788262,-35.1486518294312,0
                144.149484390785,-35.1486627361281,0
                144.14948206423,-35.1486736554735,0
                144.149479808848,-35.1486845876658,0
                144.149477624893,-35.1486955329036,0
                144.149475512615,-35.1487064913856,0
                144.149473472267,-35.1487174633102,0
                144.149471504101,-35.1487284488761,0
                144.149469608369,-35.1487394482818,0
                144.149467785322,-35.1487504617258,0
                144.149466035214,-35.1487614894068,0
                144.149464358295,-35.1487725315233,0
                144.149462754818,-35.1487835882739,0
                144.149461225035,-35.1487946598571,0
                144.149459769197,-35.1488057464715,0
                144.149458387557,-35.1488168483157,0
                144.149457080367,-35.1488279655882,0
                144.149455847879,-35.1488390984876,0
                144.149454690344,-35.1488502472125,0
                144.149453608016,-35.1488614119615,0
                144.149452588265,-35.1488725869359,0
                144.149451611498,-35.1488837633563,0
                144.149450676301,-35.1488949410831,0
                144.149449781425,-35.1489061200543,0
                144.149448925623,-35.1489173002083,0
                144.149448107645,-35.1489284814834,0
                144.149447326244,-35.1489396638178,0
                144.149446580171,-35.1489508471499,0
                144.149445868179,-35.1489620314178,0
                144.149445189018,-35.14897321656,0
                144.149444541441,-35.1489844025146,0
                144.149443924199,-35.1489955892199,0
                144.149443336044,-35.1490067766143,0
                144.149442775728,-35.149017964636,0
                144.149442242002,-35.1490291532232,0
                144.149441733619,-35.1490403423143,0
                144.149441249329,-35.1490515318475,0
                144.149440787885,-35.1490627217612,0
                144.149440348039,-35.1490739119935,0
                144.149439928541,-35.1490851024828,0
                144.149439528145,-35.1490962931673,0
                144.149439145601,-35.1491074839854,0
                144.149438779661,-35.1491186748752,0
                144.149438429078,-35.1491298657752,0
                144.149438092602,-35.1491410566234,0
                144.149437773228,-35.1491522473025,0
                144.149437490832,-35.1491634375764,0
                144.149437250084,-35.149174627552,0
                144.149437053293,-35.1491858173749,0
                144.14943690277,-35.149197007191,0
                144.149436800825,-35.1492081971459,0
                144.149436749768,-35.1492193873854,0
                144.149436751908,-35.1492305780551,0
                144.149436809555,-35.149241769301,0
                144.14943692502,-35.1492529612687,0
                144.149437100612,-35.1492641541039,0
                144.149437338641,-35.1492753479524,0
                144.149437641417,-35.14928654296,0
                144.149438011251,-35.1492977392723,0
                144.149438450451,-35.1493089370351,0
                144.149438961329,-35.1493201363942,0
                144.149439546193,-35.1493313374952,0
                144.149440207354,-35.149342540484,0
                144.149440947122,-35.1493537455063,0
                144.149441767807,-35.1493649527078,0
                144.149442671718,-35.1493761622342,0
                144.149444037075,-35.1493872903302,0
                144.149446322069,-35.1493982307285,0
                144.149449471023,-35.1494089890029,0
                144.149453426012,-35.1494195712239,0
                144.149458129106,-35.1494299834621,0
                144.149463522377,-35.149440231788,0
                144.149469547896,-35.1494503222722,0
                144.149476147737,-35.1494602609852,0
                144.149483263969,-35.1494700539976,0
                144.149490838665,-35.14947970738,0
                144.149498813896,-35.1494892272028,0
                144.149507131734,-35.1494986195367,0
                144.14951573425,-35.1495078904523,0
                144.149524563516,-35.1495170460201,0
                144.149533561604,-35.1495260923107,0
                144.149542670584,-35.1495350353948,0
                144.149551832528,-35.149543881343,0
                144.149560989507,-35.149552636226,0
                144.149570330179,-35.1495612559691,0
                144.149580977645,-35.1495694835115,0
                144.149592952719,-35.14957725354,0
                144.149606108761,-35.149584532864,0
                144.149620299134,-35.1495912882931,0
                144.149635377197,-35.1495974866369,0
                144.149651196312,-35.149603094705,0
                144.14966760984,-35.149608079307,0
                144.149684471141,-35.1496124072529,0
                144.149701633576,-35.1496160453522,0
                144.149718950505,-35.1496189604151,0
                144.149736275288,-35.1496211192513,0
                144.149753461287,-35.1496224886711,0
                144.149770361861,-35.1496230354845,0
                144.14978683037,-35.1496227265018,0
                144.149802720175,-35.1496215285331,0
                144.149817884637,-35.149619408389,0
                144.149832177115,-35.1496163328799,0
                144.14984545097,-35.1496122688161,0
                144.149857559563,-35.1496071830084,0
                144.149868356253,-35.1496010422671,0
                144.149877694402,-35.1495938134029,0
                144.14988542737,-35.1495854632264,0
                144.149891408519,-35.1495759585481,0
                144.149895629757,-35.1495653550881,0
                144.149899368017,-35.149554512651,0
                144.149902971875,-35.1495436556493,0
                144.149906447093,-35.1495327844575,0
                144.14990979943,-35.1495218994497,0
                144.149913034648,-35.1495110010004,0
                144.149916158507,-35.1495000894839,0
                144.149919176767,-35.1494891652745,0
                144.149922095189,-35.1494782287465,0
                144.149924919533,-35.1494672802742,0
                144.149927655561,-35.1494563202321,0
                144.149930309032,-35.1494453489943,0
                144.149932885707,-35.1494343669353,0
                144.149935391346,-35.1494233744293,0
                144.14993783171,-35.1494123718507,0
                144.14994021256,-35.1494013595738,0
                144.149942539656,-35.1493903379728,0
                144.149944818759,-35.1493793074223,0
                144.149947055628,-35.1493682682963,0
                144.149949256025,-35.1493572209693,0
                144.14995142571,-35.1493461658156,0
                144.149953563225,-35.1493351037508,0
                144.149955657447,-35.1493240368541,0
                144.149957716167,-35.1493129662091,0
                144.149959748121,-35.1493018928387,0
                144.149961762045,-35.1492908177656,0
                144.149963766675,-35.1492797420127,0
                144.149965770748,-35.1492686666026,0
                144.149967782999,-35.1492575925583,0
                144.149969812164,-35.1492465209024,0
                144.14997186698,-35.1492354526579,0
                144.149973956183,-35.1492243888474,0
                144.149976088508,-35.1492133304938,0
                144.149978272691,-35.1492022786198,0
                144.149980517469,-35.1491912342483,0
                144.149982831578,-35.149180198402,0
                144.14998522297,-35.1491691720312,0
                144.149987659859,-35.1491581523442,0
                144.149990121561,-35.1491471373858,0
                144.149992607639,-35.1491361270396,0
                144.149995117655,-35.1491251211896,0
                144.149997651171,-35.1491141197195,0
                144.150000207748,-35.1491031225133,0
                144.150002786951,-35.1490921294546,0
                144.15000538834,-35.1490811404274,0
                144.150008011478,-35.1490701553155,0
                144.150010655928,-35.1490591740027,0
                144.150013321252,-35.1490481963728,0
                144.150016007011,-35.1490372223097,0
                144.150018712769,-35.1490262516973,0
                144.150021438087,-35.1490152844192,0
                144.150024182529,-35.1490043203594,0
                144.150026945655,-35.1489933594017,0
                144.150029727028,-35.1489824014298,0
                144.150032526212,-35.1489714463278,0
                144.150035342767,-35.1489604939793,0
                144.150038176257,-35.1489495442683,0
                144.150041026243,-35.1489385970784,0
                144.150043892288,-35.1489276522937,0
                144.150046773954,-35.1489167097978,0
                144.150049670804,-35.1489057694747,0
                144.150052582399,-35.1488948312081,0
                144.150055508302,-35.1488838948819,0
                144.150058448076,-35.1488729603799,0
                144.150061401282,-35.148862027586,0
                144.150064367483,-35.148851096384,0
                144.150067346241,-35.1488401666577,0
                144.150070337119,-35.1488292382909,0
                144.150073339678,-35.1488183111675,0
                144.150076353482,-35.1488073851712,0
                144.150079378091,-35.148796460186,0
                144.15008241307,-35.1487855360957,0
                144.150085457979,-35.1487746127841,0
                144.150088512381,-35.148763690135,0
                144.150091575839,-35.1487527680322,0
                144.150094647914,-35.1487418463597,0
                144.15009772817,-35.1487309250011,0
                144.150100815036,-35.1487200034579,0
                144.150103890489,-35.1487090756365,0
                144.15010695194,-35.1486981405782,0
                144.150110003997,-35.1486871997471,0
                144.150113051272,-35.148676254607,0
                144.150116098373,-35.1486653066217,0
                144.150119149911,-35.1486543572552,0
                144.150122210495,-35.1486434079712,0
                144.150125284735,-35.1486324602336,0
                144.150128377241,-35.1486215155064,0
                144.150131492622,-35.1486105752534,0
                144.150134635489,-35.1485996409383,0
                144.150137810451,-35.1485887140253,0
                144.150141022117,-35.1485777959779,0
                144.150144275099,-35.1485668882602,0
                144.150147574004,-35.148555992336,0
                144.150150923444,-35.1485451096692,0
                144.150154328027,-35.1485342417236,0
                144.150157792365,-35.148523389963,0
                144.150161321065,-35.1485125558514,0
                144.150164918739,-35.1485017408526,0
                144.150168589995,-35.1484909464304,0
                144.150172339445,-35.1484801740488,0
                144.150176171696,-35.1484694251716,0
                144.15018009136,-35.1484587012625,0
                144.150184103045,-35.1484480037856,0
                144.150188211362,-35.1484373342045,0
                144.150192420921,-35.1484266939833,0
                144.15019673633,-35.1484160845857,0
                144.1502011622,-35.1484055074756,0
                144.150205703141,-35.1483949641168,0
                144.150210363762,-35.1483844559733,0
                144.150215148673,-35.1483739845087,0
                144.150220062483,-35.1483635511871,0
                144.150225109803,-35.1483531574722,0
                144.150230295242,-35.1483428048278,0
                144.15029876765,-35.1482082105345,0
              </coordinates>
            </LinearRing>
          </outerBoundaryIs>
        </Polygon>
      </Placemark>
      <Placemark id="aboriginal_heritageno_camping.5">
        <ExtendedData>
          <SchemaData schemaUrl="#aboriginal_heritageno_camping.schema">
            <SimpleData name="fid">198</SimpleData>
            <SimpleData name="type">mound</SimpleData>
            <SimpleData name="text">Earth Mound</SimpleData>
          </SchemaData>
        </ExtendedData>
        <Polygon>
          <outerBoundaryIs>
            <LinearRing>
              <coordinates>
                144.151235385348,-35.1452115394313,0
                144.151787260542,-35.1447553979924,0
                144.151797818883,-35.1447465438789,0
                144.151808224441,-35.1447375738801,0
                144.151818488857,-35.1447284968804,0
                144.151828623774,-35.1447193217643,0
                144.151838640831,-35.1447100574164,0
                144.15184855167,-35.1447007127212,0
                144.151858367931,-35.1446912965631,0
                144.151868101256,-35.1446818178266,0
                144.151877763285,-35.1446722853962,0
                144.151887365661,-35.1446627081566,0
                144.151896920023,-35.1446530949919,0
                144.151906438012,-35.1446434547869,0
                144.151915931271,-35.144633796426,0
                144.151925411439,-35.1446241287936,0
                144.151934890157,-35.1446144607742,0
                144.151944379068,-35.1446048012523,0
                144.151953889811,-35.1445951591123,0
                144.151963434028,-35.1445855432387,0
                144.151973023359,-35.144575962516,0
                144.151982669447,-35.1445664258286,0
                144.151992375073,-35.14455693595,0
                144.152002056452,-35.1445474353706,0
                144.152011694034,-35.1445379098069,0
                144.15202129282,-35.1445283617957,0
                144.15203085781,-35.1445187938744,0
                144.152040394004,-35.1445092085799,0
                144.152049906402,-35.1444996084495,0
                144.152059400005,-35.1444899960201,0
                144.152068879812,-35.1444803738289,0
                144.152078350824,-35.144470744413,0
                144.15208781804,-35.1444611103094,0
                144.152097286461,-35.1444514740554,0
                144.152106761087,-35.1444418381879,0
                144.152116246917,-35.1444322052441,0
                144.152125748953,-35.1444225777611,0
                144.152135272194,-35.1444129582759,0
                144.15214482164,-35.1444033493256,0
                144.152154402292,-35.1443937534474,0
                144.152164019149,-35.1443841731783,0
                144.152173677212,-35.1443746110554,0
                144.15218338148,-35.1443650696157,0
                144.152193136954,-35.1443555513964,0
                144.152202950043,-35.144346060279,0
                144.152213014381,-35.144336779978,0
                144.152223449049,-35.1443278269911,0
                144.152234232558,-35.1443191844907,0
                144.152245343417,-35.1443108356496,0
                144.152256760137,-35.1443027636403,0
                144.152268461228,-35.1442949516354,0
                144.1522804252,-35.1442873828075,0
                144.152292630563,-35.1442800403294,0
                144.152305055827,-35.1442729073736,0
                144.152317679503,-35.1442659671128,0
                144.152330480102,-35.1442592027195,0
                144.152343436132,-35.1442525973665,0
                144.152356526104,-35.1442461342265,0
                144.152369728529,-35.144239796472,0
                144.152383021916,-35.1442335672759,0
                144.152396384776,-35.1442274298107,0
                144.15240979562,-35.1442213672492,0
                144.152423232956,-35.1442153627641,0
                144.152436675296,-35.1442093995281,0
                144.152450101149,-35.144203460714,0
                144.152463489026,-35.1441975294944,0
                144.152476817436,-35.1441915890421,0
                144.152490064891,-35.14418562253,0
                144.152503214027,-35.1441796218753,0
                144.152516458094,-35.1441740138959,0
                144.152529903254,-35.1441690078015,0
                144.152543537061,-35.1441645555924,0
                144.152557347068,-35.1441606092688,0
                144.152571320831,-35.1441571208309,0
                144.152585445903,-35.1441540422789,0
                144.152599709837,-35.1441513256132,0
                144.152614100187,-35.1441489228339,0
                144.152628604508,-35.1441467859413,0
                144.152643210353,-35.1441448669356,0
                144.152657905276,-35.1441431178171,0
                144.15267267683,-35.144141490586,0
                144.152687512569,-35.1441399372425,0
                144.152702400048,-35.1441384097871,0
                144.152717326818,-35.1441368602199,0
                144.152732280435,-35.1441352405411,0
                144.152747248451,-35.1441335027512,0
                144.15276221842,-35.1441315988503,0
                144.152777177895,-35.1441294808387,0
                144.15279211443,-35.1441271007168,0
                144.152807015579,-35.1441244104848,0
                144.152821868894,-35.144121362143,0
                144.152836661929,-35.1441179076917,0
                144.152851382238,-35.1441139991313,0
                144.152866017373,-35.1441095884621,0
                144.152880554887,-35.1441046276843,0
                144.152894982335,-35.1440990687983,0
                144.152909287269,-35.1440928638045,0
                144.152923457242,-35.144085964703,0
                144.152937479807,-35.1440783234944,0
                144.152951342518,-35.1440698921789,0
                144.152964918294,-35.1440607915003,0
                144.152977911103,-35.1440514309105,0
                144.152990305019,-35.1440418458356,0
                144.15300209825,-35.1440320517834,0
                144.153013289005,-35.1440220642619,0
                144.15302387549,-35.1440118987788,0
                144.153033855915,-35.1440015708421,0
                144.153043228486,-35.1439910959595,0
                144.153051991413,-35.1439804896388,0
                144.153060142903,-35.1439697673879,0
                144.153067681163,-35.1439589447145,0
                144.153074604403,-35.1439480371265,0
                144.15308091083,-35.1439370601316,0
                144.153086598652,-35.1439260292376,0
                144.153091666078,-35.1439149599524,0
                144.153096111314,-35.1439038677835,0
                144.153099932571,-35.1438927682389,0
                144.153103128054,-35.1438816768262,0
                144.153105695973,-35.1438706090532,0
                144.153107614056,-35.1438595100237,0
                144.15310883557,-35.1438482663912,0
                144.153109344734,-35.1438368910645,0
                144.153109126511,-35.1438253997151,0
                144.153108165862,-35.1438138080144,0
                144.15310644775,-35.1438021316339,0
                144.153103957138,-35.1437903862452,0
                144.153100678988,-35.1437785875197,0
                144.153096598263,-35.1437667511289,0
                144.153091699924,-35.1437548927442,0
                144.153085968934,-35.143743028037,0
                144.153079390256,-35.1437311726787,0
                144.153071948851,-35.1437193423407,0
                144.153063629684,-35.1437075526943,0
                144.153054417715,-35.1436958194109,0
                144.153044297907,-35.1436841581618,0
                144.153033255223,-35.1436725846183,0
                144.153021274626,-35.1436611144516,0
                144.153008341077,-35.1436497633329,0
                144.152994798533,-35.143638688298,0
                144.152981189412,-35.1436281127423,0
                144.152967523265,-35.1436180422121,0
                144.152953803948,-35.1436084799695,0
                144.152940035318,-35.1435994292762,0
                144.152926221229,-35.1435908933943,0
                144.152912365538,-35.1435828755858,0
                144.152898472101,-35.1435753791124,0
                144.152884544774,-35.1435684072363,0
                144.152870587413,-35.1435619632192,0
                144.152856603874,-35.1435560503232,0
                144.152842598012,-35.1435506718103,0
                144.152828573684,-35.1435458309423,0
                144.152814534746,-35.1435415309812,0
                144.152800485054,-35.143537775189,0
                144.152786428463,-35.1435345668276,0
                144.15277236883,-35.1435319091589,0
                144.15275831001,-35.143529805445,0
                144.152744255859,-35.1435282589477,0
                144.152730210234,-35.1435272729291,0
                144.15271617699,-35.143526850651,0
                144.152702159983,-35.1435269953755,0
                144.152688163069,-35.1435277103645,0
                144.152674190103,-35.14352899888,0
                144.152660244036,-35.1435308568,0
                144.152646295116,-35.1435330171822,0
                144.1526323285,-35.1435353440331,0
                144.152618345711,-35.1435378362121,0
                144.152604348271,-35.1435404925786,0
                144.152590337701,-35.1435433119924,0
                144.152576315525,-35.1435462933127,0
                144.152562283265,-35.1435494353992,0
                144.152548242443,-35.1435527371113,0
                144.15253419458,-35.1435561973087,0
                144.1525201412,-35.1435598148507,0
                144.152506083825,-35.1435635885968,0
                144.152492023977,-35.1435675174067,0
                144.152477963178,-35.1435716001399,0
                144.152463902951,-35.1435758356557,0
                144.152449844818,-35.1435802228138,0
                144.1524357903,-35.1435847604737,0
                144.152421740921,-35.1435894474949,0
                144.152407698203,-35.1435942827368,0
                144.152393663667,-35.1435992650591,0
                144.152379638837,-35.1436043933213,0
                144.152365625234,-35.1436096663828,0
                144.152351624381,-35.1436150831032,0
                144.1523376378,-35.143620642342,0
                144.152323667014,-35.1436263429588,0
                144.152309713544,-35.143632183813,0
                144.152295778913,-35.1436381637642,0
                144.152281864643,-35.1436442816719,0
                144.152267972257,-35.1436505363956,0
                144.152254103276,-35.1436569267949,0
                144.152240259224,-35.1436634517292,0
                144.152226441622,-35.1436701100583,0
                144.152212651992,-35.1436769006414,0
                144.152198891858,-35.1436838223382,0
                144.152185163416,-35.1436908729621,0
                144.152171532466,-35.1436979521294,0
                144.152158039967,-35.1437049992186,0
                144.152144683455,-35.1437120211701,0
                144.152131460464,-35.1437190249239,0
                144.15211836853,-35.1437260174201,0
                144.152105405186,-35.1437330055989,0
                144.152092567969,-35.1437399964005,0
                144.152079854414,-35.1437469967649,0
                144.152067262053,-35.1437540136324,0
                144.152054788424,-35.143761053943,0
                144.152042431061,-35.1437681246369,0
                144.152030187498,-35.1437752326541,0
                144.15201805527,-35.143782384935,0
                144.152006031912,-35.1437895884194,0
                144.15199411496,-35.1437968500477,0
                144.151982301948,-35.1438041767599,0
                144.15197059041,-35.1438115754961,0
                144.151958977882,-35.1438190531965,0
                144.151947461899,-35.1438266168012,0
                144.151936039995,-35.1438342732503,0
                144.151924709705,-35.1438420294839,0
                144.151913468564,-35.1438498924421,0
                144.151902314106,-35.1438578690651,0
                144.151891243868,-35.1438659662929,0
                144.151880255382,-35.1438741910657,0
                144.151869346185,-35.1438825503237,0
                144.151858513811,-35.1438910510068,0
                144.151847755795,-35.1438997000552,0
                144.150645172743,-35.1448785292333,0
                144.150634086509,-35.1448881190089,0
                144.15062354785,-35.1448983790778,0
                144.150613582807,-35.1449092600222,0
                144.150604217419,-35.1449207124247,0
                144.150595477727,-35.1449326868675,0
                144.150587389771,-35.144945133933,0
                144.15057997959,-35.1449580042036,0
                144.150573273226,-35.1449712482617,0
                144.150567296718,-35.1449848166897,0
                144.150562076107,-35.14499866007,0
                144.150557637434,-35.1450127289847,0
                144.150554006739,-35.1450269740165,0
                144.150551210061,-35.1450413457476,0
                144.150549273443,-35.1450557947602,0
                144.150548222925,-35.1450702716368,0
                144.150548084547,-35.1450847269597,0
                144.150548884349,-35.145099111311,0
                144.150550648373,-35.1451133752731,0
                144.150553402659,-35.1451274694283,0
                144.150557173248,-35.1451413443586,0
                144.150561986181,-35.1451549506463,0
                144.150567867498,-35.1451682388736,0
                144.150574843239,-35.1451811596226,0
                144.150582939446,-35.1451936634753,0
                144.15059218216,-35.1452057010138,0
                144.150602581327,-35.145217241895,0
                144.150613847699,-35.1452285879744,0
                144.150625828203,-35.1452398266751,0
                144.150638473414,-35.1452509153464,0
                144.150651733908,-35.1452618113373,0
                144.15066556026,-35.1452724719971,0
                144.150679903046,-35.1452828546748,0
                144.150694712841,-35.1452929167197,0
                144.15070994022,-35.1453026154809,0
                144.15072553576,-35.1453119083076,0
                144.150741450034,-35.1453207525491,0
                144.150757633619,-35.1453291055546,0
                144.150774037089,-35.1453369246734,0
                144.15079061102,-35.1453441672547,0
                144.150807305985,-35.1453507906479,0
                144.150824072561,-35.1453567522023,0
                144.150840861322,-35.1453620092672,0
                144.150857622843,-35.1453665191921,0
                144.150874307699,-35.1453702393264,0
                144.150890866464,-35.1453731270194,0
                144.150907249713,-35.1453751396207,0
                144.15092340802,-35.1453762344797,0
                144.150939291961,-35.1453763689459,0
                144.15095485211,-35.145375500369,0
                144.150970039041,-35.1453735860983,0
                144.150984803329,-35.1453705834835,0
                144.150999095549,-35.1453664498743,0
                144.151012866274,-35.1453611426201,0
                144.151026066081,-35.1453546190707,0
                144.151038645543,-35.1453468365756,0
                144.151235385348,-35.1452115394313,0
              </coordinates>
            </LinearRing>
          </outerBoundaryIs>
        </Polygon>
      </Placemark>
      <Placemark id="aboriginal_heritageno_camping.6">
        <ExtendedData>
          <SchemaData schemaUrl="#aboriginal_heritageno_camping.schema">
            <SimpleData name="fid">199</SimpleData>
            <SimpleData name="type">deposit</SimpleData>
            <SimpleData name="text">Earth Mound</SimpleData>
          </SchemaData>
        </ExtendedData>
        <Polygon>
          <outerBoundaryIs>
            <LinearRing>
              <coordinates>
                144.152223029423,-35.1413454285572,0
                144.151945277122,-35.1417764986809,0
                144.151938727685,-35.1417868481321,0
                144.151932350689,-35.1417972919301,0
                144.151926142252,-35.1418078245924,0
                144.151920098488,-35.1418184406363,0
                144.151914215515,-35.1418291345792,0
                144.151908489447,-35.1418399009384,0
                144.151902916402,-35.1418507342313,0
                144.151897492495,-35.1418616289753,0
                144.151892213843,-35.1418725796877,0
                144.151887076561,-35.1418835808859,0
                144.151882076766,-35.1418946270872,0
                144.151877210573,-35.141905712809,0
                144.151872474099,-35.1419168325686,0
                144.15186786346,-35.1419279808835,0
                144.151863374772,-35.141939152271,0
                144.151859004151,-35.1419503412483,0
                144.151854747713,-35.141961542333,0
                144.151850601574,-35.1419727500422,0
                144.15184656185,-35.1419839588934,0
                144.151842624658,-35.141995163404,0
                144.151838786113,-35.1420063580912,0
                144.151835042331,-35.1420175374725,0
                144.15183138943,-35.1420286960651,0
                144.151827823523,-35.1420398283864,0
                144.151824340729,-35.1420509289538,0
                144.151820937162,-35.1420619922846,0
                144.151817650728,-35.1420730182025,0
                144.151814856029,-35.1420840508262,0
                144.151812642601,-35.1420951009402,0
                144.151811010093,-35.142106168191,0
                144.151809958154,-35.1421172522253,0
                144.151809486435,-35.1421283526895,0
                144.151809594584,-35.1421394692303,0
                144.15181028225,-35.1421506014941,0
                144.151811549082,-35.1421617491276,0
                144.151813394731,-35.1421729117772,0
                144.151815818844,-35.1421840890894,0
                144.151818821073,-35.1421952807107,0
                144.151822401064,-35.1422064862877,0
                144.151826558469,-35.1422177054667,0
                144.151831292936,-35.1422289378944,0
                144.151836604115,-35.1422401832172,0
                144.151842491654,-35.1422514410815,0
                144.151848955204,-35.1422627111338,0
                144.151855994413,-35.1422739930206,0
                144.15186360893,-35.1422852863882,0
                144.151871798406,-35.1422965908831,0
                144.151880562488,-35.1423079061518,0
                144.151889900827,-35.1423192318407,0
                144.151899813072,-35.142330567596,0
                144.151910298872,-35.1423419130644,0
                144.151921347397,-35.142353196852,0
                144.151932868186,-35.142363878078,0
                144.151944817551,-35.142373855414,0
                144.151957167186,-35.1423831423782,0
                144.151969888783,-35.1423917524886,0
                144.151982954032,-35.1423996992634,0
                144.151996334627,-35.1424069962208,0
                144.152010002258,-35.1424136568788,0
                144.152023928618,-35.1424196947557,0
                144.152038085399,-35.1424251233696,0
                144.152052444292,-35.1424299562387,0
                144.152066976989,-35.1424342068812,0
                144.152081655183,-35.1424378888152,0
                144.152096450564,-35.1424410155591,0
                144.152111334826,-35.142443600631,0
                144.152126279658,-35.1424456575491,0
                144.152141256754,-35.1424471998318,0
                144.152156237805,-35.1424482409972,0
                144.152171194504,-35.1424487945638,0
                144.15218609854,-35.1424488740498,0
                144.152200921608,-35.1424484929734,0
                144.152215635398,-35.1424476648531,0
                144.152230211603,-35.1424464032071,0
                144.152244621913,-35.1424447215538,0
                144.152258838022,-35.1424426334117,0
                144.152272831621,-35.142440152299,0
                144.152286574402,-35.1424372917342,0
                144.152300038057,-35.1424340652357,0
                144.152313194277,-35.1424304863219,0
                144.152326014756,-35.1424265685112,0
                144.152338474054,-35.1424223260177,0
                144.152350914083,-35.1424178581355,0
                144.152363554112,-35.1424132212579,0
                144.152376350305,-35.1424084052914,0
                144.152389258828,-35.1424034001427,0
                144.152402235844,-35.1423981957184,0
                144.15241523752,-35.1423927819252,0
                144.15242822002,-35.1423871486699,0
                144.152441139507,-35.142381285859,0
                144.152453952148,-35.1423751833993,0
                144.152466614107,-35.1423688311975,0
                144.152479081549,-35.1423622191604,0
                144.152491310639,-35.1423553371949,0
                144.15250325754,-35.1423481752075,0
                144.152514878419,-35.1423407231053,0
                144.15252612944,-35.142332970795,0
                144.152536966768,-35.1423249081834,0
                144.152547346568,-35.1423165251774,0
                144.152557225004,-35.1423078116839,0
                144.152566558242,-35.1422987576097,0
                144.152575302446,-35.1422893528616,0
                144.152583413782,-35.1422795873467,0
                144.152590848414,-35.1422694509718,0
                144.152597562508,-35.1422589336437,0
                144.152603744436,-35.1422481628169,0
                144.152609803259,-35.1422373859121,0
                144.15261575266,-35.1422266078098,0
                144.1526215974,-35.1422158280191,0
                144.152627342241,-35.1422050460495,0
                144.152632991944,-35.1421942614101,0
                144.152638551271,-35.1421834736101,0
                144.152644024984,-35.142172682159,0
                144.152649417843,-35.1421618865657,0
                144.152654734612,-35.1421510863398,0
                144.152659980051,-35.1421402809904,0
                144.152665158923,-35.1421294700267,0
                144.152670275988,-35.142118652958,0
                144.152675336009,-35.1421078292937,0
                144.152680343746,-35.1420969985428,0
                144.152685303962,-35.1420861602147,0
                144.152690221419,-35.1420753138185,0
                144.152695100877,-35.1420644588637,0
                144.152699947099,-35.1420535948593,0
                144.152704764846,-35.1420427213147,0
                144.15270955888,-35.1420318377391,0
                144.152714333962,-35.1420209436417,0
                144.152719094854,-35.1420100385318,0
                144.152723846317,-35.1419991219185,0
                144.152728593113,-35.1419881933113,0
                144.152733340005,-35.1419772522192,0
                144.152738091752,-35.1419662981516,0
                144.152742853117,-35.1419553306177,0
                144.152747628862,-35.1419443491266,0
                144.152752423748,-35.1419333531877,0
                144.152757242537,-35.1419223423102,0
                144.152762089989,-35.1419113160033,0
                144.152766952968,-35.1419002800988,0
                144.152771806531,-35.1418892436108,0
                144.152776649263,-35.1418782065949,0
                144.152781479955,-35.1418671690286,0
                144.152786297403,-35.1418561308897,0
                144.152791100401,-35.1418450921558,0
                144.152795887744,-35.1418340528044,0
                144.152800658225,-35.1418230128132,0
                144.152805410639,-35.1418119721598,0
                144.152810143781,-35.1418009308219,0
                144.152814856444,-35.141789888777,0
                144.152819547423,-35.1417788460027,0
                144.152824215512,-35.1417678024768,0
                144.152828859506,-35.1417567581768,0
                144.152833478199,-35.1417457130803,0
                144.152838070385,-35.141734667165,0
                144.152842634858,-35.1417236204085,0
                144.152847170414,-35.1417125727884,0
                144.152851675845,-35.1417015242823,0
                144.152856149947,-35.1416904748678,0
                144.152860591514,-35.1416794245227,0
                144.15286499934,-35.1416683732244,0
                144.152869372219,-35.1416573209507,0
                144.152873708946,-35.1416462676791,0
                144.152878008316,-35.1416352133873,0
                144.152882269121,-35.1416241580529,0
                144.152886490158,-35.1416131016535,0
                144.152890670219,-35.1416020441668,0
                144.1528948081,-35.1415909855703,0
                144.152898902595,-35.1415799258418,0
                144.152902952497,-35.1415688649587,0
                144.152906956603,-35.1415578028988,0
                144.152910794796,-35.1415467336929,0
                144.152913831187,-35.1415356263478,0
                144.152915985888,-35.1415244788165,0
                144.152917275463,-35.1415132939495,0
                144.152917716473,-35.1415020745973,0
                144.152917325482,-35.1414908236105,0
                144.152916119053,-35.1414795438396,0
                144.152914113748,-35.1414682381349,0
                144.15291132613,-35.1414569093469,0
                144.152907772762,-35.1414455603261,0
                144.152903470206,-35.141434193923,0
                144.152898435025,-35.1414228129878,0
                144.152892683781,-35.141411420371,0
                144.152886233039,-35.141400018923,0
                144.152879099359,-35.1413886114941,0
                144.152871299305,-35.1413772009349,0
                144.15286284944,-35.1413657900954,0
                144.152853766326,-35.1413543818263,0
                144.152844075182,-35.1413430029322,0
                144.15283401054,-35.1413322506652,0
                144.152823677065,-35.1413223403429,0
                144.152813082378,-35.1413132153043,0
                144.152802234098,-35.1413048188888,0
                144.152791139846,-35.1412970944353,0
                144.152779807243,-35.1412899852831,0
                144.152768243908,-35.1412834347714,0
                144.152756457463,-35.1412773862391,0
                144.152744455528,-35.1412717830255,0
                144.152732245722,-35.1412665684698,0
                144.152719835668,-35.1412616859111,0
                144.152707232984,-35.1412570786886,0
                144.152694445292,-35.1412526901414,0
                144.152681480212,-35.1412484636087,0
                144.152668345365,-35.1412443424296,0
                144.152655048371,-35.1412402699434,0
                144.152641461932,-35.1412361951998,0
                144.152627421631,-35.1412321444891,0
                144.152612993897,-35.1412281863246,0
                144.152598247631,-35.1412243894034,0
                144.152583251733,-35.1412208224225,0
                144.152568075105,-35.1412175540791,0
                144.152552786647,-35.1412146530701,0
                144.15253745526,-35.1412121880929,0
                144.152522149846,-35.1412102278445,0
                144.152506939304,-35.1412088410221,0
                144.152491892536,-35.1412080963231,0
                144.152477078442,-35.1412080624446,0
                144.152462565923,-35.1412088080841,0
                144.15244842388,-35.1412104019387,0
                144.152434721212,-35.141212912706,0
                144.15242152682,-35.1412164090832,0
                144.152408909606,-35.1412209597677,0
                144.152396938468,-35.1412266334571,0
                144.152385682309,-35.1412334988487,0
                144.152223029423,-35.1413454285572,0
              </coordinates>
            </LinearRing>
          </outerBoundaryIs>
        </Polygon>
      </Placemark>
    </Document>
  </Document>
</kml>
