<?xml version="1.0" encoding="utf-8" ?>
<kml xmlns="http://www.opengis.net/kml/2.2">
<Document id="root_doc">
<Schema name="tracks" id="tracks">
	<SimpleField name="fid" type="float"></SimpleField>
	<SimpleField name="FType" type="int"></SimpleField>
	<SimpleField name="Owner" type="string"></SimpleField>
	<SimpleField name="Usage" type="string"></SimpleField>
	<SimpleField name="Status" type="string"></SimpleField>
	<SimpleField name="Surface" type="string"></SimpleField>
	<SimpleField name="Restriction" type="string"></SimpleField>
	<SimpleField name="Lanes" type="int"></SimpleField>
	<SimpleField name="GlobalID" type="string"></SimpleField>
	<SimpleField name="created_user" type="string"></SimpleField>
	<SimpleField name="created_date" type="string"></SimpleField>
	<SimpleField name="last_edited_user" type="string"></SimpleField>
	<SimpleField name="last_edited_date" type="string"></SimpleField>
	<SimpleField name="VehicleTravel" type="string"></SimpleField>
	<SimpleField name="VehicleRequirement" type="string"></SimpleField>
	<SimpleField name="VehicleLimitation" type="string"></SimpleField>
	<SimpleField name="SHAPE_Length" type="float"></SimpleField>
	<SimpleField name="Source" type="string"></SimpleField>
</Schema>
<Folder><name>tracks</name>
  <Placemark>
	<name>Deniliquin Road</name>
	<Style><LineStyle><color>ff0000ff</color></LineStyle><PolyStyle><fill>0</fill></PolyStyle></Style>
	<ExtendedData><SchemaData schemaUrl="#tracks">
		<SimpleData name="fid">1</SimpleData>
		<SimpleData name="FType">0</SimpleData>
		<SimpleData name="Owner">Other</SimpleData>
		<SimpleData name="Usage">Motorised</SimpleData>
		<SimpleData name="Status">In Use</SimpleData>
		<SimpleData name="Surface">Sealed</SimpleData>
		<SimpleData name="Restriction">General</SimpleData>
		<SimpleData name="Lanes">2</SimpleData>
		<SimpleData name="GlobalID">{3E7C9EF6-1D8A-4C74-8B8F-A1E4121089EE}</SimpleData>
		<SimpleData name="created_user">NWellsAU</SimpleData>
		<SimpleData name="last_edited_user">WELNIG</SimpleData>
		<SimpleData name="VehicleTravel">Passing Possible</SimpleData>
		<SimpleData name="VehicleRequirement">No Requirements</SimpleData>
		<SimpleData name="VehicleLimitation">Small and Large Vehicles</SimpleData>
		<SimpleData name="SHAPE_Length">755.83479314</SimpleData>
	</SchemaData></ExtendedData>
      <MultiGeometry><LineString><coordinates>144.154319136264,-35.1319364809251 144.154746959817,-35.1325429488722 144.155559824656,-35.1336742322418 144.15635842874,-35.134630562965 144.158169548236,-35.1364965411632</coordinates></LineString></MultiGeometry>
  </Placemark>
  <Placemark>
	<name>NULL</name>
	<Style><LineStyle><color>ff0000ff</color></LineStyle><PolyStyle><fill>0</fill></PolyStyle></Style>
	<ExtendedData><SchemaData schemaUrl="#tracks">
		<SimpleData name="fid">2</SimpleData>
		<SimpleData name="FType">0</SimpleData>
		<SimpleData name="Owner">DTE</SimpleData>
		<SimpleData name="Usage">Motorised</SimpleData>
		<SimpleData name="Status">In Use</SimpleData>
		<SimpleData name="Surface">Sand</SimpleData>
		<SimpleData name="Restriction">General</SimpleData>
		<SimpleData name="Lanes">2</SimpleData>
		<SimpleData name="GlobalID">{75BABD10-74D1-4141-8C09-DD5C903CB769}</SimpleData>
		<SimpleData name="created_user">NWellsAU</SimpleData>
		<SimpleData name="last_edited_user">WELNIG</SimpleData>
		<SimpleData name="VehicleTravel">Passing Possible</SimpleData>
		<SimpleData name="VehicleRequirement">No Requirements</SimpleData>
		<SimpleData name="VehicleLimitation">Small and Large Vehicles</SimpleData>
		<SimpleData name="SHAPE_Length">895.555018421</SimpleData>
	</SchemaData></ExtendedData>
      <MultiGeometry><LineString><coordinates>144.154186035584,-35.1357005899824 144.153651256817,-35.1358172131104 144.152546046048,-35.1361039113519 144.151494312887,-35.1363954681489 144.15097735939,-35.13652666822 144.150709969557,-35.1365801203939 144.150181132248,-35.136662727629 144.149771134864,-35.1367161789789 144.149509687387,-35.1367404752358 144.149153167611,-35.1367356164258 144.148909546302,-35.1367356164258 144.14870751789,-35.1367356164258 144.148558967983,-35.1367550531334 144.148345056656,-35.1368085051574 144.148047956842,-35.1369299862317 144.147744915571,-35.1370611854414 144.147406221962,-35.1372263988514 144.147037818373,-35.1374061897072 144.146699124765,-35.1375811214063 144.146605758365,-35.1376329317536</coordinates></LineString></MultiGeometry>
  </Placemark>
  <Placemark>
	<name>NULL</name>
	<Style><LineStyle><color>ff0000ff</color></LineStyle><PolyStyle><fill>0</fill></PolyStyle></Style>
	<ExtendedData><SchemaData schemaUrl="#tracks">
		<SimpleData name="fid">3</SimpleData>
		<SimpleData name="FType">0</SimpleData>
		<SimpleData name="Owner">DTE</SimpleData>
		<SimpleData name="Usage">Motorised</SimpleData>
		<SimpleData name="Status">In Use</SimpleData>
		<SimpleData name="Surface">Bare</SimpleData>
		<SimpleData name="Restriction">Staff</SimpleData>
		<SimpleData name="Lanes">2</SimpleData>
		<SimpleData name="GlobalID">{CFB95ACE-2F49-4541-AB3A-30CEB3198CA3}</SimpleData>
		<SimpleData name="created_user">NWellsAU</SimpleData>
		<SimpleData name="last_edited_user">WELNIG</SimpleData>
		<SimpleData name="VehicleTravel">Passing Possible</SimpleData>
		<SimpleData name="VehicleRequirement">No Requirements</SimpleData>
		<SimpleData name="VehicleLimitation">Small and Large Vehicles</SimpleData>
		<SimpleData name="SHAPE_Length">415.24315376</SimpleData>
	</SchemaData></ExtendedData>
      <MultiGeometry><LineString><coordinates>144.146073309829,-35.1378982735004 144.145950432874,-35.1379455598921 144.145742463903,-35.1379795747238 144.145516667864,-35.1379892929297 144.145273045658,-35.1379747152531 144.144975946742,-35.137935841681 144.144619426965,-35.1378726721786 144.144310443339,-35.1377900661712 144.144090589656,-35.1377366155263 144.143781606029,-35.1376831641117 144.143508273841,-35.1376345721533 144.143163638776,-35.1376005579121 144.142890306587,-35.1375665436567 144.142688279073,-35.1375373881495 144.142539729166,-35.137532529387 144.142420889241,-35.137532529387</coordinates></LineString></MultiGeometry>
  </Placemark>
  <Placemark>
	<name>NULL</name>
	<Style><LineStyle><color>ff0000ff</color></LineStyle><PolyStyle><fill>0</fill></PolyStyle></Style>
	<ExtendedData><SchemaData schemaUrl="#tracks">
		<SimpleData name="fid">4</SimpleData>
		<SimpleData name="FType">0</SimpleData>
		<SimpleData name="Owner">DTE</SimpleData>
		<SimpleData name="Usage">Motorised</SimpleData>
		<SimpleData name="Status">In Use</SimpleData>
		<SimpleData name="Surface">Bare</SimpleData>
		<SimpleData name="Restriction">Staff</SimpleData>
		<SimpleData name="Lanes">2</SimpleData>
		<SimpleData name="GlobalID">{2D6393FA-C685-4710-8E9A-AD231EBF3897}</SimpleData>
		<SimpleData name="created_user">NWellsAU</SimpleData>
		<SimpleData name="last_edited_user">WELNIG</SimpleData>
		<SimpleData name="VehicleTravel">Passing Possible</SimpleData>
		<SimpleData name="VehicleRequirement">No Requirements</SimpleData>
		<SimpleData name="VehicleLimitation">Small and Large Vehicles</SimpleData>
		<SimpleData name="SHAPE_Length">20.4047143813</SimpleData>
	</SchemaData></ExtendedData>
      <MultiGeometry><LineString><coordinates>144.146057388987,-35.1380476028753 144.146073309829,-35.1378982735004</coordinates></LineString></MultiGeometry>
  </Placemark>
  <Placemark>
	<name>Harmony Drive</name>
	<Style><LineStyle><color>ff0000ff</color></LineStyle><PolyStyle><fill>0</fill></PolyStyle></Style>
	<ExtendedData><SchemaData schemaUrl="#tracks">
		<SimpleData name="fid">5</SimpleData>
		<SimpleData name="FType">0</SimpleData>
		<SimpleData name="Owner">DTE</SimpleData>
		<SimpleData name="Usage">Mixed</SimpleData>
		<SimpleData name="Status">In Use</SimpleData>
		<SimpleData name="Surface">Sand</SimpleData>
		<SimpleData name="Restriction">General</SimpleData>
		<SimpleData name="Lanes">2</SimpleData>
		<SimpleData name="GlobalID">{9CB6D317-BBA1-4A48-AA3D-4498DDF03EFE}</SimpleData>
		<SimpleData name="created_user">NWellsAU</SimpleData>
		<SimpleData name="last_edited_user">WELNIG</SimpleData>
		<SimpleData name="VehicleTravel">Passing Possible</SimpleData>
		<SimpleData name="VehicleRequirement">No Requirements</SimpleData>
		<SimpleData name="VehicleLimitation">Small and Large Vehicles</SimpleData>
		<SimpleData name="SHAPE_Length">434.858039919</SimpleData>
	</SchemaData></ExtendedData>
      <MultiGeometry><LineString><coordinates>144.14583119769,-35.1374228729033 144.145579257084,-35.1371915748874 144.14535821493,-35.1369972057061 144.144949405119,-35.1367090523792 144.14465824766,-35.1364758077765 144.144307670239,-35.1362231256757 144.144135352707,-35.1360433322072 144.143998686612,-35.1358149452973 144.143927382837,-35.1356059954632 144.14382636908,-35.1354067628724 144.143677819173,-35.1351637959968 144.14352332691,-35.1350325937294 144.14341042934,-35.1350180155234</coordinates></LineString></MultiGeometry>
  </Placemark>
  <Placemark>
	<name>NULL</name>
	<Style><LineStyle><color>ff0000ff</color></LineStyle><PolyStyle><fill>0</fill></PolyStyle></Style>
	<ExtendedData><SchemaData schemaUrl="#tracks">
		<SimpleData name="fid">6</SimpleData>
		<SimpleData name="FType">0</SimpleData>
		<SimpleData name="Owner">DTE</SimpleData>
		<SimpleData name="Usage">Motorised</SimpleData>
		<SimpleData name="Status">In Use</SimpleData>
		<SimpleData name="Surface">Bare</SimpleData>
		<SimpleData name="Restriction">Staff</SimpleData>
		<SimpleData name="Lanes">2</SimpleData>
		<SimpleData name="GlobalID">{648B39AC-CE4B-4A72-A540-A7B123669F0C}</SimpleData>
		<SimpleData name="created_user">NWellsAU</SimpleData>
		<SimpleData name="last_edited_user">WELNIG</SimpleData>
		<SimpleData name="VehicleTravel">Passing Possible</SimpleData>
		<SimpleData name="VehicleRequirement">No Requirements</SimpleData>
		<SimpleData name="VehicleLimitation">Small and Large Vehicles</SimpleData>
		<SimpleData name="SHAPE_Length">38.6288584676</SimpleData>
	</SchemaData></ExtendedData>
      <MultiGeometry><LineString><coordinates>144.146073309829,-35.1378982735004 144.146077940644,-35.1377992900035 144.146061847326,-35.1376150416247</coordinates></LineString></MultiGeometry>
  </Placemark>
  <Placemark>
	<name>NULL</name>
	<Style><LineStyle><color>ff0000ff</color></LineStyle><PolyStyle><fill>0</fill></PolyStyle></Style>
	<ExtendedData><SchemaData schemaUrl="#tracks">
		<SimpleData name="fid">7</SimpleData>
		<SimpleData name="FType">0</SimpleData>
		<SimpleData name="Owner">DTE</SimpleData>
		<SimpleData name="Usage">Mixed</SimpleData>
		<SimpleData name="Status">In Use</SimpleData>
		<SimpleData name="Surface">Sand</SimpleData>
		<SimpleData name="Restriction">General</SimpleData>
		<SimpleData name="Lanes">2</SimpleData>
		<SimpleData name="GlobalID">{B4495751-C076-419A-956F-2975315BBC67}</SimpleData>
		<SimpleData name="created_user">NWellsAU</SimpleData>
		<SimpleData name="last_edited_user">WELNIG</SimpleData>
		<SimpleData name="VehicleTravel">Passing Possible</SimpleData>
		<SimpleData name="VehicleRequirement">No Requirements</SimpleData>
		<SimpleData name="VehicleLimitation">Small and Large Vehicles</SimpleData>
		<SimpleData name="SHAPE_Length">61.14766082</SimpleData>
	</SchemaData></ExtendedData>
      <MultiGeometry><LineString><coordinates>144.146605758365,-35.1376329317536 144.146466860856,-35.1376501372158 144.146313974781,-35.1376501372158 144.146260330986,-35.1376457500841 144.146209368661,-35.1376369765546 144.146061847326,-35.1376150416247</coordinates></LineString></MultiGeometry>
  </Placemark>
  <Placemark>
	<name>NULL</name>
	<Style><LineStyle><color>ff0000ff</color></LineStyle><PolyStyle><fill>0</fill></PolyStyle></Style>
	<ExtendedData><SchemaData schemaUrl="#tracks">
		<SimpleData name="fid">8</SimpleData>
		<SimpleData name="FType">0</SimpleData>
		<SimpleData name="Owner">DTE</SimpleData>
		<SimpleData name="Usage">Mixed</SimpleData>
		<SimpleData name="Status">In Use</SimpleData>
		<SimpleData name="Surface">Bare</SimpleData>
		<SimpleData name="Restriction">General</SimpleData>
		<SimpleData name="Lanes">2</SimpleData>
		<SimpleData name="GlobalID">{CA81E1EE-81E1-404F-BBED-DEAC1EEDB3EE}</SimpleData>
		<SimpleData name="created_user">NWellsAU</SimpleData>
		<SimpleData name="last_edited_user">WELNIG</SimpleData>
		<SimpleData name="VehicleTravel">Passing Possible</SimpleData>
		<SimpleData name="VehicleRequirement">NULL</SimpleData>
		<SimpleData name="VehicleLimitation">Small and Large Vehicles</SimpleData>
		<SimpleData name="SHAPE_Length">201.104845227</SimpleData>
	</SchemaData></ExtendedData>
      <MultiGeometry><LineString><coordinates>144.142272354605,-35.1364461743707 144.142250753716,-35.136226806905 144.14222158452,-35.1359996150208 144.142193924494,-35.1357562466004 144.142218148464,-35.1355132131813 144.142250670173,-35.1352673301093 144.142242623064,-35.1351743748013 144.142194432941,-35.1349781891795</coordinates></LineString></MultiGeometry>
  </Placemark>
  <Placemark>
	<name>NULL</name>
	<Style><LineStyle><color>ff0000ff</color></LineStyle><PolyStyle><fill>0</fill></PolyStyle></Style>
	<ExtendedData><SchemaData schemaUrl="#tracks">
		<SimpleData name="fid">9</SimpleData>
		<SimpleData name="FType">0</SimpleData>
		<SimpleData name="Owner">DTE</SimpleData>
		<SimpleData name="Usage">Mixed</SimpleData>
		<SimpleData name="Status">In Use</SimpleData>
		<SimpleData name="Surface">Sand</SimpleData>
		<SimpleData name="Restriction">General</SimpleData>
		<SimpleData name="Lanes">0</SimpleData>
		<SimpleData name="GlobalID">{03FB78B9-C183-4419-AB62-6996633F8D27}</SimpleData>
		<SimpleData name="created_user">NWellsAU</SimpleData>
		<SimpleData name="last_edited_user">WELNIG</SimpleData>
		<SimpleData name="VehicleTravel">Passing Possible</SimpleData>
		<SimpleData name="VehicleRequirement">No Requirements</SimpleData>
		<SimpleData name="VehicleLimitation">Small and Large Vehicles</SimpleData>
		<SimpleData name="SHAPE_Length">96.8035741879</SimpleData>
	</SchemaData></ExtendedData>
      <MultiGeometry><LineString><coordinates>144.142194432941,-35.1349781891795 144.142175652761,-35.1347252291433 144.142168276695,-35.1344913316347 144.142162461001,-35.1342676215441</coordinates></LineString></MultiGeometry>
  </Placemark>
  <Placemark>
	<name>NULL</name>
	<Style><LineStyle><color>ff0000ff</color></LineStyle><PolyStyle><fill>0</fill></PolyStyle></Style>
	<ExtendedData><SchemaData schemaUrl="#tracks">
		<SimpleData name="fid">10</SimpleData>
		<SimpleData name="FType">0</SimpleData>
		<SimpleData name="Owner">DTE</SimpleData>
		<SimpleData name="Usage">Mixed</SimpleData>
		<SimpleData name="Status">In Use</SimpleData>
		<SimpleData name="Surface">Bare</SimpleData>
		<SimpleData name="Restriction">General</SimpleData>
		<SimpleData name="Lanes">1</SimpleData>
		<SimpleData name="GlobalID">{ABC222F4-E5C3-4EEB-8B05-58A48EA6E91B}</SimpleData>
		<SimpleData name="created_user">NWellsAU</SimpleData>
		<SimpleData name="last_edited_user">WELNIG</SimpleData>
		<SimpleData name="VehicleTravel">NA</SimpleData>
		<SimpleData name="VehicleRequirement">NULL</SimpleData>
		<SimpleData name="VehicleLimitation">Not Accessible with Vehicle</SimpleData>
		<SimpleData name="SHAPE_Length">120.978428905</SimpleData>
	</SchemaData></ExtendedData>
      <MultiGeometry><LineString><coordinates>144.141789078949,-35.1325825229488 144.141877926822,-35.1325830261926 144.141971301306,-35.1325799244473 144.142106249821,-35.1325795475654 144.142276402414,-35.1326073332335 144.142379415821,-35.132645261636 144.142498606988,-35.1326890570283 144.14257370884,-35.1327321816514 144.142596096654,-35.1328802612949 144.142584212841,-35.132943434671</coordinates></LineString></MultiGeometry>
  </Placemark>
  <Placemark>
	<name>NULL</name>
	<Style><LineStyle><color>ff0000ff</color></LineStyle><PolyStyle><fill>0</fill></PolyStyle></Style>
	<ExtendedData><SchemaData schemaUrl="#tracks">
		<SimpleData name="fid">11</SimpleData>
		<SimpleData name="FType">0</SimpleData>
		<SimpleData name="Owner">DTE</SimpleData>
		<SimpleData name="Usage">Mixed</SimpleData>
		<SimpleData name="Status">In Use</SimpleData>
		<SimpleData name="Surface">Bare</SimpleData>
		<SimpleData name="Restriction">General</SimpleData>
		<SimpleData name="Lanes">2</SimpleData>
		<SimpleData name="GlobalID">{AB04785F-A5BA-4581-8E81-4AC807BA2915}</SimpleData>
		<SimpleData name="created_user">NWellsAU</SimpleData>
		<SimpleData name="last_edited_user">WELNIG</SimpleData>
		<SimpleData name="VehicleTravel">Passing Possible</SimpleData>
		<SimpleData name="VehicleRequirement">No Requirements</SimpleData>
		<SimpleData name="VehicleLimitation">Small and Large Vehicles</SimpleData>
		<SimpleData name="SHAPE_Length">589.201449067</SimpleData>
	</SchemaData></ExtendedData>
      <MultiGeometry><LineString><coordinates>144.142191187328,-35.1339320119112 144.142441609781,-35.1337331065522 144.1425025461,-35.1336947172948 144.142626514508,-35.1336158442293 144.142673118206,-35.1335786281582 144.142712847996,-35.1335298456786 144.14276766589,-35.1334873914828 144.142877300779,-35.1334296821574 144.14305432728,-35.1333623333768 144.143197573534,-35.133306216697 144.143578991017,-35.1332567567009 144.144317814914,-35.1331225686504 144.144509090492,-35.1331116722072 144.144614869812,-35.133084724956 144.144857609873,-35.1329956248496 144.144961293423,-35.1329551407311 144.145057518261,-35.1329177568557 144.145148377463,-35.1328791166948 144.145339904569,-35.1327432456481 144.145426070073,-35.1326462673882 144.145427214527,-35.1325515870381 144.145417916964,-35.1324760115044 144.145403656208,-35.1323943712476 144.145393274379,-35.1323297641145 144.145373745004,-35.1322805628621 144.14534899013,-35.1321475082625 144.145360272072,-35.1319476353941 144.145393631908,-35.1315518421895 144.145354582143,-35.1313658642098</coordinates></LineString></MultiGeometry>
  </Placemark>
  <Placemark>
	<name>NULL</name>
	<Style><LineStyle><color>ff0000ff</color></LineStyle><PolyStyle><fill>0</fill></PolyStyle></Style>
	<ExtendedData><SchemaData schemaUrl="#tracks">
		<SimpleData name="fid">12</SimpleData>
		<SimpleData name="FType">0</SimpleData>
		<SimpleData name="Owner">DTE</SimpleData>
		<SimpleData name="Usage">Mixed</SimpleData>
		<SimpleData name="Status">In Use</SimpleData>
		<SimpleData name="Surface">Bare</SimpleData>
		<SimpleData name="Restriction">Staff</SimpleData>
		<SimpleData name="Lanes">2</SimpleData>
		<SimpleData name="GlobalID">{696EF7DA-72A9-4161-A9F9-C58C6806075F}</SimpleData>
		<SimpleData name="created_user">NWellsAU</SimpleData>
		<SimpleData name="last_edited_user">WELNIG</SimpleData>
		<SimpleData name="VehicleTravel">Passing Possible</SimpleData>
		<SimpleData name="VehicleRequirement">NULL</SimpleData>
		<SimpleData name="VehicleLimitation">Small and Large Vehicles</SimpleData>
		<SimpleData name="SHAPE_Length">566.211265511</SimpleData>
	</SchemaData></ExtendedData>
      <MultiGeometry><LineString><coordinates>144.147967589065,-35.1323880626856 144.148036363185,-35.1322396192221 144.148141890976,-35.1320299879917 144.148344145764,-35.1316938739678 144.148507005833,-35.1314352078092 144.148616976692,-35.1312648039277 144.148884778851,-35.1308487258808 144.149077059645,-35.1305622332123 144.149224497437,-35.1303673537635 144.149375036214,-35.1301757431932 144.149585589639,-35.1298936077886 144.149733446945,-35.1296973881371 144.149889601091,-35.129508459814 144.150148435368,-35.1291936363422 144.150491957421,-35.1287875726507</coordinates></LineString></MultiGeometry>
  </Placemark>
  <Placemark>
	<name>NULL</name>
	<Style><LineStyle><color>ff0000ff</color></LineStyle><PolyStyle><fill>0</fill></PolyStyle></Style>
	<ExtendedData><SchemaData schemaUrl="#tracks">
		<SimpleData name="fid">13</SimpleData>
		<SimpleData name="FType">0</SimpleData>
		<SimpleData name="Owner">DTE</SimpleData>
		<SimpleData name="Usage">Mixed</SimpleData>
		<SimpleData name="Status">In Use</SimpleData>
		<SimpleData name="Surface">Bare</SimpleData>
		<SimpleData name="Restriction">Staff</SimpleData>
		<SimpleData name="Lanes">2</SimpleData>
		<SimpleData name="GlobalID">{017B7853-E2EA-4FCC-9FA3-01427157DB07}</SimpleData>
		<SimpleData name="created_user">NWellsAU</SimpleData>
		<SimpleData name="last_edited_user">WELNIG</SimpleData>
		<SimpleData name="VehicleTravel">Passing Possible</SimpleData>
		<SimpleData name="VehicleRequirement">No Requirements</SimpleData>
		<SimpleData name="VehicleLimitation">Small and Large Vehicles</SimpleData>
		<SimpleData name="SHAPE_Length">148.3128699</SimpleData>
	</SchemaData></ExtendedData>
      <MultiGeometry><LineString><coordinates>144.141152732164,-35.1378765656369 144.140971501547,-35.1377405089912 144.140641721023,-35.1374319498534 144.140424838069,-35.1371695524176 144.140307745367,-35.1370390968203</coordinates></LineString></MultiGeometry>
  </Placemark>
  <Placemark>
	<name>NULL</name>
	<Style><LineStyle><color>ff0000ff</color></LineStyle><PolyStyle><fill>0</fill></PolyStyle></Style>
	<ExtendedData><SchemaData schemaUrl="#tracks">
		<SimpleData name="fid">14</SimpleData>
		<SimpleData name="FType">0</SimpleData>
		<SimpleData name="Owner">DTE</SimpleData>
		<SimpleData name="Usage">Mixed</SimpleData>
		<SimpleData name="Status">In Use</SimpleData>
		<SimpleData name="Surface">Bare</SimpleData>
		<SimpleData name="Restriction">General</SimpleData>
		<SimpleData name="Lanes">0</SimpleData>
		<SimpleData name="GlobalID">{409F25C0-98EC-43DF-9599-311A99C6219B}</SimpleData>
		<SimpleData name="created_user">NWellsAU</SimpleData>
		<SimpleData name="last_edited_user">WELNIG</SimpleData>
		<SimpleData name="VehicleTravel">Passing Possible</SimpleData>
		<SimpleData name="VehicleRequirement">No Requirements</SimpleData>
		<SimpleData name="VehicleLimitation">Small and Large Vehicles</SimpleData>
		<SimpleData name="SHAPE_Length">148.912487015</SimpleData>
	</SchemaData></ExtendedData>
      <MultiGeometry><LineString><coordinates>144.140307745367,-35.1370390968203 144.140072316694,-35.1368921553263 144.139982862458,-35.1367908249499 144.139911882974,-35.1367123633353 144.139793043049,-35.1365690157795 144.139626667871,-35.1364572525553 144.139424647544,-35.1362312925535</coordinates></LineString></MultiGeometry>
  </Placemark>
  <Placemark>
	<name>NULL</name>
	<Style><LineStyle><color>ff0000ff</color></LineStyle><PolyStyle><fill>0</fill></PolyStyle></Style>
	<ExtendedData><SchemaData schemaUrl="#tracks">
		<SimpleData name="fid">15</SimpleData>
		<SimpleData name="FType">0</SimpleData>
		<SimpleData name="Owner">DTE</SimpleData>
		<SimpleData name="Usage">Mixed</SimpleData>
		<SimpleData name="Status">In Use</SimpleData>
		<SimpleData name="Surface">Bare</SimpleData>
		<SimpleData name="Restriction">General</SimpleData>
		<SimpleData name="Lanes">2</SimpleData>
		<SimpleData name="GlobalID">{4F2EB13D-2447-479F-BE06-6530D178BCE9}</SimpleData>
		<SimpleData name="created_user">NWellsAU</SimpleData>
		<SimpleData name="last_edited_user">WELNIG</SimpleData>
		<SimpleData name="VehicleTravel">Constricted</SimpleData>
		<SimpleData name="VehicleRequirement">No Requirements</SimpleData>
		<SimpleData name="VehicleLimitation">Small Vehicle Only</SimpleData>
		<SimpleData name="SHAPE_Length">14.6012439693</SimpleData>
	</SchemaData></ExtendedData>
      <MultiGeometry><LineString><coordinates>144.139424647544,-35.1362312925535 144.13938934016,-35.1363345983083</coordinates></LineString></MultiGeometry>
  </Placemark>
  <Placemark>
	<name>NULL</name>
	<Style><LineStyle><color>ff0000ff</color></LineStyle><PolyStyle><fill>0</fill></PolyStyle></Style>
	<ExtendedData><SchemaData schemaUrl="#tracks">
		<SimpleData name="fid">16</SimpleData>
		<SimpleData name="FType">0</SimpleData>
		<SimpleData name="Owner">DTE</SimpleData>
		<SimpleData name="Usage">Mixed</SimpleData>
		<SimpleData name="Status">In Use</SimpleData>
		<SimpleData name="Surface">Bare</SimpleData>
		<SimpleData name="Restriction">General</SimpleData>
		<SimpleData name="Lanes">1</SimpleData>
		<SimpleData name="GlobalID">{1B9B293D-EDFD-44DA-9E42-88EEA9FA9548}</SimpleData>
		<SimpleData name="created_user">NWellsAU</SimpleData>
		<SimpleData name="last_edited_user">WELNIG</SimpleData>
		<SimpleData name="VehicleTravel">Constricted</SimpleData>
		<SimpleData name="VehicleRequirement">No Requirements</SimpleData>
		<SimpleData name="VehicleLimitation">Small Vehicle Only</SimpleData>
		<SimpleData name="SHAPE_Length">138.254471175</SimpleData>
	</SchemaData></ExtendedData>
      <MultiGeometry><LineString><coordinates>144.13938934016,-35.1363345983083 144.139324547373,-35.1364270924146 144.139231675946,-35.1364501009556 144.139168393228,-35.1364525737122 144.139009220742,-35.1364935189068 144.138920959469,-35.1364717261865 144.138802774415,-35.13647662909 144.138741083511,-35.1364962429046 144.138670340285,-35.1365516477363 144.138633376407,-35.136610781493 144.138562548739,-35.1367192019617 144.138520053036,-35.1367569205499 144.138453124056,-35.1368338445531</coordinates></LineString></MultiGeometry>
  </Placemark>
  <Placemark>
	<name>NULL</name>
	<Style><LineStyle><color>ff0000ff</color></LineStyle><PolyStyle><fill>0</fill></PolyStyle></Style>
	<ExtendedData><SchemaData schemaUrl="#tracks">
		<SimpleData name="fid">17</SimpleData>
		<SimpleData name="FType">0</SimpleData>
		<SimpleData name="Owner">DTE</SimpleData>
		<SimpleData name="Usage">Mixed</SimpleData>
		<SimpleData name="Status">In Use</SimpleData>
		<SimpleData name="Surface">Bare</SimpleData>
		<SimpleData name="Restriction">General</SimpleData>
		<SimpleData name="Lanes">0</SimpleData>
		<SimpleData name="GlobalID">{19A56E7A-E616-4C1E-B288-A88C62754D2C}</SimpleData>
		<SimpleData name="created_user">NWellsAU</SimpleData>
		<SimpleData name="last_edited_user">WELNIG</SimpleData>
		<SimpleData name="VehicleTravel">NA</SimpleData>
		<SimpleData name="VehicleRequirement">NA</SimpleData>
		<SimpleData name="VehicleLimitation">Not Accessible with Vehicle</SimpleData>
		<SimpleData name="SHAPE_Length">202.360899331</SimpleData>
	</SchemaData></ExtendedData>
      <MultiGeometry><LineString><coordinates>144.138453124056,-35.1368338445531 144.138518963379,-35.1369779093692 144.138647960556,-35.1370512085377 144.138922541402,-35.1371083915109 144.139198844319,-35.1371326876508 144.139321278404,-35.1371118097056 144.139374168513,-35.1370961358162 144.139425884524,-35.1370711160627 144.139538296105,-35.1370376958955 144.139669621715,-35.136989152037 144.139746419587,-35.1369738902473 144.139846521554,-35.1369261698635 144.139938622227,-35.1368702892504 144.140009926003,-35.136816837267</coordinates></LineString></MultiGeometry>
  </Placemark>
  <Placemark>
	<name>cloud Avenue </name>
	<Style><LineStyle><color>ff0000ff</color></LineStyle><PolyStyle><fill>0</fill></PolyStyle></Style>
	<ExtendedData><SchemaData schemaUrl="#tracks">
		<SimpleData name="fid">18</SimpleData>
		<SimpleData name="FType">0</SimpleData>
		<SimpleData name="Owner">DTE</SimpleData>
		<SimpleData name="Usage">Mixed</SimpleData>
		<SimpleData name="Status">In Use</SimpleData>
		<SimpleData name="Surface">Bare</SimpleData>
		<SimpleData name="Restriction">General</SimpleData>
		<SimpleData name="Lanes">1</SimpleData>
		<SimpleData name="GlobalID">{5AC9BFEB-0560-428B-A74A-CC4BB7E51B73}</SimpleData>
		<SimpleData name="created_user">NWellsAU</SimpleData>
		<SimpleData name="last_edited_user">WELNIG</SimpleData>
		<SimpleData name="VehicleTravel">Constricted</SimpleData>
		<SimpleData name="VehicleRequirement">NULL</SimpleData>
		<SimpleData name="VehicleLimitation">Small Vehicle Only</SimpleData>
		<SimpleData name="SHAPE_Length">250.377864829</SimpleData>
	</SchemaData></ExtendedData>
      <MultiGeometry><LineString><coordinates>144.138716495724,-35.1352556067503 144.138703616578,-35.1352319168617 144.138691462372,-35.1351902165584 144.138668244515,-35.1351356923675 144.138555736814,-35.134914728668 144.138437796102,-35.1347970265266 144.138366909144,-35.134715786039 144.137834338437,-35.1342178748847 144.137779846632,-35.1341765935461 144.137668283958,-35.1341060173366 144.137614052664,-35.1340558937034 144.137560660397,-35.1340163732378 144.137493694586,-35.1339359871042 144.137459350196,-35.1338401592594 144.137429231481,-35.1337843926031</coordinates></LineString></MultiGeometry>
  </Placemark>
  <Placemark>
	<name>marry me track </name>
	<Style><LineStyle><color>ff0000ff</color></LineStyle><PolyStyle><fill>0</fill></PolyStyle></Style>
	<ExtendedData><SchemaData schemaUrl="#tracks">
		<SimpleData name="fid">19</SimpleData>
		<SimpleData name="FType">0</SimpleData>
		<SimpleData name="Owner">DTE</SimpleData>
		<SimpleData name="Usage">Mixed</SimpleData>
		<SimpleData name="Status">In Use</SimpleData>
		<SimpleData name="Surface">Bare</SimpleData>
		<SimpleData name="Restriction">Staff</SimpleData>
		<SimpleData name="Lanes">1</SimpleData>
		<SimpleData name="GlobalID">{9B2705DA-1D07-4F6A-ACCB-68B94CFC6652}</SimpleData>
		<SimpleData name="created_user">NWellsAU</SimpleData>
		<SimpleData name="last_edited_user">WELNIG</SimpleData>
		<SimpleData name="VehicleTravel">Constricted</SimpleData>
		<SimpleData name="VehicleRequirement">NULL</SimpleData>
		<SimpleData name="VehicleLimitation">Small Vehicle Only</SimpleData>
		<SimpleData name="SHAPE_Length">418.074618606</SimpleData>
	</SchemaData></ExtendedData>
      <MultiGeometry><LineString><coordinates>144.137429231481,-35.1337843926031 144.137338913066,-35.1337260796041 144.137245873654,-35.1336546243592 144.137201940646,-35.1335937767131 144.137158690359,-35.1335488915811 144.137119714255,-35.1334622714419 144.137090880131,-35.1334038913586 144.136977754389,-35.1333166789325 144.136887765656,-35.1332494843363 144.136691195407,-35.1332239146121 144.136622883021,-35.1332702244219 144.136565634286,-35.1333110448561 144.136497488987,-35.1333498530482 144.136440408237,-35.1333822491503 144.136340412271,-35.1334432688638 144.136191801279,-35.1335191256069 144.136135810186,-35.1335570117093 144.136021648686,-35.1336263299339 144.135881419874,-35.1337260744615 144.135780333353,-35.133792375328 144.135727862757,-35.1338183173419 144.135622251423,-35.1338834867711 144.135573384868,-35.1339084230193 144.135516890718,-35.1339379273157 144.135468778748,-35.1339694849482 144.135337852889,-35.1340480234057 144.135206676399,-35.1341191859151 144.135147416337,-35.1341638613579 144.135077176166,-35.1341950839034 144.135012216293,-35.1342395918049 144.134936024784,-35.1342758437166 144.134779618211,-35.1343298233754 144.134704935872,-35.1343483893665 144.13460351428,-35.1344047573116 144.134497399888,-35.134478686184</coordinates></LineString></MultiGeometry>
  </Placemark>
  <Placemark>
	<name>NULL</name>
	<Style><LineStyle><color>ff0000ff</color></LineStyle><PolyStyle><fill>0</fill></PolyStyle></Style>
	<ExtendedData><SchemaData schemaUrl="#tracks">
		<SimpleData name="fid">20</SimpleData>
		<SimpleData name="FType">0</SimpleData>
		<SimpleData name="Owner">DTE</SimpleData>
		<SimpleData name="Usage">Mixed</SimpleData>
		<SimpleData name="Status">In Use</SimpleData>
		<SimpleData name="Surface">Bare</SimpleData>
		<SimpleData name="Restriction">Staff</SimpleData>
		<SimpleData name="Lanes">1</SimpleData>
		<SimpleData name="GlobalID">{5561A95F-3D62-4D02-BEC0-646824754E4E}</SimpleData>
		<SimpleData name="created_user">NWellsAU</SimpleData>
		<SimpleData name="last_edited_user">WELNIG</SimpleData>
		<SimpleData name="VehicleTravel">Constricted</SimpleData>
		<SimpleData name="VehicleRequirement">No Requirements</SimpleData>
		<SimpleData name="VehicleLimitation">Small Vehicle Only</SimpleData>
		<SimpleData name="SHAPE_Length">529.72489856</SimpleData>
	</SchemaData></ExtendedData>
      <MultiGeometry><LineString><coordinates>144.136691195407,-35.1332239146121 144.136749114285,-35.1331638167292 144.136913340692,-35.1329382347524 144.136969633619,-35.1328576697667 144.137077527573,-35.1327387399715 144.137171695269,-35.1326878786311 144.137209581716,-35.1326439994867 144.137288949668,-35.1325798774289 144.137344689233,-35.1325361657295 144.137401929883,-35.1324875508632 144.137446940869,-35.1324475690021 144.137521377968,-35.1323839037509 144.137589522369,-35.1323162617087 144.137701437182,-35.1322438384067 144.137784722687,-35.1321998304565 144.137980090092,-35.1321335040492 144.13809961633,-35.1320654430387 144.13822727322,-35.1320020764984 144.138378733669,-35.131936445661 144.13846816904,-35.1318879986758 144.138507730845,-35.1318520821795 144.138554166559,-35.1318158717995 144.138623653043,-35.1317777343645 144.138670340285,-35.1317494040228 144.138715602798,-35.1317168397661 144.138810653539,-35.1316597595334 144.138941830028,-35.1315640377411 144.139136122149,-35.1314518040681 144.139230781224,-35.1313874334866 144.139376954189,-35.1313582757667 144.139465318768,-35.131337355199 144.139550311072,-35.1313155618333 144.13977398529,-35.1312495910229 144.139843722404,-35.1312339586161 144.139976576048,-35.1312103637999 144.140057377711,-35.1311789733386 144.140143962728,-35.1311508102946 144.140200623964,-35.1311285143608 144.140302883685,-35.1311039548846 144.140385864661,-35.1310915498815 144.140477394903,-35.1310648958322</coordinates></LineString></MultiGeometry>
  </Placemark>
  <Placemark>
	<name>NULL</name>
	<Style><LineStyle><color>FF0067ce</color><width>5.66928</width></LineStyle><PolyStyle><fill>0</fill></PolyStyle></Style>
	<ExtendedData><SchemaData schemaUrl="#tracks">
		<SimpleData name="fid">21</SimpleData>
		<SimpleData name="FType">0</SimpleData>
		<SimpleData name="Owner">DTE</SimpleData>
		<SimpleData name="Usage">Ped01</SimpleData>
		<SimpleData name="Status">In Use</SimpleData>
		<SimpleData name="Surface">Bare</SimpleData>
		<SimpleData name="Restriction">Staff</SimpleData>
		<SimpleData name="Lanes">0</SimpleData>
		<SimpleData name="GlobalID">{B0647C0F-869A-48EB-8164-4D09497B38D3}</SimpleData>
		<SimpleData name="created_user">NWellsAU</SimpleData>
		<SimpleData name="last_edited_user">WELNIG</SimpleData>
		<SimpleData name="VehicleTravel">NA</SimpleData>
		<SimpleData name="VehicleRequirement">NULL</SimpleData>
		<SimpleData name="VehicleLimitation">Not Accessible with Vehicle</SimpleData>
		<SimpleData name="SHAPE_Length">395.221143485</SimpleData>
	</SchemaData></ExtendedData>
      <MultiGeometry><LineString><coordinates>144.139550311072,-35.1313155618333 144.139927541508,-35.1313452698392 144.140024520033,-35.1313583044189 144.140105657666,-35.1313751938282 144.140227362319,-35.1314004651209 144.140312439064,-35.1313993756005 144.140365999317,-35.1313844139792 144.140496505663,-35.131347658998 144.140571859044,-35.1313388164651 144.140644530055,-35.1313198310236 144.140715776339,-35.1313058751565 144.140791799863,-35.1312781727972 144.1408915443,-35.1312591461998 144.140954157774,-35.1312316113304 144.14102096099,-35.1312047479446 144.141098996741,-35.1311918397044 144.141216427209,-35.1311832058023 144.141373168854,-35.1311951501502 144.141449360363,-35.1311809011263 144.141563438319,-35.1311424283819 144.141625547838,-35.1311243230361 144.141688747013,-35.1310997224168 144.14182914381,-35.1311143490783 144.141889913043,-35.131126837831 144.141948502064,-35.1311318666858 144.14205688021,-35.1311562160364 144.142123264811,-35.1311667777294 144.142206581757,-35.1311822419085 144.142277240542,-35.1312075132611 144.142416715668,-35.131203573934 144.142513694193,-35.1311804397503 144.142630035005,-35.1312613671207 144.142702622473,-35.1312863453137 144.142763055736,-35.1313191183899 144.142867996927,-35.1313079704469 144.142921976693,-35.1313548257394</coordinates></LineString></MultiGeometry>
  </Placemark>
  <Placemark>
	<name>NULL</name>
	<Style><LineStyle><color>FF0067ce</color><width>5.66928</width></LineStyle><PolyStyle><fill>0</fill></PolyStyle></Style>
	<ExtendedData><SchemaData schemaUrl="#tracks">
		<SimpleData name="fid">22</SimpleData>
		<SimpleData name="FType">0</SimpleData>
		<SimpleData name="Owner">DTE</SimpleData>
		<SimpleData name="Usage">Ped01</SimpleData>
		<SimpleData name="Status">In Use</SimpleData>
		<SimpleData name="Surface">Bare</SimpleData>
		<SimpleData name="Restriction">Staff</SimpleData>
		<SimpleData name="Lanes">0</SimpleData>
		<SimpleData name="GlobalID">{D5BC074B-B58B-4BF1-9323-90F10B2DC9BB}</SimpleData>
		<SimpleData name="created_user">NWellsAU</SimpleData>
		<SimpleData name="last_edited_user">WELNIG</SimpleData>
		<SimpleData name="VehicleTravel">NA</SimpleData>
		<SimpleData name="VehicleRequirement">NULL</SimpleData>
		<SimpleData name="VehicleLimitation">Not Accessible with Vehicle</SimpleData>
		<SimpleData name="SHAPE_Length">47.0734517757</SimpleData>
	</SchemaData></ExtendedData>
      <MultiGeometry><LineString><coordinates>144.140791799863,-35.1312781727972 144.140688946356,-35.1312503932876 144.14061764258,-35.1312154044043 144.140553468733,-35.1311483425197 144.140477394903,-35.1310648958322</coordinates></LineString></MultiGeometry>
  </Placemark>
  <Placemark>
	<name>NULL</name>
	<Style><LineStyle><color>ff0000ff</color></LineStyle><PolyStyle><fill>0</fill></PolyStyle></Style>
	<ExtendedData><SchemaData schemaUrl="#tracks">
		<SimpleData name="fid">23</SimpleData>
		<SimpleData name="FType">0</SimpleData>
		<SimpleData name="Owner">DTE</SimpleData>
		<SimpleData name="Usage">Mixed</SimpleData>
		<SimpleData name="Status">In Use</SimpleData>
		<SimpleData name="Surface">Bare</SimpleData>
		<SimpleData name="Restriction">General</SimpleData>
		<SimpleData name="Lanes">1</SimpleData>
		<SimpleData name="GlobalID">{EEBE2BC8-6662-4FF5-A976-F6D8AC381AD9}</SimpleData>
		<SimpleData name="created_user">NWellsAU</SimpleData>
		<SimpleData name="last_edited_user">WELNIG</SimpleData>
		<SimpleData name="VehicleTravel">Constricted</SimpleData>
		<SimpleData name="VehicleRequirement">NULL</SimpleData>
		<SimpleData name="VehicleLimitation">Not Accessible with Vehicle</SimpleData>
		<SimpleData name="SHAPE_Length">204.954877489</SimpleData>
	</SchemaData></ExtendedData>
      <MultiGeometry><LineString><coordinates>144.138504469961,-35.1337006804689 144.138636065963,-35.1336948972846 144.13873792773,-35.1336901044116 144.138774759555,-35.1336803526331 144.138927103946,-35.1336778217548 144.13900835836,-35.1336514932687 144.139053125004,-35.1336382937591 144.139101656487,-35.1336166685102 144.139220695838,-35.1335612778435 144.139318345405,-35.1334829071524 144.139362911724,-35.1334361978114 144.139407696334,-35.1333431390302 144.139511129255,-35.1332694618486 144.139564856593,-35.133244693641 144.13966041039,-35.133197126084 144.139860422983,-35.1330990662136 144.139986634484,-35.1330550109728 144.1400592498,-35.133035743088</coordinates></LineString></MultiGeometry>
  </Placemark>
  <Placemark>
	<name>NULL</name>
	<Style><LineStyle><color>ff0000ff</color></LineStyle><PolyStyle><fill>0</fill></PolyStyle></Style>
	<ExtendedData><SchemaData schemaUrl="#tracks">
		<SimpleData name="fid">24</SimpleData>
		<SimpleData name="FType">0</SimpleData>
		<SimpleData name="Owner">DTE</SimpleData>
		<SimpleData name="Usage">Mixed</SimpleData>
		<SimpleData name="Status">In Use</SimpleData>
		<SimpleData name="Surface">Bare</SimpleData>
		<SimpleData name="Restriction">General</SimpleData>
		<SimpleData name="Lanes">1</SimpleData>
		<SimpleData name="GlobalID">{48EBD273-D0F9-4F30-97CE-C4CB91DD5BA6}</SimpleData>
		<SimpleData name="created_user">NWellsAU</SimpleData>
		<SimpleData name="last_edited_user">WELNIG</SimpleData>
		<SimpleData name="VehicleTravel">Constricted</SimpleData>
		<SimpleData name="VehicleRequirement">NULL</SimpleData>
		<SimpleData name="VehicleLimitation">Small Vehicle Only</SimpleData>
		<SimpleData name="SHAPE_Length">220.889346468</SimpleData>
	</SchemaData></ExtendedData>
      <MultiGeometry><LineString><coordinates>144.139058412487,-35.1350512712256 144.139150286785,-35.1351695019396 144.139248787954,-35.1352308362083 144.139367627879,-35.1352186874882 144.139504293973,-35.1351603755164 144.139654495882,-35.1350771312933 144.139948496508,-35.1349749692483 144.139953693262,-35.1349750111228 144.140067603234,-35.1349161707693 144.140169359897,-35.1348762723806 144.140336243521,-35.1347931659799 144.140440681656,-35.1347315588289 144.140602814988,-35.1347282000404 144.140688495402,-35.1347682432262 144.140751411608,-35.1348039446553</coordinates></LineString></MultiGeometry>
  </Placemark>
  <Placemark>
	<name>NULL</name>
	<Style><LineStyle><color>ff0000ff</color></LineStyle><PolyStyle><fill>0</fill></PolyStyle></Style>
	<ExtendedData><SchemaData schemaUrl="#tracks">
		<SimpleData name="fid">25</SimpleData>
		<SimpleData name="FType">0</SimpleData>
		<SimpleData name="Owner">DTE</SimpleData>
		<SimpleData name="Usage">Mixed</SimpleData>
		<SimpleData name="Status">In Use</SimpleData>
		<SimpleData name="Surface">Sand</SimpleData>
		<SimpleData name="Restriction">General</SimpleData>
		<SimpleData name="Lanes">1</SimpleData>
		<SimpleData name="GlobalID">{6E2762DF-89FD-4B9A-B7DA-1030055289BA}</SimpleData>
		<SimpleData name="created_user">NWellsAU</SimpleData>
		<SimpleData name="last_edited_user">WELNIG</SimpleData>
		<SimpleData name="VehicleTravel">Passing Possible</SimpleData>
		<SimpleData name="VehicleRequirement">NULL</SimpleData>
		<SimpleData name="VehicleLimitation">Small and Large Vehicles</SimpleData>
		<SimpleData name="SHAPE_Length">224.105398391</SimpleData>
	</SchemaData></ExtendedData>
      <MultiGeometry><LineString><coordinates>144.141038599411,-35.1356417795387 144.140899674952,-35.1357703280619 144.140778264048,-35.1358516931195 144.140632067727,-35.1358570456556 144.140464486113,-35.1358198232627 144.140369938429,-35.1358096397749 144.140287293423,-35.1357999999146 144.140240857709,-35.1357980303621 144.139998955776,-35.1358324802593 144.139779936629,-35.1358689834409 144.139703913104,-35.135879837641 144.139573908916,-35.1359169696467 144.139542325948,-35.1359414167417 144.139506578389,-35.1360200899385 144.139487031049,-35.1360782286563 144.139424647544,-35.1362312925535</coordinates></LineString></MultiGeometry>
  </Placemark>
  <Placemark>
	<name>NULL</name>
	<Style><LineStyle><color>ff0000ff</color></LineStyle><PolyStyle><fill>0</fill></PolyStyle></Style>
	<ExtendedData><SchemaData schemaUrl="#tracks">
		<SimpleData name="fid">26</SimpleData>
		<SimpleData name="FType">0</SimpleData>
		<SimpleData name="Owner">DTE</SimpleData>
		<SimpleData name="Usage">Mixed</SimpleData>
		<SimpleData name="Status">In Use</SimpleData>
		<SimpleData name="Surface">Bare</SimpleData>
		<SimpleData name="Restriction">General</SimpleData>
		<SimpleData name="Lanes">1</SimpleData>
		<SimpleData name="GlobalID">{98F9E2BF-B028-488D-A099-0C1FEA5F703A}</SimpleData>
		<SimpleData name="created_user">NWellsAU</SimpleData>
		<SimpleData name="last_edited_user">WELNIG</SimpleData>
		<SimpleData name="VehicleTravel">NA</SimpleData>
		<SimpleData name="VehicleRequirement">NA</SimpleData>
		<SimpleData name="VehicleLimitation">Not Accessible with Vehicle</SimpleData>
		<SimpleData name="SHAPE_Length">101.523868551</SimpleData>
	</SchemaData></ExtendedData>
      <MultiGeometry><LineString><coordinates>144.139198844319,-35.1371326876508 144.139329325512,-35.1375160695373 144.139310549825,-35.1375945237657 144.139326308071,-35.1376759119772 144.13947483552,-35.1377429670163 144.1395304071,-35.1377540318014</coordinates></LineString></MultiGeometry>
  </Placemark>
  <Placemark>
	<name>petals track </name>
	<Style><LineStyle><color>ff0000ff</color></LineStyle><PolyStyle><fill>0</fill></PolyStyle></Style>
	<ExtendedData><SchemaData schemaUrl="#tracks">
		<SimpleData name="fid">27</SimpleData>
		<SimpleData name="FType">0</SimpleData>
		<SimpleData name="Owner">DTE</SimpleData>
		<SimpleData name="Usage">Mixed</SimpleData>
		<SimpleData name="Status">In Use</SimpleData>
		<SimpleData name="Surface">Bare</SimpleData>
		<SimpleData name="Restriction">General</SimpleData>
		<SimpleData name="Lanes">1</SimpleData>
		<SimpleData name="GlobalID">{E82447F7-6B34-4B85-B758-E8C3F3910C61}</SimpleData>
		<SimpleData name="created_user">NWellsAU</SimpleData>
		<SimpleData name="last_edited_user">WELNIG</SimpleData>
		<SimpleData name="VehicleTravel">Constricted</SimpleData>
		<SimpleData name="VehicleRequirement">No Requirements</SimpleData>
		<SimpleData name="VehicleLimitation">Small and Large Vehicles</SimpleData>
		<SimpleData name="SHAPE_Length">99.3236925868</SimpleData>
	</SchemaData></ExtendedData>
      <MultiGeometry><LineString><coordinates>144.141189017814,-35.134204673263 144.141000402147,-35.1342131687309 144.140880415072,-35.1342711000991 144.140785876372,-35.1342978787235 144.140644557005,-35.1342925562054 144.140603517471,-35.1342924812714 144.140514387527,-35.1342720713029 144.140430853188,-35.1342470227649 144.140374156918,-35.1341797429827</coordinates></LineString></MultiGeometry>
  </Placemark>
  <Placemark>
	<name>tansy drive </name>
	<Style><LineStyle><color>ff0000ff</color></LineStyle><PolyStyle><fill>0</fill></PolyStyle></Style>
	<ExtendedData><SchemaData schemaUrl="#tracks">
		<SimpleData name="fid">28</SimpleData>
		<SimpleData name="FType">0</SimpleData>
		<SimpleData name="Owner">DTE</SimpleData>
		<SimpleData name="Usage">Mixed</SimpleData>
		<SimpleData name="Status">In Use</SimpleData>
		<SimpleData name="Surface">Bare</SimpleData>
		<SimpleData name="Restriction">General</SimpleData>
		<SimpleData name="Lanes">1</SimpleData>
		<SimpleData name="GlobalID">{2542D48E-38EC-485E-ACF7-5A994649EAAC}</SimpleData>
		<SimpleData name="created_user">NWellsAU</SimpleData>
		<SimpleData name="last_edited_user">WELNIG</SimpleData>
		<SimpleData name="VehicleTravel">Constricted</SimpleData>
		<SimpleData name="VehicleRequirement">No Requirements</SimpleData>
		<SimpleData name="VehicleLimitation">Small and Large Vehicles</SimpleData>
		<SimpleData name="SHAPE_Length">245.969569808</SimpleData>
	</SchemaData></ExtendedData>
      <MultiGeometry><LineString><coordinates>144.138722978865,-35.1352532492955 144.13891235271,-35.1351255829927 144.139058412487,-35.1350512712256 144.139080932353,-35.1349924750056 144.139133473017,-35.1349288830045 144.13918758753,-35.1348740515583 144.13925095469,-35.1348313034718 144.139350280513,-35.1347594289812 144.139379533252,-35.1347399829815 144.139416497129,-35.1347344092443 144.139482127146,-35.1346867999482 144.139557480527,-35.1346557869649 144.139654375508,-35.1346145895977 144.139775913074,-35.134606752413 144.139847829501,-35.1345954785611 144.139914968687,-35.1345774577327 144.140070285603,-35.1344608232784 144.140142118486,-35.13442955896 144.140211353442,-35.1343947323304 144.140328280854,-35.134320426508 144.140374156918,-35.1341797429827</coordinates></LineString></MultiGeometry>
  </Placemark>
  <Placemark>
	<name>tansy drive </name>
	<Style><LineStyle><color>ff0000ff</color></LineStyle><PolyStyle><fill>0</fill></PolyStyle></Style>
	<ExtendedData><SchemaData schemaUrl="#tracks">
		<SimpleData name="fid">29</SimpleData>
		<SimpleData name="FType">0</SimpleData>
		<SimpleData name="Owner">DTE</SimpleData>
		<SimpleData name="Usage">Mixed</SimpleData>
		<SimpleData name="Status">In Use</SimpleData>
		<SimpleData name="Surface">Bare</SimpleData>
		<SimpleData name="Restriction">General</SimpleData>
		<SimpleData name="Lanes">1</SimpleData>
		<SimpleData name="GlobalID">{90B2E0C3-78D9-444F-A143-E04BA7D9150A}</SimpleData>
		<SimpleData name="created_user">NWellsAU</SimpleData>
		<SimpleData name="last_edited_user">WELNIG</SimpleData>
		<SimpleData name="VehicleTravel">Constricted</SimpleData>
		<SimpleData name="VehicleRequirement">No Requirements</SimpleData>
		<SimpleData name="VehicleLimitation">Small and Large Vehicles</SimpleData>
		<SimpleData name="SHAPE_Length">100.688928328</SimpleData>
	</SchemaData></ExtendedData>
      <MultiGeometry><LineString><coordinates>144.140374156918,-35.1341797429827 144.14040505537,-35.1340903303795 144.140585692201,-35.1339989730602 144.140676009718,-35.1339212228353 144.140705078302,-35.1338676205162 144.140718740779,-35.1338125929381 144.140743988828,-35.133723910176 144.14075295671,-35.1336632249399 144.14075444432,-35.1335966132098 144.140743200108,-35.1335656806231</coordinates></LineString></MultiGeometry>
  </Placemark>
  <Placemark>
	<name>NULL</name>
	<Style><LineStyle><color>ff0000ff</color></LineStyle><PolyStyle><fill>0</fill></PolyStyle></Style>
	<ExtendedData><SchemaData schemaUrl="#tracks">
		<SimpleData name="fid">30</SimpleData>
		<SimpleData name="FType">0</SimpleData>
		<SimpleData name="Owner">DTE</SimpleData>
		<SimpleData name="Usage">Mixed</SimpleData>
		<SimpleData name="Status">In Use</SimpleData>
		<SimpleData name="Surface">Bare</SimpleData>
		<SimpleData name="Restriction">General</SimpleData>
		<SimpleData name="Lanes">1</SimpleData>
		<SimpleData name="GlobalID">{CCAC8271-78A6-408F-9D66-16ED38FE9327}</SimpleData>
		<SimpleData name="created_user">NWellsAU</SimpleData>
		<SimpleData name="last_edited_user">WELNIG</SimpleData>
		<SimpleData name="VehicleTravel">Constricted</SimpleData>
		<SimpleData name="VehicleRequirement">NULL</SimpleData>
		<SimpleData name="VehicleLimitation">Not Accessible with Vehicle</SimpleData>
		<SimpleData name="SHAPE_Length">142.518594201</SimpleData>
	</SchemaData></ExtendedData>
      <MultiGeometry><LineString><coordinates>144.140284024454,-35.1329669591924 144.140364053566,-35.1329663347322 144.140620641157,-35.1329778975305 144.14080428914,-35.1330423124036 144.140924485522,-35.1330874909433 144.141107546007,-35.1331422244138 144.141180552989,-35.1331432720354 144.141312232535,-35.1331477563845 144.141384987089,-35.1331634310341 144.141457574558,-35.1331793561987 144.141511326151,-35.1332030004011</coordinates></LineString></MultiGeometry>
  </Placemark>
  <Placemark>
	<name>NULL</name>
	<Style><LineStyle><color>ff0000ff</color></LineStyle><PolyStyle><fill>0</fill></PolyStyle></Style>
	<ExtendedData><SchemaData schemaUrl="#tracks">
		<SimpleData name="fid">31</SimpleData>
		<SimpleData name="FType">0</SimpleData>
		<SimpleData name="Owner">DTE</SimpleData>
		<SimpleData name="Usage">Mixed</SimpleData>
		<SimpleData name="Status">In Use</SimpleData>
		<SimpleData name="Surface">Sand</SimpleData>
		<SimpleData name="Restriction">General</SimpleData>
		<SimpleData name="Lanes">2</SimpleData>
		<SimpleData name="GlobalID">{8277E23D-F976-4C08-8BBC-BAA014F7EB8C}</SimpleData>
		<SimpleData name="created_user">NWellsAU</SimpleData>
		<SimpleData name="last_edited_user">WELNIG</SimpleData>
		<SimpleData name="VehicleTravel">Passing Possible</SimpleData>
		<SimpleData name="VehicleRequirement">No Requirements</SimpleData>
		<SimpleData name="VehicleLimitation">Small and Large Vehicles</SimpleData>
		<SimpleData name="SHAPE_Length">92.0689583699</SimpleData>
	</SchemaData></ExtendedData>
      <MultiGeometry><LineString><coordinates>144.141440351159,-35.1342152095825 144.141716059391,-35.1341155920137 144.14189134855,-35.134047559842 144.142028908468,-35.1339992044748 144.1420914375,-35.1339729275181 144.142191187328,-35.1339320119112</coordinates></LineString></MultiGeometry>
  </Placemark>
  <Placemark>
	<name>Chalk Walk</name>
	<Style><LineStyle><color>FF0067ce</color><width>5.66928</width></LineStyle><PolyStyle><fill>0</fill></PolyStyle></Style>
	<ExtendedData><SchemaData schemaUrl="#tracks">
		<SimpleData name="fid">32</SimpleData>
		<SimpleData name="FType">0</SimpleData>
		<SimpleData name="Owner">DTE</SimpleData>
		<SimpleData name="Usage">Ped02</SimpleData>
		<SimpleData name="Status">In Use</SimpleData>
		<SimpleData name="Surface">Bare</SimpleData>
		<SimpleData name="Restriction">General</SimpleData>
		<SimpleData name="Lanes">0</SimpleData>
		<SimpleData name="GlobalID">{A5DD4601-EE33-4C58-BC9F-F282EA82F3C9}</SimpleData>
		<SimpleData name="created_user">NWellsAU</SimpleData>
		<SimpleData name="last_edited_user">WELNIG</SimpleData>
		<SimpleData name="VehicleTravel">NA</SimpleData>
		<SimpleData name="VehicleRequirement">No Requirements</SimpleData>
		<SimpleData name="VehicleLimitation">Not Accessible with Vehicle</SimpleData>
		<SimpleData name="SHAPE_Length">211.565759462</SimpleData>
	</SchemaData></ExtendedData>
      <MultiGeometry><LineString><coordinates>144.144469276261,-35.1328118519448 144.143841149061,-35.1328157728276 144.143529876527,-35.1328316826324 144.143293642065,-35.1328544122839 144.143057408502,-35.1329112345483 144.142854006565,-35.1329407825509 144.142584212841,-35.132943434671</coordinates></LineString></MultiGeometry>
  </Placemark>
  <Placemark>
	<name>NULL</name>
	<Style><LineStyle><color>ff0000ff</color></LineStyle><PolyStyle><fill>0</fill></PolyStyle></Style>
	<ExtendedData><SchemaData schemaUrl="#tracks">
		<SimpleData name="fid">33</SimpleData>
		<SimpleData name="FType">0</SimpleData>
		<SimpleData name="Owner">DTE</SimpleData>
		<SimpleData name="Usage">Mixed</SimpleData>
		<SimpleData name="Status">In Use</SimpleData>
		<SimpleData name="Surface">Sand</SimpleData>
		<SimpleData name="Restriction">General</SimpleData>
		<SimpleData name="Lanes">0</SimpleData>
		<SimpleData name="GlobalID">{C990F383-99B1-454C-9F5D-5454532AA136}</SimpleData>
		<SimpleData name="created_user">WELNIG</SimpleData>
		<SimpleData name="last_edited_user">WELNIG</SimpleData>
		<SimpleData name="VehicleTravel">Passing Possible</SimpleData>
		<SimpleData name="VehicleRequirement">No Requirements</SimpleData>
		<SimpleData name="VehicleLimitation">Small and Large Vehicles</SimpleData>
		<SimpleData name="SHAPE_Length">136.157219577</SimpleData>
	</SchemaData></ExtendedData>
      <MultiGeometry><LineString><coordinates>144.142194432941,-35.1349781891795 144.142394567705,-35.1349778901806 144.142675386452,-35.1349762379732 144.142837008643,-35.1349630203123 144.143113786769,-35.1349679769354 144.14341042934,-35.1350180155234</coordinates></LineString></MultiGeometry>
  </Placemark>
  <Placemark>
	<name>NULL</name>
	<Style><LineStyle><color>ff0000ff</color></LineStyle><PolyStyle><fill>0</fill></PolyStyle></Style>
	<ExtendedData><SchemaData schemaUrl="#tracks">
		<SimpleData name="fid">34</SimpleData>
		<SimpleData name="FType">0</SimpleData>
		<SimpleData name="Owner">DTE</SimpleData>
		<SimpleData name="Usage">Mixed</SimpleData>
		<SimpleData name="Status">In Use</SimpleData>
		<SimpleData name="Surface">Bare</SimpleData>
		<SimpleData name="Restriction">Staff</SimpleData>
		<SimpleData name="Lanes">2</SimpleData>
		<SimpleData name="GlobalID">{E47D2F29-352B-4786-B609-A72A464B2BAE}</SimpleData>
		<SimpleData name="created_user">WELNIG</SimpleData>
		<SimpleData name="last_edited_user">WELNIG</SimpleData>
		<SimpleData name="VehicleTravel">Passing Possible</SimpleData>
		<SimpleData name="VehicleRequirement">No Requirements</SimpleData>
		<SimpleData name="VehicleLimitation">Small and Large Vehicles</SimpleData>
		<SimpleData name="SHAPE_Length">149.190601631</SimpleData>
	</SchemaData></ExtendedData>
      <MultiGeometry><LineString><coordinates>144.142420889241,-35.137532529387 144.142419481581,-35.1374470440641 144.142379714061,-35.1372827721502 144.142345217856,-35.1371472654781 144.142311606491,-35.1369999113214 144.142298279086,-35.1368008415552 144.14228763405,-35.1366013518307 144.142272354605,-35.1364461743707</coordinates></LineString></MultiGeometry>
  </Placemark>
  <Placemark>
	<name>NULL</name>
	<Style><LineStyle><color>ff0000ff</color></LineStyle><PolyStyle><fill>0</fill></PolyStyle></Style>
	<ExtendedData><SchemaData schemaUrl="#tracks">
		<SimpleData name="fid">35</SimpleData>
		<SimpleData name="FType">0</SimpleData>
		<SimpleData name="Owner">DTE</SimpleData>
		<SimpleData name="Usage">Motorised</SimpleData>
		<SimpleData name="Status">In Use</SimpleData>
		<SimpleData name="Surface">Bare</SimpleData>
		<SimpleData name="Restriction">Staff</SimpleData>
		<SimpleData name="Lanes">0</SimpleData>
		<SimpleData name="GlobalID">{8F2CDE13-472D-4E17-9639-8F393E9AA5FC}</SimpleData>
		<SimpleData name="created_user">WELNIG</SimpleData>
		<SimpleData name="last_edited_user">WELNIG</SimpleData>
		<SimpleData name="VehicleTravel">Passing Possible</SimpleData>
		<SimpleData name="VehicleRequirement">NULL</SimpleData>
		<SimpleData name="VehicleLimitation">Small and Large Vehicles</SimpleData>
		<SimpleData name="SHAPE_Length">25.4068867446</SimpleData>
	</SchemaData></ExtendedData>
      <MultiGeometry><LineString><coordinates>144.142688279073,-35.1375373881495 144.142635575814,-35.1374590638935 144.142631267494,-35.1373618833532</coordinates></LineString></MultiGeometry>
  </Placemark>
  <Placemark>
	<name>NULL</name>
	<Style><LineStyle><color>ff0000ff</color></LineStyle><PolyStyle><fill>0</fill></PolyStyle></Style>
	<ExtendedData><SchemaData schemaUrl="#tracks">
		<SimpleData name="fid">36</SimpleData>
		<SimpleData name="FType">0</SimpleData>
		<SimpleData name="Owner">DTE</SimpleData>
		<SimpleData name="Usage">Mixed</SimpleData>
		<SimpleData name="Status">In Use</SimpleData>
		<SimpleData name="Surface">Bare</SimpleData>
		<SimpleData name="Restriction">Staff</SimpleData>
		<SimpleData name="Lanes">2</SimpleData>
		<SimpleData name="GlobalID">{F4139878-73C1-4E75-B11D-7A1AC875F345}</SimpleData>
		<SimpleData name="created_user">WELNIG</SimpleData>
		<SimpleData name="last_edited_user">WELNIG</SimpleData>
		<SimpleData name="VehicleTravel">Passing Possible</SimpleData>
		<SimpleData name="VehicleRequirement">No Requirements</SimpleData>
		<SimpleData name="VehicleLimitation">Small and Large Vehicles</SimpleData>
		<SimpleData name="SHAPE_Length">120.956339284</SimpleData>
	</SchemaData></ExtendedData>
      <MultiGeometry><LineString><coordinates>144.142420889241,-35.137532529387 144.142302049315,-35.1375762619119 144.142236687895,-35.1376442904004 144.142165383221,-35.137756051995 144.141919249325,-35.1379202987116 144.141666714034,-35.1379786087066 144.141555061529,-35.1380049864818</coordinates></LineString></MultiGeometry>
  </Placemark>
  <Placemark>
	<name>NULL</name>
	<Style><LineStyle><color>ff0000ff</color></LineStyle><PolyStyle><fill>0</fill></PolyStyle></Style>
	<ExtendedData><SchemaData schemaUrl="#tracks">
		<SimpleData name="fid">37</SimpleData>
		<SimpleData name="FType">0</SimpleData>
		<SimpleData name="Owner">DTE</SimpleData>
		<SimpleData name="Usage">Mixed</SimpleData>
		<SimpleData name="Status">In Use</SimpleData>
		<SimpleData name="Surface">Bare</SimpleData>
		<SimpleData name="Restriction">Staff</SimpleData>
		<SimpleData name="Lanes">0</SimpleData>
		<SimpleData name="GlobalID">{4C094159-228F-4961-8AEF-879C522470B4}</SimpleData>
		<SimpleData name="created_user">WELNIG</SimpleData>
		<SimpleData name="last_edited_user">WELNIG</SimpleData>
		<SimpleData name="VehicleTravel">Passing Possible</SimpleData>
		<SimpleData name="VehicleRequirement">No Requirements</SimpleData>
		<SimpleData name="VehicleLimitation">Small and Large Vehicles</SimpleData>
		<SimpleData name="SHAPE_Length">114.216531078</SimpleData>
	</SchemaData></ExtendedData>
      <MultiGeometry><LineString><coordinates>144.141571642632,-35.1379032916524 144.141693453287,-35.1378036778616 144.141824177025,-35.1377113535463 144.141928162409,-35.1376068807626 144.142041059979,-35.1375509998821 144.142192580615,-35.137521845104 144.142420889241,-35.137532529387</coordinates></LineString></MultiGeometry>
  </Placemark>
  <Placemark>
	<name>NULL</name>
	<Style><LineStyle><color>ff0000ff</color></LineStyle><PolyStyle><fill>0</fill></PolyStyle></Style>
	<ExtendedData><SchemaData schemaUrl="#tracks">
		<SimpleData name="fid">38</SimpleData>
		<SimpleData name="FType">0</SimpleData>
		<SimpleData name="Owner">DTE</SimpleData>
		<SimpleData name="Usage">Motorised</SimpleData>
		<SimpleData name="Status">In Use</SimpleData>
		<SimpleData name="Surface">Bare</SimpleData>
		<SimpleData name="Restriction">Staff</SimpleData>
		<SimpleData name="Lanes">2</SimpleData>
		<SimpleData name="GlobalID">{F7A4D274-F853-4D27-9B65-52EF8B189D1E}</SimpleData>
		<SimpleData name="created_user">WELNIG</SimpleData>
		<SimpleData name="last_edited_user">WELNIG</SimpleData>
		<SimpleData name="VehicleTravel">Passing Possible</SimpleData>
		<SimpleData name="VehicleRequirement">No Requirements</SimpleData>
		<SimpleData name="VehicleLimitation">Small and Large Vehicles</SimpleData>
		<SimpleData name="SHAPE_Length">69.4913853939</SimpleData>
	</SchemaData></ExtendedData>
      <MultiGeometry><LineString><coordinates>144.146605758365,-35.1376329317536 144.146532748689,-35.1376734458693 144.146312895006,-35.1377900661712 144.146152461287,-35.1378678134361 144.146073309829,-35.1378982735004</coordinates></LineString></MultiGeometry>
  </Placemark>
  <Placemark>
	<name>NULL</name>
	<Style><LineStyle><color>ff0000ff</color></LineStyle><PolyStyle><fill>0</fill></PolyStyle></Style>
	<ExtendedData><SchemaData schemaUrl="#tracks">
		<SimpleData name="fid">39</SimpleData>
		<SimpleData name="FType">0</SimpleData>
		<SimpleData name="Owner">DTE</SimpleData>
		<SimpleData name="Usage">Mixed</SimpleData>
		<SimpleData name="Status">In Use</SimpleData>
		<SimpleData name="Surface">Sand</SimpleData>
		<SimpleData name="Restriction">General</SimpleData>
		<SimpleData name="Lanes">2</SimpleData>
		<SimpleData name="GlobalID">{8A9190A1-1A54-491E-A23E-FDB3EA8F5DA5}</SimpleData>
		<SimpleData name="created_user">WELNIG</SimpleData>
		<SimpleData name="last_edited_user">WELNIG</SimpleData>
		<SimpleData name="VehicleTravel">Passing Possible</SimpleData>
		<SimpleData name="VehicleRequirement">No Requirements</SimpleData>
		<SimpleData name="VehicleLimitation">Small and Large Vehicles</SimpleData>
		<SimpleData name="SHAPE_Length">36.7358264057</SimpleData>
	</SchemaData></ExtendedData>
      <MultiGeometry><LineString><coordinates>144.146061847326,-35.1376150416247 144.145967969785,-35.1375492390034 144.14583119769,-35.1374228729033</coordinates></LineString></MultiGeometry>
  </Placemark>
  <Placemark>
	<name>NULL</name>
	<Style><LineStyle><color>FF0067ce</color><width>5.66928</width></LineStyle><PolyStyle><fill>0</fill></PolyStyle></Style>
	<ExtendedData><SchemaData schemaUrl="#tracks">
		<SimpleData name="fid">40</SimpleData>
		<SimpleData name="FType">0</SimpleData>
		<SimpleData name="Owner">DTE</SimpleData>
		<SimpleData name="Usage">Ped02</SimpleData>
		<SimpleData name="Status">In Use</SimpleData>
		<SimpleData name="Surface">Bare</SimpleData>
		<SimpleData name="Restriction">General</SimpleData>
		<SimpleData name="Lanes">0</SimpleData>
		<SimpleData name="GlobalID">{EDB6BD56-751B-4FD2-9AD1-0ED9967C4DD8}</SimpleData>
		<SimpleData name="created_user">WELNIG</SimpleData>
		<SimpleData name="last_edited_user">WELNIG</SimpleData>
		<SimpleData name="VehicleTravel">NA</SimpleData>
		<SimpleData name="VehicleRequirement">NA</SimpleData>
		<SimpleData name="VehicleLimitation">Not Accessible with Vehicle</SimpleData>
		<SimpleData name="SHAPE_Length">40.9080960073</SimpleData>
	</SchemaData></ExtendedData>
      <MultiGeometry><LineString><coordinates>144.139310549825,-35.1375945237657 144.139198844319,-35.1376672001587 144.138993845178,-35.1377425181659</coordinates></LineString></MultiGeometry>
  </Placemark>
  <Placemark>
	<name>NULL</name>
	<Style><LineStyle><color>ff0000ff</color></LineStyle><PolyStyle><fill>0</fill></PolyStyle></Style>
	<ExtendedData><SchemaData schemaUrl="#tracks">
		<SimpleData name="fid">41</SimpleData>
		<SimpleData name="FType">0</SimpleData>
		<SimpleData name="Owner">DTE</SimpleData>
		<SimpleData name="Usage">Mixed</SimpleData>
		<SimpleData name="Status">In Use</SimpleData>
		<SimpleData name="Surface">Sand</SimpleData>
		<SimpleData name="Restriction">General</SimpleData>
		<SimpleData name="Lanes">0</SimpleData>
		<SimpleData name="GlobalID">{687B023A-E68D-4A4A-98D7-6D98D5771ACB}</SimpleData>
		<SimpleData name="created_user">WELNIG</SimpleData>
		<SimpleData name="last_edited_user">WELNIG</SimpleData>
		<SimpleData name="VehicleTravel">Passing Possible</SimpleData>
		<SimpleData name="VehicleRequirement">Unknown</SimpleData>
		<SimpleData name="VehicleLimitation">Small and Large Vehicles</SimpleData>
		<SimpleData name="SHAPE_Length">113.554443272</SimpleData>
	</SchemaData></ExtendedData>
      <MultiGeometry><LineString><coordinates>144.141004409531,-35.1348224561748 144.14098671811,-35.1348942483299 144.140955739707,-35.1349842198466 144.140950788193,-35.1350507995865 144.140942122146,-35.1351886179839 144.140946171751,-35.1352364055037 144.140947848008,-35.1352972996737 144.140966024519,-35.1354453269008 144.141038599411,-35.1356417795387</coordinates></LineString></MultiGeometry>
  </Placemark>
  <Placemark>
	<name>cloud Avenue </name>
	<Style><LineStyle><color>ff0000ff</color></LineStyle><PolyStyle><fill>0</fill></PolyStyle></Style>
	<ExtendedData><SchemaData schemaUrl="#tracks">
		<SimpleData name="fid">42</SimpleData>
		<SimpleData name="FType">0</SimpleData>
		<SimpleData name="Owner">DTE</SimpleData>
		<SimpleData name="Usage">Mixed</SimpleData>
		<SimpleData name="Status">In Use</SimpleData>
		<SimpleData name="Surface">Bare</SimpleData>
		<SimpleData name="Restriction">General</SimpleData>
		<SimpleData name="Lanes">1</SimpleData>
		<SimpleData name="GlobalID">{2175117C-4E15-4A8F-91E2-18CDA765E969}</SimpleData>
		<SimpleData name="created_user">WELNIG</SimpleData>
		<SimpleData name="last_edited_user">WELNIG</SimpleData>
		<SimpleData name="VehicleTravel">Constricted</SimpleData>
		<SimpleData name="VehicleRequirement">NULL</SimpleData>
		<SimpleData name="VehicleLimitation">Small and Large Vehicles</SimpleData>
		<SimpleData name="SHAPE_Length">160.478022242</SimpleData>
	</SchemaData></ExtendedData>
      <MultiGeometry><LineString><coordinates>144.139424647544,-35.1362312925535 144.139249781491,-35.1360882541648 144.139208794059,-35.1360573247286 144.139152551437,-35.1360273591171 144.139078203271,-35.1359741761902 144.139035120969,-35.1359456776086 144.138960437731,-35.1358556564646 144.138913415417,-35.1357878468716 144.138880055581,-35.1356845815626 144.13887821134,-35.1356261597292 144.138860022252,-35.1355247807604 144.13882951277,-35.1354360579889 144.138786849082,-35.1353850124702 144.138716495724,-35.1352556067503</coordinates></LineString></MultiGeometry>
  </Placemark>
  <Placemark>
	<name>NULL</name>
	<Style><LineStyle><color>FF0067ce</color><width>5.66928</width></LineStyle><PolyStyle><fill>0</fill></PolyStyle></Style>
	<ExtendedData><SchemaData schemaUrl="#tracks">
		<SimpleData name="fid">43</SimpleData>
		<SimpleData name="FType">0</SimpleData>
		<SimpleData name="Owner">DTE</SimpleData>
		<SimpleData name="Usage">Ped02</SimpleData>
		<SimpleData name="Status">In Use</SimpleData>
		<SimpleData name="Surface">Bare</SimpleData>
		<SimpleData name="Restriction">General</SimpleData>
		<SimpleData name="Lanes">0</SimpleData>
		<SimpleData name="GlobalID">{8160B2F7-CEDC-4D59-8D88-E632E21CABDD}</SimpleData>
		<SimpleData name="created_user">WELNIG</SimpleData>
		<SimpleData name="last_edited_user">WELNIG</SimpleData>
		<SimpleData name="VehicleTravel">Unknown</SimpleData>
		<SimpleData name="VehicleRequirement">Unknown</SimpleData>
		<SimpleData name="VehicleLimitation">Small and Large Vehicles</SimpleData>
		<SimpleData name="SHAPE_Length">97.7564847292</SimpleData>
	</SchemaData></ExtendedData>
      <MultiGeometry><LineString><coordinates>144.140743200108,-35.1335656806231 144.141017278796,-35.1334668659717 144.141391623843,-35.1333526689831 144.141562678344,-35.1333092882937</coordinates></LineString></MultiGeometry>
  </Placemark>
  <Placemark>
	<name>tansy drive </name>
	<Style><LineStyle><color>ff0000ff</color></LineStyle><PolyStyle><fill>0</fill></PolyStyle></Style>
	<ExtendedData><SchemaData schemaUrl="#tracks">
		<SimpleData name="fid">44</SimpleData>
		<SimpleData name="FType">0</SimpleData>
		<SimpleData name="Owner">DTE</SimpleData>
		<SimpleData name="Usage">Mixed</SimpleData>
		<SimpleData name="Status">In Use</SimpleData>
		<SimpleData name="Surface">Bare</SimpleData>
		<SimpleData name="Restriction">General</SimpleData>
		<SimpleData name="Lanes">1</SimpleData>
		<SimpleData name="GlobalID">{B41295EB-30B1-439D-8F5D-1436777FE639}</SimpleData>
		<SimpleData name="created_user">WELNIG</SimpleData>
		<SimpleData name="last_edited_user">WELNIG</SimpleData>
		<SimpleData name="VehicleTravel">Constricted</SimpleData>
		<SimpleData name="VehicleRequirement">NULL</SimpleData>
		<SimpleData name="VehicleLimitation">Not Accessible with Vehicle</SimpleData>
		<SimpleData name="SHAPE_Length">96.7999800951</SimpleData>
	</SchemaData></ExtendedData>
      <MultiGeometry><LineString><coordinates>144.140743200108,-35.1335656806231 144.140728299752,-35.1335246928154 144.14067838666,-35.1334508299304 144.140634136547,-35.1333803963496 144.14055828011,-35.1333168192518 144.140522740961,-35.133271305836 144.140474796077,-35.1332093213891 144.140394665456,-35.1331038356124 144.140317467833,-35.1330178372557 144.140284024454,-35.1329669591924</coordinates></LineString></MultiGeometry>
  </Placemark>
  <Placemark>
	<name>NULL</name>
	<Style><LineStyle><color>ff0000ff</color></LineStyle><PolyStyle><fill>0</fill></PolyStyle></Style>
	<ExtendedData><SchemaData schemaUrl="#tracks">
		<SimpleData name="fid">45</SimpleData>
		<SimpleData name="FType">0</SimpleData>
		<SimpleData name="Owner">DTE</SimpleData>
		<SimpleData name="Usage">Mixed</SimpleData>
		<SimpleData name="Status">In Use</SimpleData>
		<SimpleData name="Surface">Bare</SimpleData>
		<SimpleData name="Restriction">General</SimpleData>
		<SimpleData name="Lanes">1</SimpleData>
		<SimpleData name="GlobalID">{B544B46D-9D70-4611-99F1-C8E1397E1EC2}</SimpleData>
		<SimpleData name="created_user">WELNIG</SimpleData>
		<SimpleData name="last_edited_user">WELNIG</SimpleData>
		<SimpleData name="VehicleTravel">Constricted</SimpleData>
		<SimpleData name="VehicleRequirement">No Requirements</SimpleData>
		<SimpleData name="VehicleLimitation">Small and Large Vehicles</SimpleData>
		<SimpleData name="SHAPE_Length">81.4800828611</SimpleData>
	</SchemaData></ExtendedData>
      <MultiGeometry><LineString><coordinates>144.142123684324,-35.1336721281965 144.141807438716,-35.1334740450157 144.141635689817,-35.1334130018163 144.141590763273,-35.1333483352497 144.141562678344,-35.1333092882937</coordinates></LineString></MultiGeometry>
  </Placemark>
  <Placemark>
	<name>NULL</name>
	<Style><LineStyle><color>ff0000ff</color></LineStyle><PolyStyle><fill>0</fill></PolyStyle></Style>
	<ExtendedData><SchemaData schemaUrl="#tracks">
		<SimpleData name="fid">46</SimpleData>
		<SimpleData name="FType">0</SimpleData>
		<SimpleData name="Owner">DTE</SimpleData>
		<SimpleData name="Usage">Motorised</SimpleData>
		<SimpleData name="Status">In Use</SimpleData>
		<SimpleData name="Surface">Bare</SimpleData>
		<SimpleData name="Restriction">Staff</SimpleData>
		<SimpleData name="Lanes">0</SimpleData>
		<SimpleData name="GlobalID">{FF5EF3AE-66FC-45C3-ABD8-497F4DB77224}</SimpleData>
		<SimpleData name="created_user">WELNIG</SimpleData>
		<SimpleData name="last_edited_user">WELNIG</SimpleData>
		<SimpleData name="VehicleTravel">Passing Possible</SimpleData>
		<SimpleData name="VehicleRequirement">Unknown</SimpleData>
		<SimpleData name="VehicleLimitation">Small and Large Vehicles</SimpleData>
		<SimpleData name="SHAPE_Length">381.62409491</SimpleData>
	</SchemaData></ExtendedData>
      <MultiGeometry><LineString><coordinates>144.142631267494,-35.1373618833532 144.142652833349,-35.137171574095 144.14268254333,-35.137006359839 144.142768701647,-35.1365738870881 144.142860803219,-35.1361632790461 144.143039062209,-35.1360175003623 144.143264858247,-35.1358352770079 144.143321307481,-35.1357696764417 144.143339133649,-35.1356967867801 144.143321307481,-35.1356336155403 144.143255945163,-35.1355534367014 144.143178699031,-35.1355315695313 144.143110366883,-35.1355364291478 144.143043198052,-35.1355609887564 144.142991526957,-35.1356311861022 144.142946961536,-35.1357550983677 144.142896454657,-35.1360053517596 144.142860803219,-35.1361632790461</coordinates></LineString></MultiGeometry>
  </Placemark>
  <Placemark>
	<name>NULL</name>
	<Style><LineStyle><color>ff0000ff</color></LineStyle><PolyStyle><fill>0</fill></PolyStyle></Style>
	<ExtendedData><SchemaData schemaUrl="#tracks">
		<SimpleData name="fid">47</SimpleData>
		<SimpleData name="FType">0</SimpleData>
		<SimpleData name="Owner">DTE</SimpleData>
		<SimpleData name="Usage">Mixed</SimpleData>
		<SimpleData name="Status">In Use</SimpleData>
		<SimpleData name="Surface">Sand</SimpleData>
		<SimpleData name="Restriction">General</SimpleData>
		<SimpleData name="Lanes">0</SimpleData>
		<SimpleData name="GlobalID">{3664A880-6789-4924-A98C-DB12DA88F08C}</SimpleData>
		<SimpleData name="created_user">WELNIG</SimpleData>
		<SimpleData name="last_edited_user">WELNIG</SimpleData>
		<SimpleData name="VehicleTravel">Passing Possible</SimpleData>
		<SimpleData name="VehicleRequirement">Unknown</SimpleData>
		<SimpleData name="VehicleLimitation">Small and Large Vehicles</SimpleData>
		<SimpleData name="SHAPE_Length">80.8838925666</SimpleData>
	</SchemaData></ExtendedData>
      <MultiGeometry><LineString><coordinates>144.141440351159,-35.1342152095825 144.14170655252,-35.1342152095825 144.142162461001,-35.1342676215441</coordinates></LineString></MultiGeometry>
  </Placemark>
  <Placemark>
	<name>NULL</name>
	<Style><LineStyle><color>ff0000ff</color></LineStyle><PolyStyle><fill>0</fill></PolyStyle></Style>
	<ExtendedData><SchemaData schemaUrl="#tracks">
		<SimpleData name="fid">48</SimpleData>
		<SimpleData name="FType">0</SimpleData>
		<SimpleData name="Owner">DTE</SimpleData>
		<SimpleData name="Usage">Mixed</SimpleData>
		<SimpleData name="Status">In Use</SimpleData>
		<SimpleData name="Surface">Sand</SimpleData>
		<SimpleData name="Restriction">General</SimpleData>
		<SimpleData name="Lanes">0</SimpleData>
		<SimpleData name="GlobalID">{E5D049AC-BFD1-439F-9CAA-0F69DC0E8283}</SimpleData>
		<SimpleData name="created_user">WELNIG</SimpleData>
		<SimpleData name="last_edited_user">WELNIG</SimpleData>
		<SimpleData name="VehicleTravel">Passing Possible</SimpleData>
		<SimpleData name="VehicleRequirement">No Requirements</SimpleData>
		<SimpleData name="VehicleLimitation">Small and Large Vehicles</SimpleData>
		<SimpleData name="SHAPE_Length">46.0285920201</SimpleData>
	</SchemaData></ExtendedData>
      <MultiGeometry><LineString><coordinates>144.142162461001,-35.1342676215441 144.142161709112,-35.134183623394 144.142162897583,-35.1340363836211 144.142191187328,-35.1339320119112</coordinates></LineString></MultiGeometry>
  </Placemark>
  <Placemark>
	<name>NULL</name>
	<Style><LineStyle><color>ff0000ff</color></LineStyle><PolyStyle><fill>0</fill></PolyStyle></Style>
	<ExtendedData><SchemaData schemaUrl="#tracks">
		<SimpleData name="fid">49</SimpleData>
		<SimpleData name="FType">0</SimpleData>
		<SimpleData name="Owner">DTE</SimpleData>
		<SimpleData name="Usage">Mixed</SimpleData>
		<SimpleData name="Status">In Use</SimpleData>
		<SimpleData name="Surface">Sand</SimpleData>
		<SimpleData name="Restriction">General</SimpleData>
		<SimpleData name="Lanes">0</SimpleData>
		<SimpleData name="GlobalID">{B9F56E0B-4518-4882-8D14-DA244CF36D7D}</SimpleData>
		<SimpleData name="created_user">WELNIG</SimpleData>
		<SimpleData name="last_edited_user">WELNIG</SimpleData>
		<SimpleData name="VehicleTravel">Passing Possible</SimpleData>
		<SimpleData name="VehicleRequirement">Unknown</SimpleData>
		<SimpleData name="VehicleLimitation">Small and Large Vehicles</SimpleData>
		<SimpleData name="SHAPE_Length">95.9964468418</SimpleData>
	</SchemaData></ExtendedData>
      <MultiGeometry><LineString><coordinates>144.141004409531,-35.1348224561748 144.141080266867,-35.1346962886038 144.141187222081,-35.1345407886769 144.141297148923,-35.1343828582432 144.141440351159,-35.1342152095825</coordinates></LineString></MultiGeometry>
  </Placemark>
  <Placemark>
	<name>NULL</name>
	<Style><LineStyle><color>ff0000ff</color></LineStyle><PolyStyle><fill>0</fill></PolyStyle></Style>
	<ExtendedData><SchemaData schemaUrl="#tracks">
		<SimpleData name="fid">50</SimpleData>
		<SimpleData name="FType">0</SimpleData>
		<SimpleData name="Owner">DTE</SimpleData>
		<SimpleData name="Usage">Mixed</SimpleData>
		<SimpleData name="Status">In Use</SimpleData>
		<SimpleData name="Surface">Bare</SimpleData>
		<SimpleData name="Restriction">General</SimpleData>
		<SimpleData name="Lanes">2</SimpleData>
		<SimpleData name="GlobalID">{4BFC8A5E-29F0-48F6-9664-4F627CD83A68}</SimpleData>
		<SimpleData name="created_user">WELNIG</SimpleData>
		<SimpleData name="last_edited_user">WELNIG</SimpleData>
		<SimpleData name="VehicleTravel">Passing Possible</SimpleData>
		<SimpleData name="VehicleRequirement">No Requirements</SimpleData>
		<SimpleData name="VehicleLimitation">Small and Large Vehicles</SimpleData>
		<SimpleData name="SHAPE_Length">284.59769926</SimpleData>
	</SchemaData></ExtendedData>
      <MultiGeometry><LineString><coordinates>144.145368544657,-35.1313638857339 144.145868719421,-35.1319588258604 144.146016361131,-35.1322004365559 144.146151728261,-35.1325280014196 144.146178178257,-35.1327059050205 144.146328184333,-35.1330044657332 144.146427856905,-35.133241835827</coordinates></LineString></MultiGeometry>
  </Placemark>
  <Placemark>
	<name>NULL</name>
	<Style><LineStyle><color>ff0000ff</color></LineStyle><PolyStyle><fill>0</fill></PolyStyle></Style>
	<ExtendedData><SchemaData schemaUrl="#tracks">
		<SimpleData name="fid">51</SimpleData>
		<SimpleData name="FType">0</SimpleData>
		<SimpleData name="Owner">DTE</SimpleData>
		<SimpleData name="Usage">Motorised</SimpleData>
		<SimpleData name="Status">In Use</SimpleData>
		<SimpleData name="Surface">Bare</SimpleData>
		<SimpleData name="Restriction">Staff</SimpleData>
		<SimpleData name="Lanes">1</SimpleData>
		<SimpleData name="GlobalID">{156730EB-A9CC-48FF-AA64-7BFB2C97C124}</SimpleData>
		<SimpleData name="created_user">WELNIG</SimpleData>
		<SimpleData name="last_edited_user">WELNIG</SimpleData>
		<SimpleData name="VehicleTravel">Passing Possible</SimpleData>
		<SimpleData name="VehicleRequirement">No Requirements</SimpleData>
		<SimpleData name="VehicleLimitation">Small and Large Vehicles</SimpleData>
		<SimpleData name="SHAPE_Length">770.832106017</SimpleData>
	</SchemaData></ExtendedData>
      <MultiGeometry><LineString><coordinates>144.150491957421,-35.1287875726507 144.151216286103,-35.129636076149 144.151919817887,-35.1304602719479 144.152675639706,-35.1313777637158 144.153317374585,-35.1321475156092 144.154390894588,-35.1334673508437</coordinates></LineString></MultiGeometry>
  </Placemark>
  <Placemark>
	<name>NULL</name>
	<Style><LineStyle><color>ff0000ff</color></LineStyle><PolyStyle><fill>0</fill></PolyStyle></Style>
	<ExtendedData><SchemaData schemaUrl="#tracks">
		<SimpleData name="fid">52</SimpleData>
		<SimpleData name="FType">0</SimpleData>
		<SimpleData name="Owner">DTE</SimpleData>
		<SimpleData name="Usage">Motorised</SimpleData>
		<SimpleData name="Status">In Use</SimpleData>
		<SimpleData name="Surface">Bare</SimpleData>
		<SimpleData name="Restriction">Staff</SimpleData>
		<SimpleData name="Lanes">0</SimpleData>
		<SimpleData name="GlobalID">{76937385-7EC3-4FFC-B2C4-0E97F082D448}</SimpleData>
		<SimpleData name="created_user">WELNIG</SimpleData>
		<SimpleData name="last_edited_user">WELNIG</SimpleData>
		<SimpleData name="VehicleTravel">Unknown</SimpleData>
		<SimpleData name="VehicleRequirement">Unknown</SimpleData>
		<SimpleData name="VehicleLimitation">Small and Large Vehicles</SimpleData>
		<SimpleData name="SHAPE_Length">264.750371787</SimpleData>
	</SchemaData></ExtendedData>
      <MultiGeometry><LineString><coordinates>144.150491957421,-35.1287875726507 144.149176606453,-35.1271670093993</coordinates></LineString></MultiGeometry>
  </Placemark>
  <Placemark>
	<name>NULL</name>
	<Style><LineStyle><color>ff0000ff</color></LineStyle><PolyStyle><fill>0</fill></PolyStyle></Style>
	<ExtendedData><SchemaData schemaUrl="#tracks">
		<SimpleData name="fid">53</SimpleData>
		<SimpleData name="FType">0</SimpleData>
		<SimpleData name="Owner">DTE</SimpleData>
		<SimpleData name="Usage">Motorised</SimpleData>
		<SimpleData name="Status">In Use</SimpleData>
		<SimpleData name="Surface">Bare</SimpleData>
		<SimpleData name="Restriction">Staff</SimpleData>
		<SimpleData name="Lanes">0</SimpleData>
		<SimpleData name="GlobalID">{4701FD90-A0CD-4F3A-B0D1-6981DB355751}</SimpleData>
		<SimpleData name="created_user">WELNIG</SimpleData>
		<SimpleData name="last_edited_user">WELNIG</SimpleData>
		<SimpleData name="VehicleTravel">Unknown</SimpleData>
		<SimpleData name="VehicleRequirement">Unknown</SimpleData>
		<SimpleData name="VehicleLimitation">Small and Large Vehicles</SimpleData>
		<SimpleData name="SHAPE_Length">26.3996943818</SimpleData>
	</SchemaData></ExtendedData>
      <MultiGeometry><LineString><coordinates>144.150160002076,-35.1280279639075 144.149965057778,-35.1281384155026</coordinates></LineString></MultiGeometry>
  </Placemark>
  <Placemark>
	<name>NULL</name>
	<Style><LineStyle><color>ff0000ff</color></LineStyle><PolyStyle><fill>0</fill></PolyStyle></Style>
	<ExtendedData><SchemaData schemaUrl="#tracks">
		<SimpleData name="fid">54</SimpleData>
		<SimpleData name="FType">0</SimpleData>
		<SimpleData name="Owner">DTE</SimpleData>
		<SimpleData name="Usage">Motorised</SimpleData>
		<SimpleData name="Status">In Use</SimpleData>
		<SimpleData name="Surface">Bare</SimpleData>
		<SimpleData name="Restriction">Staff</SimpleData>
		<SimpleData name="Lanes">0</SimpleData>
		<SimpleData name="GlobalID">{D7501FFB-CB6F-4994-8DC5-9F6995F99CAE}</SimpleData>
		<SimpleData name="created_user">WELNIG</SimpleData>
		<SimpleData name="last_edited_user">WELNIG</SimpleData>
		<SimpleData name="VehicleTravel">Passing Possible</SimpleData>
		<SimpleData name="VehicleRequirement">Unknown</SimpleData>
		<SimpleData name="VehicleLimitation">Small and Large Vehicles</SimpleData>
		<SimpleData name="SHAPE_Length">2677.77219016</SimpleData>
	</SchemaData></ExtendedData>
      <MultiGeometry><LineString><coordinates>144.144543557053,-35.1299390804806 144.144580252334,-35.1297042611483 144.144606085187,-35.1293480444432 144.144769143784,-35.1289879345008 144.144867500324,-35.1287323337202 144.144999261617,-35.1285444464307 144.145429422586,-35.128108263301 144.145850195261,-35.1277298198945 144.146249844053,-35.1274712381258 144.146495768642,-35.1273086293059 144.146601045803,-35.127158760794 144.146681828602,-35.1269878380729 144.146759462805,-35.1267308651791 144.146945078099,-35.1264339184163 144.147297480897,-35.1259676694414 144.147330756292,-35.1258607518598 144.147278467156,-35.1257168988119 144.146265099243,-35.1251533911078 144.144840293948,-35.1243783652905 144.143803921079,-35.1239003802892 144.142660509453,-35.1233770719185 144.141101816552,-35.1226948034147 144.140189392328,-35.1223086566621 144.139847662414,-35.1222676690665 144.139567538963,-35.1222003617527 144.139467878069,-35.1221224951926 144.139378778667,-35.1220023821891 144.139128663437,-35.1217915769115 144.138316518149,-35.1214031980746 144.13713242901,-35.1208640357324 144.136490793843,-35.1205431757652 144.136291136983,-35.1204348821825 144.136182172238,-35.120399677773 144.136083516558,-35.1204498862279 144.136017970983,-35.1205699978467 144.135796905473,-35.1221696041177 144.135545398753,-35.1235485922166 144.135483609933,-35.1244329018276</coordinates></LineString></MultiGeometry>
  </Placemark>
  <Placemark>
	<name>NULL</name>
	<Style><LineStyle><color>ff0000ff</color></LineStyle><PolyStyle><fill>0</fill></PolyStyle></Style>
	<ExtendedData><SchemaData schemaUrl="#tracks">
		<SimpleData name="fid">55</SimpleData>
		<SimpleData name="FType">0</SimpleData>
		<SimpleData name="Owner">DTE</SimpleData>
		<SimpleData name="Usage">Motorised</SimpleData>
		<SimpleData name="Status">In Use</SimpleData>
		<SimpleData name="Surface">Bare</SimpleData>
		<SimpleData name="Restriction">Staff</SimpleData>
		<SimpleData name="Lanes">0</SimpleData>
		<SimpleData name="GlobalID">{9A8B07BD-F46A-4E9B-AC30-D0C9629E4301}</SimpleData>
		<SimpleData name="created_user">WELNIG</SimpleData>
		<SimpleData name="last_edited_user">WELNIG</SimpleData>
		<SimpleData name="VehicleTravel">Constricted</SimpleData>
		<SimpleData name="VehicleRequirement">4WD DWO</SimpleData>
		<SimpleData name="VehicleLimitation">Small and Large Vehicles</SimpleData>
		<SimpleData name="SHAPE_Length">111.060028329</SimpleData>
	</SchemaData></ExtendedData>
      <MultiGeometry><LineString><coordinates>144.135483609933,-35.1244329018276 144.135369523892,-35.1252435431098</coordinates></LineString></MultiGeometry>
  </Placemark>
  <Placemark>
	<name>NULL</name>
	<Style><LineStyle><color>ff0000ff</color></LineStyle><PolyStyle><fill>0</fill></PolyStyle></Style>
	<ExtendedData><SchemaData schemaUrl="#tracks">
		<SimpleData name="fid">56</SimpleData>
		<SimpleData name="FType">0</SimpleData>
		<SimpleData name="Owner">DTE</SimpleData>
		<SimpleData name="Usage">Motorised</SimpleData>
		<SimpleData name="Status">In Use</SimpleData>
		<SimpleData name="Surface">Bare</SimpleData>
		<SimpleData name="Restriction">Staff</SimpleData>
		<SimpleData name="Lanes">0</SimpleData>
		<SimpleData name="GlobalID">{2C74CD44-3E7E-4FD3-926E-7D99416F330C}</SimpleData>
		<SimpleData name="created_user">WELNIG</SimpleData>
		<SimpleData name="last_edited_user">WELNIG</SimpleData>
		<SimpleData name="VehicleTravel">Passing Possible</SimpleData>
		<SimpleData name="VehicleRequirement">Unknown</SimpleData>
		<SimpleData name="VehicleLimitation">Small and Large Vehicles</SimpleData>
		<SimpleData name="SHAPE_Length">1037.23730775</SimpleData>
	</SchemaData></ExtendedData>
      <MultiGeometry><LineString><coordinates>144.135369523892,-35.1252435431098 144.135059351794,-35.1269960161631 144.13500423027,-35.1275003803392 144.135097187936,-35.1281893098074 144.134614673152,-35.1301132979466 144.134553094538,-35.1309148887668 144.134610137558,-35.1311948011796 144.13483830964,-35.13167881322 144.135152047152,-35.1321978115943 144.135441965833,-35.1326398552583</coordinates></LineString></MultiGeometry>
  </Placemark>
  <Placemark>
	<name>NULL</name>
	<Style><LineStyle><color>ff0000ff</color></LineStyle><PolyStyle><fill>0</fill></PolyStyle></Style>
	<ExtendedData><SchemaData schemaUrl="#tracks">
		<SimpleData name="fid">57</SimpleData>
		<SimpleData name="FType">0</SimpleData>
		<SimpleData name="Owner">DTE</SimpleData>
		<SimpleData name="Usage">Motorised</SimpleData>
		<SimpleData name="Status">In Use</SimpleData>
		<SimpleData name="Surface">Bare</SimpleData>
		<SimpleData name="Restriction">Staff</SimpleData>
		<SimpleData name="Lanes">0</SimpleData>
		<SimpleData name="GlobalID">{877BE1B8-4D62-4A41-9789-2834D2E0B6D1}</SimpleData>
		<SimpleData name="created_user">WELNIG</SimpleData>
		<SimpleData name="last_edited_user">WELNIG</SimpleData>
		<SimpleData name="VehicleTravel">Passing Possible</SimpleData>
		<SimpleData name="VehicleRequirement">Unknown</SimpleData>
		<SimpleData name="VehicleLimitation">Small and Large Vehicles</SimpleData>
		<SimpleData name="SHAPE_Length">213.090590663</SimpleData>
	</SchemaData></ExtendedData>
      <MultiGeometry><LineString><coordinates>144.135441965833,-35.1326398552583 144.135108786084,-35.1328642390966 144.134952127984,-35.1331325430969 144.134864368869,-35.1332360599566 144.134687259722,-35.1332862678453 144.134556754274,-35.1332661507524 144.134410153711,-35.1332487173549 144.134300267294,-35.1332671572317 144.134097257922,-35.1333684941976 144.133963761982,-35.1334180951796</coordinates></LineString></MultiGeometry>
  </Placemark>
  <Placemark>
	<name>NULL</name>
	<Style><LineStyle><color>ff0000ff</color></LineStyle><PolyStyle><fill>0</fill></PolyStyle></Style>
	<ExtendedData><SchemaData schemaUrl="#tracks">
		<SimpleData name="fid">58</SimpleData>
		<SimpleData name="FType">0</SimpleData>
		<SimpleData name="Owner">DTE</SimpleData>
		<SimpleData name="Usage">Motorised</SimpleData>
		<SimpleData name="Status">In Use</SimpleData>
		<SimpleData name="Surface">Bare</SimpleData>
		<SimpleData name="Restriction">Staff</SimpleData>
		<SimpleData name="Lanes">0</SimpleData>
		<SimpleData name="GlobalID">{D65ADF6E-A21B-4D55-A44D-77E94F22CE0B}</SimpleData>
		<SimpleData name="created_user">WELNIG</SimpleData>
		<SimpleData name="last_edited_user">WELNIG</SimpleData>
		<SimpleData name="VehicleTravel">Passing Possible</SimpleData>
		<SimpleData name="VehicleRequirement">Unknown</SimpleData>
		<SimpleData name="VehicleLimitation">Small and Large Vehicles</SimpleData>
		<SimpleData name="SHAPE_Length">1226.5037474</SimpleData>
	</SchemaData></ExtendedData>
      <MultiGeometry><LineString><coordinates>144.135441965833,-35.1326398552583 144.135751091394,-35.132513037067 144.13605074422,-35.1323117868644 144.136251657823,-35.1321573931992 144.136561955685,-35.1319596641168 144.136764127828,-35.1318232897566 144.137064368152,-35.1314625332281 144.137457479005,-35.1310426828934 144.137791329796,-35.1306905598005 144.138188465102,-35.1303545291443 144.13849893005,-35.13011254416 144.138997150978,-35.1299063487261 144.139432841976,-35.1297554747986 144.139741547125,-35.1296874970243 144.140577222884,-35.1295230441493 144.141057254724,-35.1293708286996 144.141557068365,-35.1291648863263 144.141826545882,-35.1290730202153 144.14240456236,-35.1289855967013 144.142804546224,-35.1289722700678 144.143037144305,-35.1290424260736 144.143327996337,-35.1291014352432 144.143638797255,-35.1292680673328 144.143903085205,-35.129415265769 144.144109860315,-35.129555062674 144.144266098903,-35.1297183429217 144.144344050212,-35.12980626891 144.144475083869,-35.1298934983203</coordinates></LineString></MultiGeometry>
  </Placemark>
  <Placemark>
	<name>NULL</name>
	<Style><LineStyle><color>ff0000ff</color></LineStyle><PolyStyle><fill>0</fill></PolyStyle></Style>
	<ExtendedData><SchemaData schemaUrl="#tracks">
		<SimpleData name="fid">59</SimpleData>
		<SimpleData name="FType">0</SimpleData>
		<SimpleData name="Owner">DTE</SimpleData>
		<SimpleData name="Usage">Motorised</SimpleData>
		<SimpleData name="Status">In Use</SimpleData>
		<SimpleData name="Surface">Bare</SimpleData>
		<SimpleData name="Restriction">Staff</SimpleData>
		<SimpleData name="Lanes">0</SimpleData>
		<SimpleData name="GlobalID">{E24DEAE7-D815-4AB1-B1BF-5C185ED79F27}</SimpleData>
		<SimpleData name="created_user">WELNIG</SimpleData>
		<SimpleData name="last_edited_user">WELNIG</SimpleData>
		<SimpleData name="VehicleTravel">Passing Possible</SimpleData>
		<SimpleData name="VehicleRequirement">Unknown</SimpleData>
		<SimpleData name="VehicleLimitation">Small and Large Vehicles</SimpleData>
		<SimpleData name="SHAPE_Length">942.676489437</SimpleData>
	</SchemaData></ExtendedData>
      <MultiGeometry><LineString><coordinates>144.143085126918,-35.1290574843702 144.142895652462,-35.128936037101 144.142565871938,-35.1287392185681 144.142399495862,-35.1286371639185 144.142048918441,-35.1285618382229 144.141395298851,-35.1285181008561 144.140955591485,-35.1284938021456 144.140801100121,-35.1284840828063 144.140572333354,-35.1284767931175 144.140495087223,-35.1284719330796 144.140203929765,-35.1284136162761 144.139906829951,-35.1283771677935 144.139740453875,-35.1283650187855 144.139538426361,-35.1283650187855 144.139285891968,-35.1283917471885 144.139101689724,-35.1284063265809 144.138887778397,-35.1284038969272 144.138623359294,-35.1283820278371 144.138201478097,-35.128345580075 144.137883581386,-35.1282994122007 144.137708292226,-35.128270253375 144.137488438543,-35.1282095067677 144.137345830992,-35.1281560490986 144.137090324972,-35.1281025921291 144.136923949795,-35.1280491343898 144.136668443776,-35.1279470796101 144.13651692314,-35.1278839023578 144.136380257046,-35.1278450239679 144.136273300933,-35.127830444475 144.13606830269,-35.1278061455593 144.135824680484,-35.1277526883602 144.1354146831,-35.1276482027981 144.135227510127,-35.1275801659576 144.13500423027,-35.1275003803392</coordinates></LineString></MultiGeometry>
  </Placemark>
  <Placemark>
	<name>NULL</name>
	<Style><LineStyle><color>ff0000ff</color></LineStyle><PolyStyle><fill>0</fill></PolyStyle></Style>
	<ExtendedData><SchemaData schemaUrl="#tracks">
		<SimpleData name="fid">60</SimpleData>
		<SimpleData name="FType">0</SimpleData>
		<SimpleData name="Owner">DTE</SimpleData>
		<SimpleData name="Usage">Mixed</SimpleData>
		<SimpleData name="Status">In Use</SimpleData>
		<SimpleData name="Surface">Bare</SimpleData>
		<SimpleData name="Restriction">General</SimpleData>
		<SimpleData name="Lanes">0</SimpleData>
		<SimpleData name="GlobalID">{04BA3D09-EC1B-4011-9CA8-49EC5CFE0442}</SimpleData>
		<SimpleData name="created_user">WELNIG</SimpleData>
		<SimpleData name="last_edited_user">WELNIG</SimpleData>
		<SimpleData name="VehicleTravel">Passing Possible</SimpleData>
		<SimpleData name="VehicleRequirement">Unknown</SimpleData>
		<SimpleData name="VehicleLimitation">Small and Large Vehicles</SimpleData>
		<SimpleData name="SHAPE_Length">585.443328332</SimpleData>
	</SchemaData></ExtendedData>
      <MultiGeometry><LineString><coordinates>144.146427856905,-35.133241835827 144.146535717621,-35.1335263935395 144.14661890521,-35.1342893222888 144.14661890521,-35.1352466169794 144.146470355303,-35.1360046700215 144.146056892218,-35.1369763585803 144.14583119769,-35.1374228729033</coordinates></LineString></MultiGeometry>
  </Placemark>
  <Placemark>
	<name>NULL</name>
	<Style><LineStyle><color>ff0000ff</color></LineStyle><PolyStyle><fill>0</fill></PolyStyle></Style>
	<ExtendedData><SchemaData schemaUrl="#tracks">
		<SimpleData name="fid">61</SimpleData>
		<SimpleData name="FType">0</SimpleData>
		<SimpleData name="Owner">DTE</SimpleData>
		<SimpleData name="Usage">Motorised</SimpleData>
		<SimpleData name="Status">In Use</SimpleData>
		<SimpleData name="Surface">Bare</SimpleData>
		<SimpleData name="Restriction">Staff</SimpleData>
		<SimpleData name="Lanes">1</SimpleData>
		<SimpleData name="GlobalID">{5D193594-D56C-4DA9-BBAB-D584D2911768}</SimpleData>
		<SimpleData name="created_user">WELNIG</SimpleData>
		<SimpleData name="last_edited_user">WELNIG</SimpleData>
		<SimpleData name="VehicleTravel">Passing Possible</SimpleData>
		<SimpleData name="VehicleRequirement">No Requirements</SimpleData>
		<SimpleData name="VehicleLimitation">Small and Large Vehicles</SimpleData>
		<SimpleData name="SHAPE_Length">152.137512514</SimpleData>
	</SchemaData></ExtendedData>
      <MultiGeometry><LineString><coordinates>144.154552678475,-35.1333835472863 144.154460316393,-35.1334328007673 144.154390894588,-35.1334673508437 144.154302734824,-35.1335236723809 144.154230004524,-35.1336112394228 144.154217882657,-35.1336888929695 144.154236065457,-35.1338375916534 144.154294089438,-35.1340108405915 144.154330920364,-35.1341580686561 144.154369812026,-35.1343616658988</coordinates></LineString></MultiGeometry>
  </Placemark>
  <Placemark>
	<name>NULL</name>
	<Style><LineStyle><color>ff0000ff</color></LineStyle><PolyStyle><fill>0</fill></PolyStyle></Style>
	<ExtendedData><SchemaData schemaUrl="#tracks">
		<SimpleData name="fid">62</SimpleData>
		<SimpleData name="FType">0</SimpleData>
		<SimpleData name="Owner">DTE</SimpleData>
		<SimpleData name="Usage">Motorised</SimpleData>
		<SimpleData name="Status">In Use</SimpleData>
		<SimpleData name="Surface">Bare</SimpleData>
		<SimpleData name="Restriction">Staff</SimpleData>
		<SimpleData name="Lanes">1</SimpleData>
		<SimpleData name="GlobalID">{D3179FD1-D6D1-40FB-9DE8-183F70428C75}</SimpleData>
		<SimpleData name="created_user">WELNIG</SimpleData>
		<SimpleData name="last_edited_user">WELNIG</SimpleData>
		<SimpleData name="VehicleTravel">Passing Possible</SimpleData>
		<SimpleData name="VehicleRequirement">No Requirements</SimpleData>
		<SimpleData name="VehicleLimitation">Small and Large Vehicles</SimpleData>
		<SimpleData name="SHAPE_Length">337.398675902</SimpleData>
	</SchemaData></ExtendedData>
      <MultiGeometry><LineString><coordinates>144.154460316393,-35.1334328007673 144.154438092971,-35.1334790627057 144.154425971104,-35.1335567163785 144.154452235148,-35.133652544557 144.15445425546,-35.1337995910759 144.154434052349,-35.1339697677885 144.154369812026,-35.1343616658988 144.154309640173,-35.1348490729966 144.154223128818,-35.1352534160585 144.154134277352,-35.1354263130313 144.154003634462,-35.1356204236983 144.153806019472,-35.135783462578</coordinates></LineString></MultiGeometry>
  </Placemark>
  <Placemark>
	<name>NULL</name>
	<Style><LineStyle><color>ff0000ff</color></LineStyle><PolyStyle><fill>0</fill></PolyStyle></Style>
	<ExtendedData><SchemaData schemaUrl="#tracks">
		<SimpleData name="fid">63</SimpleData>
		<SimpleData name="FType">0</SimpleData>
		<SimpleData name="Owner">DTE</SimpleData>
		<SimpleData name="Usage">Mixed</SimpleData>
		<SimpleData name="Status">In Use</SimpleData>
		<SimpleData name="Surface">Bare</SimpleData>
		<SimpleData name="Restriction">General</SimpleData>
		<SimpleData name="Lanes">0</SimpleData>
		<SimpleData name="GlobalID">{0238FD9D-8E8F-46A3-8E94-672590A0D62E}</SimpleData>
		<SimpleData name="created_user">WELNIG</SimpleData>
		<SimpleData name="last_edited_user">WELNIG</SimpleData>
		<SimpleData name="VehicleTravel">Passing Possible</SimpleData>
		<SimpleData name="VehicleRequirement">Unknown</SimpleData>
		<SimpleData name="VehicleLimitation">Small and Large Vehicles</SimpleData>
		<SimpleData name="SHAPE_Length">404.01154838</SimpleData>
	</SchemaData></ExtendedData>
      <MultiGeometry><LineString><coordinates>144.14352332691,-35.1350325937294 144.143842100377,-35.1349319670288 144.144305576266,-35.1346404049909 144.1447631098,-35.1340621374871 144.144917601164,-35.1338337450196 144.145232527147,-35.1331971584089 144.145375134698,-35.1328424167532 144.145426070073,-35.1326462673882</coordinates></LineString></MultiGeometry>
  </Placemark>
  <Placemark>
	<name>NULL</name>
	<Style><LineStyle><color>FF0067ce</color><width>5.66928</width></LineStyle><PolyStyle><fill>0</fill></PolyStyle></Style>
	<ExtendedData><SchemaData schemaUrl="#tracks">
		<SimpleData name="fid">64</SimpleData>
		<SimpleData name="FType">0</SimpleData>
		<SimpleData name="Owner">DTE</SimpleData>
		<SimpleData name="Usage">Ped02</SimpleData>
		<SimpleData name="Status">In Use</SimpleData>
		<SimpleData name="Surface">Bare</SimpleData>
		<SimpleData name="Restriction">General</SimpleData>
		<SimpleData name="Lanes">0</SimpleData>
		<SimpleData name="GlobalID">{56494A30-4B5C-40FF-8C29-59171521846B}</SimpleData>
		<SimpleData name="created_user">WELNIG</SimpleData>
		<SimpleData name="last_edited_user">WELNIG</SimpleData>
		<SimpleData name="VehicleTravel">Unknown</SimpleData>
		<SimpleData name="VehicleRequirement">Unknown</SimpleData>
		<SimpleData name="VehicleLimitation">Not Accessible with Vehicle</SimpleData>
		<SimpleData name="SHAPE_Length">239.021488806</SimpleData>
	</SchemaData></ExtendedData>
      <MultiGeometry><LineString><coordinates>144.139787283949,-35.1326101337662 144.139999445358,-35.1325741140009 144.140209822713,-35.1324324518246 144.140492631229,-35.1323651551151 144.140779597148,-35.1323185634139 144.140987567018,-35.1323574396682 144.141373796776,-35.1324157536474 144.141617418084,-35.1324935053098 144.141789078949,-35.1325825229488</coordinates></LineString></MultiGeometry>
  </Placemark>
  <Placemark>
	<name>NULL</name>
	<Style><LineStyle><color>FF0067ce</color><width>5.66928</width></LineStyle><PolyStyle><fill>0</fill></PolyStyle></Style>
	<ExtendedData><SchemaData schemaUrl="#tracks">
		<SimpleData name="fid">65</SimpleData>
		<SimpleData name="FType">0</SimpleData>
		<SimpleData name="Owner">DTE</SimpleData>
		<SimpleData name="Usage">Ped02</SimpleData>
		<SimpleData name="Status">In Use</SimpleData>
		<SimpleData name="Surface">Bare</SimpleData>
		<SimpleData name="Restriction">General</SimpleData>
		<SimpleData name="Lanes">0</SimpleData>
		<SimpleData name="GlobalID">{5484CE1D-8CB8-4A78-9EDB-26B20119BF06}</SimpleData>
		<SimpleData name="created_user">WELNIG</SimpleData>
		<SimpleData name="last_edited_user">WELNIG</SimpleData>
		<SimpleData name="VehicleTravel">Unknown</SimpleData>
		<SimpleData name="VehicleRequirement">Unknown</SimpleData>
		<SimpleData name="VehicleLimitation">Not Accessible with Vehicle</SimpleData>
		<SimpleData name="SHAPE_Length">59.022905787</SimpleData>
	</SchemaData></ExtendedData>
      <MultiGeometry><LineString><coordinates>144.138640479386,-35.1332856007775 144.138622654116,-35.1334459621082 144.138551349442,-35.1335868856637 144.138504469961,-35.1337006804689</coordinates></LineString></MultiGeometry>
  </Placemark>
  <Placemark>
	<name>NULL</name>
	<Style><LineStyle><color>FF0067ce</color><width>5.66928</width></LineStyle><PolyStyle><fill>0</fill></PolyStyle></Style>
	<ExtendedData><SchemaData schemaUrl="#tracks">
		<SimpleData name="fid">66</SimpleData>
		<SimpleData name="FType">0</SimpleData>
		<SimpleData name="Owner">DTE</SimpleData>
		<SimpleData name="Usage">Ped02</SimpleData>
		<SimpleData name="Status">In Use</SimpleData>
		<SimpleData name="Surface">Bare</SimpleData>
		<SimpleData name="Restriction">General</SimpleData>
		<SimpleData name="Lanes">0</SimpleData>
		<SimpleData name="GlobalID">{3C8F2AC1-87AE-451B-9178-BE3BCB8E193B}</SimpleData>
		<SimpleData name="created_user">WELNIG</SimpleData>
		<SimpleData name="last_edited_user">WELNIG</SimpleData>
		<SimpleData name="VehicleTravel">Unknown</SimpleData>
		<SimpleData name="VehicleRequirement">Unknown</SimpleData>
		<SimpleData name="VehicleLimitation">Not Accessible with Vehicle</SimpleData>
		<SimpleData name="SHAPE_Length">67.0983243763</SimpleData>
	</SchemaData></ExtendedData>
      <MultiGeometry><LineString><coordinates>144.139787283949,-35.1326101337662 144.139827127825,-35.132758774178 144.139910316312,-35.1329094184698 144.1400592498,-35.133035743088</coordinates></LineString></MultiGeometry>
  </Placemark>
  <Placemark>
	<name>NULL</name>
	<Style><LineStyle><color>ff0000ff</color></LineStyle><PolyStyle><fill>0</fill></PolyStyle></Style>
	<ExtendedData><SchemaData schemaUrl="#tracks">
		<SimpleData name="fid">67</SimpleData>
		<SimpleData name="FType">0</SimpleData>
		<SimpleData name="Owner">DTE</SimpleData>
		<SimpleData name="Usage">Mixed</SimpleData>
		<SimpleData name="Status">In Use</SimpleData>
		<SimpleData name="Surface">Sand</SimpleData>
		<SimpleData name="Restriction">General</SimpleData>
		<SimpleData name="Lanes">0</SimpleData>
		<SimpleData name="GlobalID">{2CB41637-5538-448A-A0C0-BDD074CEF3C0}</SimpleData>
		<SimpleData name="created_user">WELNIG</SimpleData>
		<SimpleData name="last_edited_user">WELNIG</SimpleData>
		<SimpleData name="VehicleTravel">Passing Possible</SimpleData>
		<SimpleData name="VehicleRequirement">Unknown</SimpleData>
		<SimpleData name="VehicleLimitation">Small and Large Vehicles</SimpleData>
		<SimpleData name="SHAPE_Length">162.57550703</SimpleData>
	</SchemaData></ExtendedData>
      <MultiGeometry><LineString><coordinates>144.141038599411,-35.1356417795387 144.141266970021,-35.1354370637067 144.14140744587,-35.1352757262901 144.141520290439,-35.1352039712034 144.141715889609,-35.1351194781375 144.141958322446,-35.1350125725713 144.142194432941,-35.1349781891795</coordinates></LineString></MultiGeometry>
  </Placemark>
  <Placemark>
	<name>NULL</name>
	<Style><LineStyle><color>ff0000ff</color></LineStyle><PolyStyle><fill>0</fill></PolyStyle></Style>
	<ExtendedData><SchemaData schemaUrl="#tracks">
		<SimpleData name="fid">68</SimpleData>
		<SimpleData name="FType">0</SimpleData>
		<SimpleData name="Owner">DTE</SimpleData>
		<SimpleData name="Usage">Mixed</SimpleData>
		<SimpleData name="Status">In Use</SimpleData>
		<SimpleData name="Surface">Bare</SimpleData>
		<SimpleData name="Restriction">General</SimpleData>
		<SimpleData name="Lanes">0</SimpleData>
		<SimpleData name="GlobalID">{3A06D456-3E2E-4F89-BA63-1A4F76B873FC}</SimpleData>
		<SimpleData name="created_user">WELNIG</SimpleData>
		<SimpleData name="last_edited_user">WELNIG</SimpleData>
		<SimpleData name="VehicleTravel">Passing Possible</SimpleData>
		<SimpleData name="VehicleRequirement">Unknown</SimpleData>
		<SimpleData name="VehicleLimitation">Not Accessible with Vehicle</SimpleData>
		<SimpleData name="SHAPE_Length">159.021485991</SimpleData>
	</SchemaData></ExtendedData>
      <MultiGeometry><LineString><coordinates>144.144469276261,-35.1328118519448 144.144727487108,-35.1327298197156 144.144920007751,-35.132549046574 144.145091136813,-35.1323507784642 144.145360272072,-35.1319476353941</coordinates></LineString></MultiGeometry>
  </Placemark>
  <Placemark>
	<name>NULL</name>
	<Style><LineStyle><color>ff0000ff</color></LineStyle><PolyStyle><fill>0</fill></PolyStyle></Style>
	<ExtendedData><SchemaData schemaUrl="#tracks">
		<SimpleData name="fid">69</SimpleData>
		<SimpleData name="FType">0</SimpleData>
		<SimpleData name="Owner">DTE</SimpleData>
		<SimpleData name="Usage">Mixed</SimpleData>
		<SimpleData name="Status">In Use</SimpleData>
		<SimpleData name="Surface">Bare</SimpleData>
		<SimpleData name="Restriction">General</SimpleData>
		<SimpleData name="Lanes">0</SimpleData>
		<SimpleData name="GlobalID">{C8DA9367-643B-468E-8876-7A21845D2207}</SimpleData>
		<SimpleData name="created_user">WELNIG</SimpleData>
		<SimpleData name="last_edited_user">WELNIG</SimpleData>
		<SimpleData name="VehicleTravel">Passing Possible</SimpleData>
		<SimpleData name="VehicleRequirement">Unknown</SimpleData>
		<SimpleData name="VehicleLimitation">Small and Large Vehicles</SimpleData>
		<SimpleData name="SHAPE_Length">299.835193062</SimpleData>
	</SchemaData></ExtendedData>
      <MultiGeometry><LineString><coordinates>144.144469276261,-35.1328118519448 144.144495392981,-35.1328808526961 144.144465088315,-35.1330559880683 144.144433561042,-35.1331159750976 144.144374176113,-35.133222861849 144.144347912967,-35.1333302553727 144.144289324845,-35.1334591285895 144.144203403683,-35.133718233518 144.144178446687,-35.1337969558807 144.144157056004,-35.1339223292189 144.144135664422,-35.1340039672091 144.144117838254,-35.134132255314 144.14409644757,-35.1342838690029 144.144057230718,-35.1344150724768 144.144018012968,-35.1345491915445 144.143953840019,-35.1347153819852 144.143842100377,-35.1349319670288</coordinates></LineString></MultiGeometry>
  </Placemark>
  <Placemark>
	<name>NULL</name>
	<Style><LineStyle><color>ff0000ff</color></LineStyle><PolyStyle><fill>0</fill></PolyStyle></Style>
	<ExtendedData><SchemaData schemaUrl="#tracks">
		<SimpleData name="fid">70</SimpleData>
		<SimpleData name="FType">0</SimpleData>
		<SimpleData name="Owner">DTE</SimpleData>
		<SimpleData name="Usage">Mixed</SimpleData>
		<SimpleData name="Status">In Use</SimpleData>
		<SimpleData name="Surface">Bare</SimpleData>
		<SimpleData name="Restriction">General</SimpleData>
		<SimpleData name="Lanes">0</SimpleData>
		<SimpleData name="GlobalID">{5D291FAD-8EEC-46EB-905C-7506209C0170}</SimpleData>
		<SimpleData name="created_user">WELNIG</SimpleData>
		<SimpleData name="last_edited_user">WELNIG</SimpleData>
		<SimpleData name="VehicleTravel">Passing Possible</SimpleData>
		<SimpleData name="VehicleRequirement">Unknown</SimpleData>
		<SimpleData name="VehicleLimitation">Small and Large Vehicles</SimpleData>
		<SimpleData name="SHAPE_Length">122.111511015</SimpleData>
	</SchemaData></ExtendedData>
      <MultiGeometry><LineString><coordinates>144.143849838465,-35.1354530516054 144.143997438853,-35.1351635153646 144.144197089424,-35.134889448181 144.144305576266,-35.1346404049909</coordinates></LineString></MultiGeometry>
  </Placemark>
  <Placemark>
	<name>NULL</name>
	<Style><LineStyle><color>ff0000ff</color></LineStyle><PolyStyle><fill>0</fill></PolyStyle></Style>
	<ExtendedData><SchemaData schemaUrl="#tracks">
		<SimpleData name="fid">71</SimpleData>
		<SimpleData name="FType">0</SimpleData>
		<SimpleData name="Owner">DTE</SimpleData>
		<SimpleData name="Usage">Mixed</SimpleData>
		<SimpleData name="Status">In Use</SimpleData>
		<SimpleData name="Surface">Bare</SimpleData>
		<SimpleData name="Restriction">General</SimpleData>
		<SimpleData name="Lanes">0</SimpleData>
		<SimpleData name="GlobalID">{30017B87-EC95-43C9-8C43-4F2EB0C68D31}</SimpleData>
		<SimpleData name="created_user">WELNIG</SimpleData>
		<SimpleData name="last_edited_user">WELNIG</SimpleData>
		<SimpleData name="VehicleTravel">Passing Possible</SimpleData>
		<SimpleData name="VehicleRequirement">Unknown</SimpleData>
		<SimpleData name="VehicleLimitation">Small and Large Vehicles</SimpleData>
		<SimpleData name="SHAPE_Length">28.0150352562</SimpleData>
	</SchemaData></ExtendedData>
      <MultiGeometry><LineString><coordinates>144.141189017814,-35.134204673263 144.141440351159,-35.1342152095825</coordinates></LineString></MultiGeometry>
  </Placemark>
  <Placemark>
	<name>NULL</name>
	<Style><LineStyle><color>ff0000ff</color></LineStyle><PolyStyle><fill>0</fill></PolyStyle></Style>
	<ExtendedData><SchemaData schemaUrl="#tracks">
		<SimpleData name="fid">72</SimpleData>
		<SimpleData name="FType">0</SimpleData>
		<SimpleData name="Owner">DTE</SimpleData>
		<SimpleData name="Usage">Mixed</SimpleData>
		<SimpleData name="Status">In Use</SimpleData>
		<SimpleData name="Surface">Bare</SimpleData>
		<SimpleData name="Restriction">General</SimpleData>
		<SimpleData name="Lanes">1</SimpleData>
		<SimpleData name="GlobalID">{54708272-8B89-40B0-AEE6-5386DEBE742A}</SimpleData>
		<SimpleData name="created_user">WELNIG</SimpleData>
		<SimpleData name="last_edited_user">WELNIG</SimpleData>
		<SimpleData name="VehicleTravel">Constricted</SimpleData>
		<SimpleData name="VehicleRequirement">NULL</SimpleData>
		<SimpleData name="VehicleLimitation">Not Accessible with Vehicle</SimpleData>
		<SimpleData name="SHAPE_Length">16.1090914661</SimpleData>
	</SchemaData></ExtendedData>
      <MultiGeometry><LineString><coordinates>144.141562678344,-35.1333092882937 144.141538794836,-35.1332760833059 144.141509793625,-35.1332375689414 144.141511326151,-35.1332030004011</coordinates></LineString></MultiGeometry>
  </Placemark>
  <Placemark>
	<name>NULL</name>
	<Style><LineStyle><color>ff0000ff</color></LineStyle><PolyStyle><fill>0</fill></PolyStyle></Style>
	<ExtendedData><SchemaData schemaUrl="#tracks">
		<SimpleData name="fid">73</SimpleData>
		<SimpleData name="FType">0</SimpleData>
		<SimpleData name="Owner">DTE</SimpleData>
		<SimpleData name="Usage">Mixed</SimpleData>
		<SimpleData name="Status">In Use</SimpleData>
		<SimpleData name="Surface">Bare</SimpleData>
		<SimpleData name="Restriction">General</SimpleData>
		<SimpleData name="Lanes">1</SimpleData>
		<SimpleData name="GlobalID">{DDC13AA2-39C3-4C93-BE9A-5225C6225E9F}</SimpleData>
		<SimpleData name="created_user">WELNIG</SimpleData>
		<SimpleData name="last_edited_user">WELNIG</SimpleData>
		<SimpleData name="VehicleTravel">Passing Possible</SimpleData>
		<SimpleData name="VehicleRequirement">NULL</SimpleData>
		<SimpleData name="VehicleLimitation">Small Vehicle Only</SimpleData>
		<SimpleData name="SHAPE_Length">29.1805529777</SimpleData>
	</SchemaData></ExtendedData>
      <MultiGeometry><LineString><coordinates>144.140751411608,-35.1348039446553 144.140758858641,-35.1348081703188 144.140828595755,-35.1348320579494 144.14088416464,-35.1348370402929 144.141004409531,-35.1348224561748</coordinates></LineString></MultiGeometry>
  </Placemark>
  <Placemark>
	<name>NULL</name>
	<Style><LineStyle><color>FF0067ce</color><width>5.66928</width></LineStyle><PolyStyle><fill>0</fill></PolyStyle></Style>
	<ExtendedData><SchemaData schemaUrl="#tracks">
		<SimpleData name="fid">74</SimpleData>
		<SimpleData name="FType">0</SimpleData>
		<SimpleData name="Owner">DTE</SimpleData>
		<SimpleData name="Usage">Ped02</SimpleData>
		<SimpleData name="Status">In Use</SimpleData>
		<SimpleData name="Surface">Bare</SimpleData>
		<SimpleData name="Restriction">General</SimpleData>
		<SimpleData name="Lanes">0</SimpleData>
		<SimpleData name="GlobalID">{0FDEC59C-226E-427F-913C-B579B220064E}</SimpleData>
		<SimpleData name="created_user">WELNIG</SimpleData>
		<SimpleData name="last_edited_user">WELNIG</SimpleData>
		<SimpleData name="VehicleTravel">Unknown</SimpleData>
		<SimpleData name="VehicleRequirement">NA</SimpleData>
		<SimpleData name="VehicleLimitation">Not Accessible with Vehicle</SimpleData>
		<SimpleData name="SHAPE_Length">173.223850784</SimpleData>
	</SchemaData></ExtendedData>
      <MultiGeometry><LineString><coordinates>144.138717725517,-35.1327947938616 144.138537899866,-35.132700999686 144.138341299972,-35.1326770996756 144.138268900252,-35.1327196997568 144.138264299979,-35.1328313997882 144.13823989994,-35.1329367000491 144.138142700429,-35.1330125998742 144.138055299742,-35.1330810002398 144.13797019964,-35.1331485997713 144.1379168999,-35.1332425998698 144.137930600106,-35.1333521003597 144.137992802151,-35.1334653996012</coordinates></LineString></MultiGeometry>
  </Placemark>
  <Placemark>
	<name>NULL</name>
	<Style><LineStyle><color>FF0067ce</color><width>5.66928</width></LineStyle><PolyStyle><fill>0</fill></PolyStyle></Style>
	<ExtendedData><SchemaData schemaUrl="#tracks">
		<SimpleData name="fid">75</SimpleData>
		<SimpleData name="FType">0</SimpleData>
		<SimpleData name="Owner">DTE</SimpleData>
		<SimpleData name="Usage">Ped02</SimpleData>
		<SimpleData name="Status">In Use</SimpleData>
		<SimpleData name="Surface">Bare</SimpleData>
		<SimpleData name="Restriction">General</SimpleData>
		<SimpleData name="Lanes">0</SimpleData>
		<SimpleData name="GlobalID">{FEFBFF8F-3AF3-43DB-817F-08B001BADD4A}</SimpleData>
		<SimpleData name="created_user">WELNIG</SimpleData>
		<SimpleData name="last_edited_user">WELNIG</SimpleData>
		<SimpleData name="VehicleTravel">NA</SimpleData>
		<SimpleData name="VehicleRequirement">NA</SimpleData>
		<SimpleData name="VehicleLimitation">Not Accessible with Vehicle</SimpleData>
		<SimpleData name="SHAPE_Length">192.127747377</SimpleData>
	</SchemaData></ExtendedData>
      <MultiGeometry><LineString><coordinates>144.139362911724,-35.1334361978114 144.139527400439,-35.133576399954 144.139619899964,-35.1337596003086 144.139592300125,-35.1339670003618 144.139567099687,-35.1340577002059 144.139459800417,-35.1341828997656 144.13943179993,-35.1343301003372 144.13940249958,-35.1344286002471 144.139371300192,-35.1345530998547 144.139379533252,-35.1347399829815</coordinates></LineString></MultiGeometry>
  </Placemark>
  <Placemark>
	<name>NULL</name>
	<Style><LineStyle><color>FF0067ce</color><width>5.66928</width></LineStyle><PolyStyle><fill>0</fill></PolyStyle></Style>
	<ExtendedData><SchemaData schemaUrl="#tracks">
		<SimpleData name="fid">76</SimpleData>
		<SimpleData name="FType">0</SimpleData>
		<SimpleData name="Owner">DTE</SimpleData>
		<SimpleData name="Usage">Ped02</SimpleData>
		<SimpleData name="Status">In Use</SimpleData>
		<SimpleData name="Surface">Bare</SimpleData>
		<SimpleData name="Restriction">General</SimpleData>
		<SimpleData name="Lanes">0</SimpleData>
		<SimpleData name="GlobalID">{DC201CE7-315B-4274-B86E-0CE9B23E8514}</SimpleData>
		<SimpleData name="created_user">WELNIG</SimpleData>
		<SimpleData name="last_edited_user">WELNIG</SimpleData>
		<SimpleData name="VehicleTravel">Unknown</SimpleData>
		<SimpleData name="VehicleRequirement">NA</SimpleData>
		<SimpleData name="VehicleLimitation">Not Accessible with Vehicle</SimpleData>
		<SimpleData name="SHAPE_Length">113.465065748</SimpleData>
	</SchemaData></ExtendedData>
      <MultiGeometry><LineString><coordinates>144.139362911724,-35.1334361978114 144.138973800171,-35.1329961001738 144.138717725517,-35.1327947938616</coordinates></LineString></MultiGeometry>
  </Placemark>
  <Placemark>
	<name>NULL</name>
	<Style><LineStyle><color>ff0000ff</color></LineStyle><PolyStyle><fill>0</fill></PolyStyle></Style>
	<ExtendedData><SchemaData schemaUrl="#tracks">
		<SimpleData name="fid">77</SimpleData>
		<SimpleData name="FType">0</SimpleData>
		<SimpleData name="Owner">DTE</SimpleData>
		<SimpleData name="Usage">Motorised</SimpleData>
		<SimpleData name="Status">In Use</SimpleData>
		<SimpleData name="Surface">Bare</SimpleData>
		<SimpleData name="Restriction">Staff</SimpleData>
		<SimpleData name="Lanes">2</SimpleData>
		<SimpleData name="GlobalID">{D339D21A-0FFF-4CBD-907D-03F1BA8AB878}</SimpleData>
		<SimpleData name="created_user">WELNIG</SimpleData>
		<SimpleData name="last_edited_user">WELNIG</SimpleData>
		<SimpleData name="VehicleTravel">Passing Possible</SimpleData>
		<SimpleData name="VehicleRequirement">No Requirements</SimpleData>
		<SimpleData name="VehicleLimitation">Small and Large Vehicles</SimpleData>
		<SimpleData name="SHAPE_Length">226.936338099</SimpleData>
	</SchemaData></ExtendedData>
      <MultiGeometry><LineString><coordinates>144.145354582143,-35.1313658642098 144.145315429071,-35.1311793921035 144.145281566178,-35.1310853477466 144.145254660737,-35.131006557376 144.145177379572,-35.1308161627333 144.145129937745,-35.1307246320295 144.145078891877,-35.1306150809867 144.145011669148,-35.1305021767111 144.144938160008,-35.1303820635756 144.144768845543,-35.1301673193031 144.144543557053,-35.1299390804806 144.144475083869,-35.1298934983203</coordinates></LineString></MultiGeometry>
  </Placemark>
  <Placemark>
	<name>NULL</name>
	<Style><LineStyle><color>FF0067ce</color><width>5.66928</width></LineStyle><PolyStyle><fill>0</fill></PolyStyle></Style>
	<ExtendedData><SchemaData schemaUrl="#tracks">
		<SimpleData name="fid">78</SimpleData>
		<SimpleData name="FType">0</SimpleData>
		<SimpleData name="Owner">DTE</SimpleData>
		<SimpleData name="Usage">Ped02</SimpleData>
		<SimpleData name="Status">In Use</SimpleData>
		<SimpleData name="Surface">Bare</SimpleData>
		<SimpleData name="Restriction">General</SimpleData>
		<SimpleData name="Lanes">1</SimpleData>
		<SimpleData name="GlobalID">{5772A648-D07E-48BD-A98D-44793CC8CF7C}</SimpleData>
		<SimpleData name="created_user">WELNIG</SimpleData>
		<SimpleData name="last_edited_user">WELNIG</SimpleData>
		<SimpleData name="VehicleTravel">Constricted</SimpleData>
		<SimpleData name="VehicleRequirement">No Requirements</SimpleData>
		<SimpleData name="VehicleLimitation">Small Vehicle Only</SimpleData>
		<SimpleData name="SHAPE_Length">57.2249278043</SimpleData>
	</SchemaData></ExtendedData>
      <MultiGeometry><LineString><coordinates>144.138453124056,-35.1368338445531 144.138292498995,-35.1369076882073 144.137962718471,-35.1369052588073</coordinates></LineString></MultiGeometry>
  </Placemark>
  <Placemark>
	<name>NULL</name>
	<Style><LineStyle><color>FF0067ce</color><width>5.66928</width></LineStyle><PolyStyle><fill>0</fill></PolyStyle></Style>
	<ExtendedData><SchemaData schemaUrl="#tracks">
		<SimpleData name="fid">79</SimpleData>
		<SimpleData name="FType">0</SimpleData>
		<SimpleData name="Owner">DTE</SimpleData>
		<SimpleData name="Usage">Ped02</SimpleData>
		<SimpleData name="Status">In Use</SimpleData>
		<SimpleData name="Surface">Bare</SimpleData>
		<SimpleData name="Restriction">General</SimpleData>
		<SimpleData name="Lanes">0</SimpleData>
		<SimpleData name="GlobalID">{E44B3CFB-0BA4-4503-B63E-07449F1177D6}</SimpleData>
		<SimpleData name="created_user">WELNIG</SimpleData>
		<SimpleData name="last_edited_user">WELNIG</SimpleData>
		<SimpleData name="VehicleTravel">Unknown</SimpleData>
		<SimpleData name="VehicleRequirement">Unknown</SimpleData>
		<SimpleData name="VehicleLimitation">Not Accessible with Vehicle</SimpleData>
		<SimpleData name="SHAPE_Length">126.244231382</SimpleData>
	</SchemaData></ExtendedData>
      <MultiGeometry><LineString><coordinates>144.137805762129,-35.1337683169532 144.137891788394,-35.133557729466 144.138093815908,-35.1333730703662 144.138349321928,-35.1333098973235 144.138640479386,-35.1332856007775</coordinates></LineString></MultiGeometry>
  </Placemark>
  <Placemark>
	<name>NULL</name>
	<Style><LineStyle><color>FF0067ce</color><width>5.66928</width></LineStyle><PolyStyle><fill>0</fill></PolyStyle></Style>
	<ExtendedData><SchemaData schemaUrl="#tracks">
		<SimpleData name="fid">80</SimpleData>
		<SimpleData name="FType">0</SimpleData>
		<SimpleData name="Owner">DTE</SimpleData>
		<SimpleData name="Usage">Ped02</SimpleData>
		<SimpleData name="Status">In Use</SimpleData>
		<SimpleData name="Surface">Bare</SimpleData>
		<SimpleData name="Restriction">General</SimpleData>
		<SimpleData name="Lanes">0</SimpleData>
		<SimpleData name="GlobalID">{59B6FA86-9CFE-4EAB-8179-00BE69E8BCFA}</SimpleData>
		<SimpleData name="created_user">WELNIG</SimpleData>
		<SimpleData name="last_edited_user">WELNIG</SimpleData>
		<SimpleData name="VehicleTravel">Unknown</SimpleData>
		<SimpleData name="VehicleRequirement">Unknown</SimpleData>
		<SimpleData name="VehicleLimitation">Not Accessible with Vehicle</SimpleData>
		<SimpleData name="SHAPE_Length">201.768985438</SimpleData>
	</SchemaData></ExtendedData>
      <MultiGeometry><LineString><coordinates>144.138640479386,-35.1332856007775 144.138735551686,-35.1331981303601 144.138741493143,-35.1330815027459 144.138688015536,-35.132969735469 144.138717725517,-35.1327947938616 144.138878159237,-35.1326733066172 144.138991057706,-35.1326247116687 144.139109896733,-35.1326247116687 144.139234679014,-35.1326538689352 144.139335692771,-35.1326830261912 144.139502068847,-35.1326587287234 144.139686270192,-35.1326149928224 144.139787283949,-35.1326101337662</coordinates></LineString></MultiGeometry>
  </Placemark>
  <Placemark>
	<name>NULL</name>
	<Style><LineStyle><color>ff0000ff</color></LineStyle><PolyStyle><fill>0</fill></PolyStyle></Style>
	<ExtendedData><SchemaData schemaUrl="#tracks">
		<SimpleData name="fid">81</SimpleData>
		<SimpleData name="FType">0</SimpleData>
		<SimpleData name="Owner">DTE</SimpleData>
		<SimpleData name="Usage">Mixed</SimpleData>
		<SimpleData name="Status">In Use</SimpleData>
		<SimpleData name="Surface">Bare</SimpleData>
		<SimpleData name="Restriction">General</SimpleData>
		<SimpleData name="Lanes">1</SimpleData>
		<SimpleData name="GlobalID">{DBCB0D10-0845-48C7-9BD8-1DA452A0D486}</SimpleData>
		<SimpleData name="created_user">WELNIG</SimpleData>
		<SimpleData name="last_edited_user">WELNIG</SimpleData>
		<SimpleData name="VehicleTravel">NA</SimpleData>
		<SimpleData name="VehicleRequirement">NULL</SimpleData>
		<SimpleData name="VehicleLimitation">Not Accessible with Vehicle</SimpleData>
		<SimpleData name="SHAPE_Length">91.923405812</SimpleData>
	</SchemaData></ExtendedData>
      <MultiGeometry><LineString><coordinates>144.141511326151,-35.1332030004011 144.141512979051,-35.133165735654 144.141619344971,-35.1330250876012 144.141692938552,-35.1329228700858 144.141715569809,-35.1328503246351 144.141732584799,-35.1326911104073 144.141747085404,-35.132640651632 144.141789078949,-35.1325825229488</coordinates></LineString></MultiGeometry>
  </Placemark>
  <Placemark>
	<name>NULL</name>
	<Style><LineStyle><color>ff0000ff</color></LineStyle><PolyStyle><fill>0</fill></PolyStyle></Style>
	<ExtendedData><SchemaData schemaUrl="#tracks">
		<SimpleData name="fid">82</SimpleData>
		<SimpleData name="FType">0</SimpleData>
		<SimpleData name="Owner">DTE</SimpleData>
		<SimpleData name="Usage">Mixed</SimpleData>
		<SimpleData name="Status">In Use</SimpleData>
		<SimpleData name="Surface">Bare</SimpleData>
		<SimpleData name="Restriction">General</SimpleData>
		<SimpleData name="Lanes">1</SimpleData>
		<SimpleData name="GlobalID">{E25A86F5-17EB-4BFE-9969-0B9FE577FE1A}</SimpleData>
		<SimpleData name="created_user">WELNIG</SimpleData>
		<SimpleData name="last_edited_user">WELNIG</SimpleData>
		<SimpleData name="VehicleTravel">NA</SimpleData>
		<SimpleData name="VehicleRequirement">NULL</SimpleData>
		<SimpleData name="VehicleLimitation">Not Accessible with Vehicle</SimpleData>
		<SimpleData name="SHAPE_Length">79.7580711526</SimpleData>
	</SchemaData></ExtendedData>
      <MultiGeometry><LineString><coordinates>144.142584212841,-35.132943434671 144.142615953015,-35.1331319987156 144.142684204315,-35.1333616699829 144.142730189973,-35.1335164147333</coordinates></LineString></MultiGeometry>
  </Placemark>
  <Placemark>
	<name>NULL</name>
	<Style><LineStyle><color>ff0000ff</color></LineStyle><PolyStyle><fill>0</fill></PolyStyle></Style>
	<ExtendedData><SchemaData schemaUrl="#tracks">
		<SimpleData name="fid">83</SimpleData>
		<SimpleData name="FType">0</SimpleData>
		<SimpleData name="Owner">DTE</SimpleData>
		<SimpleData name="Usage">Mixed</SimpleData>
		<SimpleData name="Status">In Use</SimpleData>
		<SimpleData name="Surface">Bare</SimpleData>
		<SimpleData name="Restriction">General</SimpleData>
		<SimpleData name="Lanes">1</SimpleData>
		<SimpleData name="GlobalID">{DDC89CDD-E2CB-4AA5-A67B-3D998FD2F685}</SimpleData>
		<SimpleData name="created_user">WELNIG</SimpleData>
		<SimpleData name="last_edited_user">WELNIG</SimpleData>
		<SimpleData name="VehicleTravel">Constricted</SimpleData>
		<SimpleData name="VehicleRequirement">NULL</SimpleData>
		<SimpleData name="VehicleLimitation">Not Accessible with Vehicle</SimpleData>
		<SimpleData name="SHAPE_Length">41.989652179</SimpleData>
	</SchemaData></ExtendedData>
      <MultiGeometry><LineString><coordinates>144.137429231481,-35.1337843926031 144.137621115219,-35.1337717587969 144.137805762129,-35.1337683169532</coordinates></LineString></MultiGeometry>
  </Placemark>
  <Placemark>
	<name>NULL</name>
	<Style><LineStyle><color>ff0000ff</color></LineStyle><PolyStyle><fill>0</fill></PolyStyle></Style>
	<ExtendedData><SchemaData schemaUrl="#tracks">
		<SimpleData name="fid">84</SimpleData>
		<SimpleData name="FType">0</SimpleData>
		<SimpleData name="Owner">DTE</SimpleData>
		<SimpleData name="Usage">Mixed</SimpleData>
		<SimpleData name="Status">In Use</SimpleData>
		<SimpleData name="Surface">Bare</SimpleData>
		<SimpleData name="Restriction">General</SimpleData>
		<SimpleData name="Lanes">1</SimpleData>
		<SimpleData name="GlobalID">{95FA04BA-DE42-4726-ACA5-342F1E82ADEF}</SimpleData>
		<SimpleData name="created_user">WELNIG</SimpleData>
		<SimpleData name="last_edited_user">WELNIG</SimpleData>
		<SimpleData name="VehicleTravel">Constricted</SimpleData>
		<SimpleData name="VehicleRequirement">NULL</SimpleData>
		<SimpleData name="VehicleLimitation">Not Accessible with Vehicle</SimpleData>
		<SimpleData name="SHAPE_Length">79.0235380113</SimpleData>
	</SchemaData></ExtendedData>
      <MultiGeometry><LineString><coordinates>144.137805762129,-35.1337683169532 144.137946478727,-35.1337426621723 144.13808566729,-35.1337147784482 144.138243079976,-35.1337262199226 144.138429192936,-35.1336989922376 144.138504469961,-35.1337006804689</coordinates></LineString></MultiGeometry>
  </Placemark>
  <Placemark>
	<name>NULL</name>
	<Style><LineStyle><color>ff0000ff</color></LineStyle><PolyStyle><fill>0</fill></PolyStyle></Style>
	<ExtendedData><SchemaData schemaUrl="#tracks">
		<SimpleData name="fid">85</SimpleData>
		<SimpleData name="FType">0</SimpleData>
		<SimpleData name="Owner">DTE</SimpleData>
		<SimpleData name="Usage">Mixed</SimpleData>
		<SimpleData name="Status">In Use</SimpleData>
		<SimpleData name="Surface">Bare</SimpleData>
		<SimpleData name="Restriction">General</SimpleData>
		<SimpleData name="Lanes">1</SimpleData>
		<SimpleData name="GlobalID">{AD2061DA-1706-4254-B24F-A146FD5A12F9}</SimpleData>
		<SimpleData name="created_user">WELNIG</SimpleData>
		<SimpleData name="last_edited_user">WELNIG</SimpleData>
		<SimpleData name="VehicleTravel">Constricted</SimpleData>
		<SimpleData name="VehicleRequirement">NULL</SimpleData>
		<SimpleData name="VehicleLimitation">Not Accessible with Vehicle</SimpleData>
		<SimpleData name="SHAPE_Length">26.7161117443</SimpleData>
	</SchemaData></ExtendedData>
      <MultiGeometry><LineString><coordinates>144.1400592498,-35.133035743088 144.140284024454,-35.1329669591924</coordinates></LineString></MultiGeometry>
  </Placemark>
  <Placemark>
	<name>NULL</name>
	<Style><LineStyle><color>ff0000ff</color></LineStyle><PolyStyle><fill>0</fill></PolyStyle></Style>
	<ExtendedData><SchemaData schemaUrl="#tracks">
		<SimpleData name="fid">86</SimpleData>
		<SimpleData name="FType">0</SimpleData>
		<SimpleData name="Owner">Other</SimpleData>
		<SimpleData name="Usage">Motorised</SimpleData>
		<SimpleData name="Status">In Use</SimpleData>
		<SimpleData name="Surface">Sand</SimpleData>
		<SimpleData name="Restriction">General</SimpleData>
		<SimpleData name="Lanes">2</SimpleData>
		<SimpleData name="GlobalID">{E4F3B4F7-8339-4BBA-AE87-C47446215E5A}</SimpleData>
		<SimpleData name="created_user">WELNIG</SimpleData>
		<SimpleData name="last_edited_user">WELNIG</SimpleData>
		<SimpleData name="VehicleTravel">Passing Possible</SimpleData>
		<SimpleData name="VehicleRequirement">No Requirements</SimpleData>
		<SimpleData name="VehicleLimitation">Small and Large Vehicles</SimpleData>
		<SimpleData name="SHAPE_Length">72.3855581679</SimpleData>
	</SchemaData></ExtendedData>
      <MultiGeometry><LineString><coordinates>144.15635842874,-35.134630562965 144.155830779902,-35.1349104618701 144.155813341806,-35.134920492665</coordinates></LineString></MultiGeometry>
  </Placemark>
  <Placemark>
	<name>NULL</name>
	<Style><LineStyle><color>ff0000ff</color></LineStyle><PolyStyle><fill>0</fill></PolyStyle></Style>
	<ExtendedData><SchemaData schemaUrl="#tracks">
		<SimpleData name="fid">87</SimpleData>
		<SimpleData name="FType">0</SimpleData>
		<SimpleData name="Owner">DTE</SimpleData>
		<SimpleData name="Usage">Motorised</SimpleData>
		<SimpleData name="Status">In Use</SimpleData>
		<SimpleData name="Surface">Sand</SimpleData>
		<SimpleData name="Restriction">General</SimpleData>
		<SimpleData name="Lanes">2</SimpleData>
		<SimpleData name="GlobalID">{F2E8370A-C996-4199-ADBD-5506FD2416D0}</SimpleData>
		<SimpleData name="created_user">WELNIG</SimpleData>
		<SimpleData name="last_edited_user">WELNIG</SimpleData>
		<SimpleData name="VehicleTravel">Passing Possible</SimpleData>
		<SimpleData name="VehicleRequirement">No Requirements</SimpleData>
		<SimpleData name="VehicleLimitation">Small and Large Vehicles</SimpleData>
		<SimpleData name="SHAPE_Length">212.891036108</SimpleData>
	</SchemaData></ExtendedData>
      <MultiGeometry><LineString><coordinates>144.155813341806,-35.134920492665 144.155225884932,-35.1352583917645 144.154940668931,-35.1354333273439 144.154673279099,-35.1355791070737 144.154518787735,-35.1356471372311 144.154465309229,-35.1356665749332 144.154186035584,-35.1357005899824</coordinates></LineString></MultiGeometry>
  </Placemark>
  <Placemark>
	<name>NULL</name>
	<Style><LineStyle><color>ff0000ff</color></LineStyle><PolyStyle><fill>0</fill></PolyStyle></Style>
	<ExtendedData><SchemaData schemaUrl="#tracks">
		<SimpleData name="fid">88</SimpleData>
		<SimpleData name="FType">0</SimpleData>
		<SimpleData name="Owner">Other</SimpleData>
		<SimpleData name="Usage">Motorised</SimpleData>
		<SimpleData name="Status">In Use</SimpleData>
		<SimpleData name="Surface">Bare</SimpleData>
		<SimpleData name="Restriction">Staff</SimpleData>
		<SimpleData name="Lanes">1</SimpleData>
		<SimpleData name="GlobalID">{027F8B64-F892-4D9A-9FF1-24C7097A877D}</SimpleData>
		<SimpleData name="created_user">WELNIG</SimpleData>
		<SimpleData name="last_edited_user">WELNIG</SimpleData>
		<SimpleData name="VehicleTravel">Passing Possible</SimpleData>
		<SimpleData name="VehicleRequirement">No Requirements</SimpleData>
		<SimpleData name="VehicleLimitation">Small and Large Vehicles</SimpleData>
		<SimpleData name="SHAPE_Length">17.3414439497</SimpleData>
	</SchemaData></ExtendedData>
      <MultiGeometry><LineString><coordinates>144.154552678475,-35.1333835472863 144.154704277264,-35.1333542257183</coordinates></LineString></MultiGeometry>
  </Placemark>
  <Placemark>
	<name>NULL</name>
	<Style><LineStyle><color>ff0000ff</color></LineStyle><PolyStyle><fill>0</fill></PolyStyle></Style>
	<ExtendedData><SchemaData schemaUrl="#tracks">
		<SimpleData name="fid">89</SimpleData>
		<SimpleData name="FType">0</SimpleData>
		<SimpleData name="Owner">Other</SimpleData>
		<SimpleData name="Usage">Motorised</SimpleData>
		<SimpleData name="Status">In Use</SimpleData>
		<SimpleData name="Surface">Bare</SimpleData>
		<SimpleData name="Restriction">Staff</SimpleData>
		<SimpleData name="Lanes">1</SimpleData>
		<SimpleData name="GlobalID">{8C4184E6-2D32-4BBD-9EE4-186AFC0493C6}</SimpleData>
		<SimpleData name="created_user">WELNIG</SimpleData>
		<SimpleData name="last_edited_user">WELNIG</SimpleData>
		<SimpleData name="VehicleTravel">Passing Possible</SimpleData>
		<SimpleData name="VehicleRequirement">No Requirements</SimpleData>
		<SimpleData name="VehicleLimitation">Small and Large Vehicles</SimpleData>
		<SimpleData name="SHAPE_Length">111.283727055</SimpleData>
	</SchemaData></ExtendedData>
      <MultiGeometry><LineString><coordinates>144.154704277264,-35.1333542257183 144.154751108237,-35.1331555981176 144.15471579187,-35.1329192673157 144.154746959817,-35.1325429488722</coordinates></LineString></MultiGeometry>
  </Placemark>
  <Placemark>
	<name>NULL</name>
	<Style><LineStyle><color>ff0000ff</color></LineStyle><PolyStyle><fill>0</fill></PolyStyle></Style>
	<ExtendedData><SchemaData schemaUrl="#tracks">
		<SimpleData name="fid">90</SimpleData>
		<SimpleData name="FType">0</SimpleData>
		<SimpleData name="Owner">Other</SimpleData>
		<SimpleData name="Usage">Motorised</SimpleData>
		<SimpleData name="Status">In Use</SimpleData>
		<SimpleData name="Surface">Bare</SimpleData>
		<SimpleData name="Restriction">Staff</SimpleData>
		<SimpleData name="Lanes">1</SimpleData>
		<SimpleData name="GlobalID">{46C6761E-264E-46E4-9D17-F8673F7EE7FA}</SimpleData>
		<SimpleData name="created_user">WELNIG</SimpleData>
		<SimpleData name="last_edited_user">WELNIG</SimpleData>
		<SimpleData name="VehicleTravel">Passing Possible</SimpleData>
		<SimpleData name="VehicleRequirement">No Requirements</SimpleData>
		<SimpleData name="VehicleLimitation">Small and Large Vehicles</SimpleData>
		<SimpleData name="SHAPE_Length">105.768739358</SimpleData>
	</SchemaData></ExtendedData>
      <MultiGeometry><LineString><coordinates>144.154704277264,-35.1333542257183 144.155031215519,-35.1334483570826 144.155275799821,-35.1335107424687 144.155559824656,-35.1336742322418</coordinates></LineString></MultiGeometry>
  </Placemark>
  <Placemark>
	<name>NULL</name>
	<Style><LineStyle><color>ff0000ff</color></LineStyle><PolyStyle><fill>0</fill></PolyStyle></Style>
	<ExtendedData><SchemaData schemaUrl="#tracks">
		<SimpleData name="fid">91</SimpleData>
		<SimpleData name="FType">0</SimpleData>
		<SimpleData name="Owner">DTE</SimpleData>
		<SimpleData name="Usage">Mixed</SimpleData>
		<SimpleData name="Status">In Use</SimpleData>
		<SimpleData name="Surface">Bare</SimpleData>
		<SimpleData name="Restriction">General</SimpleData>
		<SimpleData name="Lanes">0</SimpleData>
		<SimpleData name="GlobalID">{3B7A40FB-DB14-4711-90BD-5DB5CF43E5F2}</SimpleData>
		<SimpleData name="created_user">WELNIG</SimpleData>
		<SimpleData name="last_edited_user">WELNIG</SimpleData>
		<SimpleData name="VehicleTravel">Passing Possible</SimpleData>
		<SimpleData name="VehicleRequirement">Unknown</SimpleData>
		<SimpleData name="VehicleLimitation">Small and Large Vehicles</SimpleData>
		<SimpleData name="SHAPE_Length">92.3698490485</SimpleData>
	</SchemaData></ExtendedData>
      <MultiGeometry><LineString><coordinates>144.141038599411,-35.1356417795387 144.141108513493,-35.1358836371617 144.141170310398,-35.1360041476983 144.141232107303,-35.1361635317589 144.141232107303,-35.136295704118</coordinates></LineString></MultiGeometry>
  </Placemark>
  <Placemark>
	<name>NULL</name>
	<Style><LineStyle><color>ff0000ff</color></LineStyle><PolyStyle><fill>0</fill></PolyStyle></Style>
	<ExtendedData><SchemaData schemaUrl="#tracks">
		<SimpleData name="fid">92</SimpleData>
		<SimpleData name="FType">0</SimpleData>
		<SimpleData name="Owner">DTE</SimpleData>
		<SimpleData name="Usage">Mixed</SimpleData>
		<SimpleData name="Status">In Use</SimpleData>
		<SimpleData name="Surface">Bare</SimpleData>
		<SimpleData name="Restriction">General</SimpleData>
		<SimpleData name="Lanes">0</SimpleData>
		<SimpleData name="GlobalID">{0CD8C068-0F71-4BF6-82C1-4971DB64EDC1}</SimpleData>
		<SimpleData name="created_user">WELNIG</SimpleData>
		<SimpleData name="last_edited_user">WELNIG</SimpleData>
		<SimpleData name="VehicleTravel">Passing Possible</SimpleData>
		<SimpleData name="VehicleRequirement">No Requirements</SimpleData>
		<SimpleData name="VehicleLimitation">Small and Large Vehicles</SimpleData>
		<SimpleData name="SHAPE_Length">38.2532979846</SimpleData>
	</SchemaData></ExtendedData>
      <MultiGeometry><LineString><coordinates>144.142191187328,-35.1339320119112 144.142215187617,-35.133843464455 144.142195936721,-35.1337633653996 144.142123684324,-35.1336721281965</coordinates></LineString></MultiGeometry>
  </Placemark>
  <Placemark>
	<name>NULL</name>
	<Style><LineStyle><color>FF0067ce</color><width>5.66928</width></LineStyle><PolyStyle><fill>0</fill></PolyStyle></Style>
	<ExtendedData><SchemaData schemaUrl="#tracks">
		<SimpleData name="fid">93</SimpleData>
		<SimpleData name="FType">0</SimpleData>
		<SimpleData name="Owner">DTE</SimpleData>
		<SimpleData name="Usage">Unknown</SimpleData>
		<SimpleData name="Status">Unknown</SimpleData>
		<SimpleData name="Surface">Unknown</SimpleData>
		<SimpleData name="Restriction">Staff</SimpleData>
		<SimpleData name="Lanes">0</SimpleData>
		<SimpleData name="GlobalID">{DD2C8AB5-CCBA-4DE2-BDD5-335CFFCFF08A}</SimpleData>
		<SimpleData name="created_user">WELNIG</SimpleData>
		<SimpleData name="last_edited_user">WELNIG</SimpleData>
		<SimpleData name="VehicleTravel">Unknown</SimpleData>
		<SimpleData name="VehicleRequirement">Unknown</SimpleData>
		<SimpleData name="VehicleLimitation">Unknown</SimpleData>
		<SimpleData name="SHAPE_Length">334.363714643</SimpleData>
	</SchemaData></ExtendedData>
      <MultiGeometry><LineString><coordinates>144.146057388987,-35.1380476028753 144.146051447529,-35.1381107722421 144.146009852837,-35.1382371100938 144.14590883908,-35.1384314763148 144.145784057697,-35.1387035878039 144.145605797809,-35.1390194308676 144.145481015527,-35.1392623862366 144.145284930369,-35.1395782271322 144.145124496649,-35.1398600527707 144.145041308162,-35.1400398385446 144.145005656723,-35.1401856092911 144.145059134331,-35.1403216625849</coordinates></LineString></MultiGeometry>
  </Placemark>
  <Placemark>
	<name>NULL</name>
	<Style><LineStyle><color>ff0000ff</color></LineStyle><PolyStyle><fill>0</fill></PolyStyle></Style>
	<ExtendedData><SchemaData schemaUrl="#tracks">
		<SimpleData name="fid">94</SimpleData>
		<SimpleData name="FType">0</SimpleData>
		<SimpleData name="Owner">DTE</SimpleData>
		<SimpleData name="Usage">Mixed</SimpleData>
		<SimpleData name="Status">In Use</SimpleData>
		<SimpleData name="Surface">Bare</SimpleData>
		<SimpleData name="Restriction">Staff</SimpleData>
		<SimpleData name="Lanes">2</SimpleData>
		<SimpleData name="GlobalID">{1FF5928A-44BB-4714-BF21-77207A1F99B5}</SimpleData>
		<SimpleData name="created_user">WELNIG</SimpleData>
		<SimpleData name="last_edited_user">WELNIG</SimpleData>
		<SimpleData name="VehicleTravel">Passing Possible</SimpleData>
		<SimpleData name="VehicleRequirement">No Requirements</SimpleData>
		<SimpleData name="VehicleLimitation">Small and Large Vehicles</SimpleData>
		<SimpleData name="SHAPE_Length">55.2214997416</SimpleData>
	</SchemaData></ExtendedData>
      <MultiGeometry><LineString><coordinates>144.141555061529,-35.1380049864818 144.1413993251,-35.1380417781269 144.141259688277,-35.1380004752195 144.141152732164,-35.1378765656369</coordinates></LineString></MultiGeometry>
  </Placemark>
  <Placemark>
	<name>NULL</name>
	<Style><LineStyle><color>ff0000ff</color></LineStyle><PolyStyle><fill>0</fill></PolyStyle></Style>
	<ExtendedData><SchemaData schemaUrl="#tracks">
		<SimpleData name="fid">95</SimpleData>
		<SimpleData name="FType">0</SimpleData>
		<SimpleData name="Owner">DTE</SimpleData>
		<SimpleData name="Usage">Mixed</SimpleData>
		<SimpleData name="Status">In Use</SimpleData>
		<SimpleData name="Surface">Bare</SimpleData>
		<SimpleData name="Restriction">Staff</SimpleData>
		<SimpleData name="Lanes">2</SimpleData>
		<SimpleData name="GlobalID">{25B9A86A-7888-4D3B-89CD-391169D6086A}</SimpleData>
		<SimpleData name="created_user">WELNIG</SimpleData>
		<SimpleData name="last_edited_user">WELNIG</SimpleData>
		<SimpleData name="VehicleTravel">Passing Possible</SimpleData>
		<SimpleData name="VehicleRequirement">No Requirements</SimpleData>
		<SimpleData name="VehicleLimitation">Small and Large Vehicles</SimpleData>
		<SimpleData name="SHAPE_Length">46.987747269</SimpleData>
	</SchemaData></ExtendedData>
      <MultiGeometry><LineString><coordinates>144.141571642632,-35.1379032916524 144.14135178895,-35.1379057210226 144.141152732164,-35.1378765656369</coordinates></LineString></MultiGeometry>
  </Placemark>
  <Placemark>
	<name>NULL</name>
	<Style><LineStyle><color>ff0000ff</color></LineStyle><PolyStyle><fill>0</fill></PolyStyle></Style>
	<ExtendedData><SchemaData schemaUrl="#tracks">
		<SimpleData name="fid">96</SimpleData>
		<SimpleData name="FType">0</SimpleData>
		<SimpleData name="Owner">DTE</SimpleData>
		<SimpleData name="Usage">Mixed</SimpleData>
		<SimpleData name="Status">In Use</SimpleData>
		<SimpleData name="Surface">Bare</SimpleData>
		<SimpleData name="Restriction">Staff</SimpleData>
		<SimpleData name="Lanes">0</SimpleData>
		<SimpleData name="GlobalID">{9144F06F-571B-4112-B28A-0576D82B5A3C}</SimpleData>
		<SimpleData name="created_user">WELNIG</SimpleData>
		<SimpleData name="last_edited_user">WELNIG</SimpleData>
		<SimpleData name="VehicleTravel">Passing Possible</SimpleData>
		<SimpleData name="VehicleRequirement">No Requirements</SimpleData>
		<SimpleData name="VehicleLimitation">Small and Large Vehicles</SimpleData>
		<SimpleData name="SHAPE_Length">20.8303481189</SimpleData>
	</SchemaData></ExtendedData>
      <MultiGeometry><LineString><coordinates>144.141506280314,-35.1381511090783 144.141541932651,-35.1380855103782 144.141555061529,-35.1380049864818</coordinates></LineString></MultiGeometry>
  </Placemark>
  <Placemark>
	<name>NULL</name>
	<Style><LineStyle><color>ff0000ff</color></LineStyle><PolyStyle><fill>0</fill></PolyStyle></Style>
	<ExtendedData><SchemaData schemaUrl="#tracks">
		<SimpleData name="fid">97</SimpleData>
		<SimpleData name="FType">0</SimpleData>
		<SimpleData name="Owner">DTE</SimpleData>
		<SimpleData name="Usage">Mixed</SimpleData>
		<SimpleData name="Status">In Use</SimpleData>
		<SimpleData name="Surface">Bare</SimpleData>
		<SimpleData name="Restriction">Staff</SimpleData>
		<SimpleData name="Lanes">0</SimpleData>
		<SimpleData name="GlobalID">{ACAA7B6F-63C3-4D12-B0FE-FBC622A74CD0}</SimpleData>
		<SimpleData name="created_user">WELNIG</SimpleData>
		<SimpleData name="last_edited_user">WELNIG</SimpleData>
		<SimpleData name="VehicleTravel">Passing Possible</SimpleData>
		<SimpleData name="VehicleRequirement">No Requirements</SimpleData>
		<SimpleData name="VehicleLimitation">Small and Large Vehicles</SimpleData>
		<SimpleData name="SHAPE_Length">13.9658129916</SimpleData>
	</SchemaData></ExtendedData>
      <MultiGeometry><LineString><coordinates>144.141555061529,-35.1380049864818 144.141571642632,-35.1379032916524</coordinates></LineString></MultiGeometry>
  </Placemark>
  <Placemark>
	<name>NULL</name>
	<Style><LineStyle><color>ff0000ff</color></LineStyle><PolyStyle><fill>0</fill></PolyStyle></Style>
	<ExtendedData><SchemaData schemaUrl="#tracks">
		<SimpleData name="fid">98</SimpleData>
		<SimpleData name="FType">0</SimpleData>
		<SimpleData name="Owner">DTE</SimpleData>
		<SimpleData name="Usage">Motorised</SimpleData>
		<SimpleData name="Status">In Use</SimpleData>
		<SimpleData name="Surface">Bare</SimpleData>
		<SimpleData name="Restriction">Staff</SimpleData>
		<SimpleData name="Lanes">0</SimpleData>
		<SimpleData name="GlobalID">{7C78E52E-A42A-4F26-AD04-89E9BDC7EB9A}</SimpleData>
		<SimpleData name="created_user">WELNIG</SimpleData>
		<SimpleData name="last_edited_user">WELNIG</SimpleData>
		<SimpleData name="VehicleTravel">Constricted</SimpleData>
		<SimpleData name="VehicleRequirement">Unknown</SimpleData>
		<SimpleData name="VehicleLimitation">Small and Large Vehicles</SimpleData>
		<SimpleData name="SHAPE_Length">120.764437255</SimpleData>
	</SchemaData></ExtendedData>
      <MultiGeometry><LineString><coordinates>144.144145650993,-35.1377509721262 144.144129210027,-35.1378593433265 144.144046022438,-35.1379395198944 144.143793488045,-35.138007548814 144.14354689511,-35.138060999281 144.143445881353,-35.1381023021577 144.143395374474,-35.1381460351111 144.143376365225,-35.1381876538278 144.14338938361,-35.138236317448</coordinates></LineString></MultiGeometry>
  </Placemark>
  <Placemark>
	<name>Mislocation Road</name>
	<Style><LineStyle><color>FF0067ce</color><width>5.66928</width></LineStyle><PolyStyle><fill>0</fill></PolyStyle></Style>
	<ExtendedData><SchemaData schemaUrl="#tracks">
		<SimpleData name="fid">99</SimpleData>
		<SimpleData name="FType">0</SimpleData>
		<SimpleData name="Owner">DTE</SimpleData>
		<SimpleData name="Usage">Unknown</SimpleData>
		<SimpleData name="Status">Unknown</SimpleData>
		<SimpleData name="Surface">Unknown</SimpleData>
		<SimpleData name="Restriction">Staff</SimpleData>
		<SimpleData name="Lanes">0</SimpleData>
		<SimpleData name="GlobalID">{725AAFF4-BE3E-4676-A7B6-B5902CAF6373}</SimpleData>
		<SimpleData name="created_user">WELNIG</SimpleData>
		<SimpleData name="last_edited_user">WELNIG</SimpleData>
		<SimpleData name="VehicleTravel">Unknown</SimpleData>
		<SimpleData name="VehicleRequirement">Unknown</SimpleData>
		<SimpleData name="VehicleLimitation">Unknown</SimpleData>
		<SimpleData name="SHAPE_Length">96.4623480244</SimpleData>
	</SchemaData></ExtendedData>
      <MultiGeometry><LineString><coordinates>144.146771978134,-35.1508362518801 144.146903712477,-35.1508003481505 144.147303014519,-35.1506487659579 144.147552578183,-35.1505321633447</coordinates></LineString></MultiGeometry>
  </Placemark>
  <Placemark>
	<name>Mislocation Road</name>
	<Style><LineStyle><color>FF0067ce</color><width>5.66928</width></LineStyle><PolyStyle><fill>0</fill></PolyStyle></Style>
	<ExtendedData><SchemaData schemaUrl="#tracks">
		<SimpleData name="fid">100</SimpleData>
		<SimpleData name="FType">0</SimpleData>
		<SimpleData name="Owner">DTE</SimpleData>
		<SimpleData name="Usage">Unknown</SimpleData>
		<SimpleData name="Status">Unknown</SimpleData>
		<SimpleData name="Surface">Unknown</SimpleData>
		<SimpleData name="Restriction">Staff</SimpleData>
		<SimpleData name="Lanes">0</SimpleData>
		<SimpleData name="GlobalID">{00201D65-16F6-4B49-A218-EC92B33F3274}</SimpleData>
		<SimpleData name="created_user">WELNIG</SimpleData>
		<SimpleData name="last_edited_user">WELNIG</SimpleData>
		<SimpleData name="VehicleTravel">Unknown</SimpleData>
		<SimpleData name="VehicleRequirement">Unknown</SimpleData>
		<SimpleData name="VehicleLimitation">Unknown</SimpleData>
		<SimpleData name="SHAPE_Length">271.632253986</SimpleData>
	</SchemaData></ExtendedData>
      <MultiGeometry><LineString><coordinates>144.144711117108,-35.1502406571823 144.144789551711,-35.1503718356722 144.144846594731,-35.1504563724012 144.144950439355,-35.1505831510775 144.145135900567,-35.1507083925891 144.145383457463,-35.1508254285306 144.145559682253,-35.1509202346123 144.145748588616,-35.1509606757131 144.145994587765,-35.1509723358471 144.146226325261,-35.1509519300606 144.1465677,-35.1509273 144.146771978134,-35.1508362518801</coordinates></LineString></MultiGeometry>
  </Placemark>
  <Placemark>
	<name>Mislocation Road</name>
	<Style><LineStyle><color>FF0067ce</color><width>5.66928</width></LineStyle><PolyStyle><fill>0</fill></PolyStyle></Style>
	<ExtendedData><SchemaData schemaUrl="#tracks">
		<SimpleData name="fid">101</SimpleData>
		<SimpleData name="FType">0</SimpleData>
		<SimpleData name="Owner">DTE</SimpleData>
		<SimpleData name="Usage">Unknown</SimpleData>
		<SimpleData name="Status">Unknown</SimpleData>
		<SimpleData name="Surface">Unknown</SimpleData>
		<SimpleData name="Restriction">Staff</SimpleData>
		<SimpleData name="Lanes">0</SimpleData>
		<SimpleData name="GlobalID">{795CF653-2988-48F4-AD12-B32E11508A2C}</SimpleData>
		<SimpleData name="created_user">WELNIG</SimpleData>
		<SimpleData name="last_edited_user">WELNIG</SimpleData>
		<SimpleData name="VehicleTravel">Unknown</SimpleData>
		<SimpleData name="VehicleRequirement">Unknown</SimpleData>
		<SimpleData name="VehicleLimitation">Unknown</SimpleData>
		<SimpleData name="SHAPE_Length">121.121877053</SimpleData>
	</SchemaData></ExtendedData>
      <MultiGeometry><LineString><coordinates>144.147552578183,-35.1505321633447 144.147695185735,-35.1504534571657 144.147901967133,-35.1503251940475 144.14806953168,-35.1502552326622 144.148262052323,-35.1501794414607 144.148443876727,-35.1500336878782</coordinates></LineString></MultiGeometry>
  </Placemark>
  <Placemark>
	<name>Mislocation Road</name>
	<Style><LineStyle><color>FF0067ce</color><width>5.66928</width></LineStyle><PolyStyle><fill>0</fill></PolyStyle></Style>
	<ExtendedData><SchemaData schemaUrl="#tracks">
		<SimpleData name="fid">102</SimpleData>
		<SimpleData name="FType">0</SimpleData>
		<SimpleData name="Owner">DTE</SimpleData>
		<SimpleData name="Usage">Unknown</SimpleData>
		<SimpleData name="Status">Unknown</SimpleData>
		<SimpleData name="Surface">Unknown</SimpleData>
		<SimpleData name="Restriction">Staff</SimpleData>
		<SimpleData name="Lanes">0</SimpleData>
		<SimpleData name="GlobalID">{D9C0AFDE-4565-4E5B-BE26-055233464323}</SimpleData>
		<SimpleData name="created_user">WELNIG</SimpleData>
		<SimpleData name="last_edited_user">WELNIG</SimpleData>
		<SimpleData name="VehicleTravel">Unknown</SimpleData>
		<SimpleData name="VehicleRequirement">Unknown</SimpleData>
		<SimpleData name="VehicleLimitation">Unknown</SimpleData>
		<SimpleData name="SHAPE_Length">146.242491094</SimpleData>
	</SchemaData></ExtendedData>
      <MultiGeometry><LineString><coordinates>144.144001642968,-35.1495381238921 144.14401233831,-35.149855867684 144.144055120575,-35.1499753865191 144.144165642101,-35.1500249421262 144.144304685138,-35.150027857377 144.144411640352,-35.150027857377 144.144486509541,-35.1500570084102 144.144564944143,-35.1501211394714 144.144711117108,-35.1502406571823</coordinates></LineString></MultiGeometry>
  </Placemark>
  <Placemark>
	<name>NULL</name>
	<Style><LineStyle><color>FF0067ce</color><width>5.66928</width></LineStyle><PolyStyle><fill>0</fill></PolyStyle></Style>
	<ExtendedData><SchemaData schemaUrl="#tracks">
		<SimpleData name="fid">103</SimpleData>
		<SimpleData name="FType">0</SimpleData>
		<SimpleData name="Owner">DTE</SimpleData>
		<SimpleData name="Usage">Unknown</SimpleData>
		<SimpleData name="Status">Unknown</SimpleData>
		<SimpleData name="Surface">Unknown</SimpleData>
		<SimpleData name="Restriction">Staff</SimpleData>
		<SimpleData name="Lanes">0</SimpleData>
		<SimpleData name="GlobalID">{CD68208E-C095-4CA8-82A4-4045FAF95F36}</SimpleData>
		<SimpleData name="created_user">WELNIG</SimpleData>
		<SimpleData name="last_edited_user">WELNIG</SimpleData>
		<SimpleData name="VehicleTravel">Unknown</SimpleData>
		<SimpleData name="VehicleRequirement">Unknown</SimpleData>
		<SimpleData name="VehicleLimitation">Unknown</SimpleData>
		<SimpleData name="SHAPE_Length">94.0096096846</SimpleData>
	</SchemaData></ExtendedData>
      <MultiGeometry><LineString><coordinates>144.148443876727,-35.1500336878782 144.148575789835,-35.1497217745697 144.148689692619,-35.1493735407079</coordinates></LineString></MultiGeometry>
  </Placemark>
  <Placemark>
	<name>NULL</name>
	<Style><LineStyle><color>FF0067ce</color><width>5.66928</width></LineStyle><PolyStyle><fill>0</fill></PolyStyle></Style>
	<ExtendedData><SchemaData schemaUrl="#tracks">
		<SimpleData name="fid">104</SimpleData>
		<SimpleData name="FType">0</SimpleData>
		<SimpleData name="Owner">DTE</SimpleData>
		<SimpleData name="Usage">Unknown</SimpleData>
		<SimpleData name="Status">Unknown</SimpleData>
		<SimpleData name="Surface">Unknown</SimpleData>
		<SimpleData name="Restriction">Staff</SimpleData>
		<SimpleData name="Lanes">0</SimpleData>
		<SimpleData name="GlobalID">{8CB3435A-4448-430F-BEFC-BCFD3563FDB1}</SimpleData>
		<SimpleData name="created_user">WELNIG</SimpleData>
		<SimpleData name="last_edited_user">WELNIG</SimpleData>
		<SimpleData name="VehicleTravel">Unknown</SimpleData>
		<SimpleData name="VehicleRequirement">Unknown</SimpleData>
		<SimpleData name="VehicleLimitation">Unknown</SimpleData>
		<SimpleData name="SHAPE_Length">224.141933432</SimpleData>
	</SchemaData></ExtendedData>
      <MultiGeometry><LineString><coordinates>144.146771978134,-35.1508362518801 144.146754865228,-35.1506310322001 144.146662483967,-35.1503960791696 144.146567269621,-35.150259179074 144.14645538937,-35.1501140948408 144.1463508102,-35.1500130394697 144.14628425941,-35.1498925496726 144.146241477145,-35.149686550503 144.146198694879,-35.1495233051611 144.146095340113,-35.1493281236761</coordinates></LineString></MultiGeometry>
  </Placemark>
  <Placemark>
	<name>NULL</name>
	<Style><LineStyle><color>FF0067ce</color><width>5.66928</width></LineStyle><PolyStyle><fill>0</fill></PolyStyle></Style>
	<ExtendedData><SchemaData schemaUrl="#tracks">
		<SimpleData name="fid">105</SimpleData>
		<SimpleData name="FType">0</SimpleData>
		<SimpleData name="Owner">DTE</SimpleData>
		<SimpleData name="Usage">Unknown</SimpleData>
		<SimpleData name="Status">Unknown</SimpleData>
		<SimpleData name="Surface">Unknown</SimpleData>
		<SimpleData name="Restriction">Staff</SimpleData>
		<SimpleData name="Lanes">0</SimpleData>
		<SimpleData name="GlobalID">{2512E4E5-BF7C-40E5-B6B4-8D11C04435D9}</SimpleData>
		<SimpleData name="created_user">WELNIG</SimpleData>
		<SimpleData name="last_edited_user">WELNIG</SimpleData>
		<SimpleData name="VehicleTravel">Unknown</SimpleData>
		<SimpleData name="VehicleRequirement">Unknown</SimpleData>
		<SimpleData name="VehicleLimitation">Unknown</SimpleData>
		<SimpleData name="SHAPE_Length">235.635750895</SimpleData>
	</SchemaData></ExtendedData>
      <MultiGeometry><LineString><coordinates>144.146095340113,-35.1493281236761 144.146233456088,-35.1494623312882 144.146639888058,-35.1498500379045 144.146835974115,-35.1499957918159 144.147017798518,-35.1501415454662 144.147135449973,-35.1502668928972 144.147281622937,-35.1504155612989 144.147363622953,-35.1504942675145 144.147445622071,-35.1505379938098 144.147552578183,-35.1505321633447</coordinates></LineString></MultiGeometry>
  </Placemark>
  <Placemark>
	<name>NULL</name>
	<Style><LineStyle><color>FF0067ce</color><width>5.66928</width></LineStyle><PolyStyle><fill>0</fill></PolyStyle></Style>
	<ExtendedData><SchemaData schemaUrl="#tracks">
		<SimpleData name="fid">106</SimpleData>
		<SimpleData name="FType">0</SimpleData>
		<SimpleData name="Owner">DTE</SimpleData>
		<SimpleData name="Usage">Unknown</SimpleData>
		<SimpleData name="Status">Unknown</SimpleData>
		<SimpleData name="Surface">Unknown</SimpleData>
		<SimpleData name="Restriction">Staff</SimpleData>
		<SimpleData name="Lanes">0</SimpleData>
		<SimpleData name="GlobalID">{BCA90021-DDAF-4773-BFF0-AE6C06936C22}</SimpleData>
		<SimpleData name="created_user">WELNIG</SimpleData>
		<SimpleData name="last_edited_user">WELNIG</SimpleData>
		<SimpleData name="VehicleTravel">Unknown</SimpleData>
		<SimpleData name="VehicleRequirement">Unknown</SimpleData>
		<SimpleData name="VehicleLimitation">Unknown</SimpleData>
		<SimpleData name="SHAPE_Length">84.8412062405</SimpleData>
	</SchemaData></ExtendedData>
      <MultiGeometry></MultiGeometry>
  </Placemark>
  <Placemark>
	<name>NULL</name>
	<Style><LineStyle><color>FF0067ce</color><width>5.66928</width></LineStyle><PolyStyle><fill>0</fill></PolyStyle></Style>
	<ExtendedData><SchemaData schemaUrl="#tracks">
		<SimpleData name="fid">107</SimpleData>
		<SimpleData name="FType">0</SimpleData>
		<SimpleData name="Owner">DTE</SimpleData>
		<SimpleData name="Usage">Unknown</SimpleData>
		<SimpleData name="Status">Unknown</SimpleData>
		<SimpleData name="Surface">Unknown</SimpleData>
		<SimpleData name="Restriction">Staff</SimpleData>
		<SimpleData name="Lanes">0</SimpleData>
		<SimpleData name="GlobalID">{7029EE51-9E27-4ACB-A875-7C11F319D5BF}</SimpleData>
		<SimpleData name="created_user">WELNIG</SimpleData>
		<SimpleData name="last_edited_user">WELNIG</SimpleData>
		<SimpleData name="VehicleTravel">Unknown</SimpleData>
		<SimpleData name="VehicleRequirement">Unknown</SimpleData>
		<SimpleData name="VehicleLimitation">Unknown</SimpleData>
		<SimpleData name="SHAPE_Length">150.573198379</SimpleData>
	</SchemaData></ExtendedData>
      <MultiGeometry><LineString><coordinates>144.148443876727,-35.1500336878782 144.148654223539,-35.1499025095777 144.148989351734,-35.1497159440461 144.149196133132,-35.1495935102982 144.149335176169,-35.1495060574035 144.14944926221,-35.1493224069735</coordinates></LineString></MultiGeometry>
  </Placemark>
  <Placemark>
	<name>Axis Pass</name>
	<Style><LineStyle><color>FF0067ce</color><width>5.66928</width></LineStyle><PolyStyle><fill>0</fill></PolyStyle></Style>
	<ExtendedData><SchemaData schemaUrl="#tracks">
		<SimpleData name="fid">108</SimpleData>
		<SimpleData name="FType">0</SimpleData>
		<SimpleData name="Owner">DTE</SimpleData>
		<SimpleData name="Usage">Unknown</SimpleData>
		<SimpleData name="Status">Unknown</SimpleData>
		<SimpleData name="Surface">Unknown</SimpleData>
		<SimpleData name="Restriction">Staff</SimpleData>
		<SimpleData name="Lanes">0</SimpleData>
		<SimpleData name="GlobalID">{0B6350CA-2DE6-4320-9072-E4F4D0C6609C}</SimpleData>
		<SimpleData name="created_user">WELNIG</SimpleData>
		<SimpleData name="last_edited_user">WELNIG</SimpleData>
		<SimpleData name="VehicleTravel">Unknown</SimpleData>
		<SimpleData name="VehicleRequirement">Unknown</SimpleData>
		<SimpleData name="VehicleLimitation">Unknown</SimpleData>
		<SimpleData name="SHAPE_Length">212.10026317</SimpleData>
	</SchemaData></ExtendedData>
      <MultiGeometry><LineString><coordinates>144.145876936311,-35.1490775381094 144.145709371764,-35.1492203781248 144.1455631988,-35.149351557525 144.145434852003,-35.1494710763662 144.145324330477,-35.149546868962 144.145106853737,-35.1496197462218 144.145067636885,-35.1497217745697 144.145028419134,-35.149882103523 144.14493928919,-35.1499957918159 144.144711117108,-35.1502406571823</coordinates></LineString></MultiGeometry>
  </Placemark>
  <Placemark>
	<name>NULL</name>
	<Style><LineStyle><color>FF0067ce</color><width>5.66928</width></LineStyle><PolyStyle><fill>0</fill></PolyStyle></Style>
	<ExtendedData><SchemaData schemaUrl="#tracks">
		<SimpleData name="fid">109</SimpleData>
		<SimpleData name="FType">0</SimpleData>
		<SimpleData name="Owner">DTE</SimpleData>
		<SimpleData name="Usage">Unknown</SimpleData>
		<SimpleData name="Status">Unknown</SimpleData>
		<SimpleData name="Surface">Unknown</SimpleData>
		<SimpleData name="Restriction">Staff</SimpleData>
		<SimpleData name="Lanes">0</SimpleData>
		<SimpleData name="GlobalID">{9FEEA36D-6EEF-4100-B234-C706814EE0F5}</SimpleData>
		<SimpleData name="created_user">WELNIG</SimpleData>
		<SimpleData name="last_edited_user">WELNIG</SimpleData>
		<SimpleData name="VehicleTravel">Unknown</SimpleData>
		<SimpleData name="VehicleRequirement">Unknown</SimpleData>
		<SimpleData name="VehicleLimitation">Unknown</SimpleData>
		<SimpleData name="SHAPE_Length">42.0009291248</SimpleData>
	</SchemaData></ExtendedData>
      <MultiGeometry><LineString><coordinates>144.145876936311,-35.1490775381094 144.145987456939,-35.1492232934045 144.146095340113,-35.1493281236761</coordinates></LineString></MultiGeometry>
  </Placemark>
  <Placemark>
	<name>NULL</name>
	<Style><LineStyle><color>FF0067ce</color><width>5.66928</width></LineStyle><PolyStyle><fill>0</fill></PolyStyle></Style>
	<ExtendedData><SchemaData schemaUrl="#tracks">
		<SimpleData name="fid">110</SimpleData>
		<SimpleData name="FType">0</SimpleData>
		<SimpleData name="Owner">DTE</SimpleData>
		<SimpleData name="Usage">Unknown</SimpleData>
		<SimpleData name="Status">Unknown</SimpleData>
		<SimpleData name="Surface">Unknown</SimpleData>
		<SimpleData name="Restriction">Staff</SimpleData>
		<SimpleData name="Lanes">0</SimpleData>
		<SimpleData name="GlobalID">{E8E9E6C9-EC39-4584-92E7-0E20E846C9B2}</SimpleData>
		<SimpleData name="created_user">WELNIG</SimpleData>
		<SimpleData name="last_edited_user">WELNIG</SimpleData>
		<SimpleData name="VehicleTravel">Unknown</SimpleData>
		<SimpleData name="VehicleRequirement">Unknown</SimpleData>
		<SimpleData name="VehicleLimitation">Unknown</SimpleData>
		<SimpleData name="SHAPE_Length">97.6175796253</SimpleData>
	</SchemaData></ExtendedData>
      <MultiGeometry><LineString><coordinates>144.145876936311,-35.1490775381094 144.14608177558,-35.1488188617591</coordinates></LineString></MultiGeometry>
  </Placemark>
  <Placemark>
	<name>NULL</name>
	<Style><LineStyle><color>FF0067ce</color><width>5.66928</width></LineStyle><PolyStyle><fill>0</fill></PolyStyle></Style>
	<ExtendedData><SchemaData schemaUrl="#tracks">
		<SimpleData name="fid">111</SimpleData>
		<SimpleData name="FType">0</SimpleData>
		<SimpleData name="Owner">DTE</SimpleData>
		<SimpleData name="Usage">Unknown</SimpleData>
		<SimpleData name="Status">Unknown</SimpleData>
		<SimpleData name="Surface">Unknown</SimpleData>
		<SimpleData name="Restriction">Staff</SimpleData>
		<SimpleData name="Lanes">0</SimpleData>
		<SimpleData name="GlobalID">{490481AB-4EE3-432D-A667-B08BC1F7EF38}</SimpleData>
		<SimpleData name="created_user">WELNIG</SimpleData>
		<SimpleData name="last_edited_user">WELNIG</SimpleData>
		<SimpleData name="VehicleTravel">Unknown</SimpleData>
		<SimpleData name="VehicleRequirement">Unknown</SimpleData>
		<SimpleData name="VehicleLimitation">Unknown</SimpleData>
		<SimpleData name="SHAPE_Length">291.556685765</SimpleData>
	</SchemaData></ExtendedData>
      <MultiGeometry></MultiGeometry>
  </Placemark>
  <Placemark>
	<name>NULL</name>
	<Style><LineStyle><color>FF0067ce</color><width>5.66928</width></LineStyle><PolyStyle><fill>0</fill></PolyStyle></Style>
	<ExtendedData><SchemaData schemaUrl="#tracks">
		<SimpleData name="fid">112</SimpleData>
		<SimpleData name="FType">0</SimpleData>
		<SimpleData name="Owner">DTE</SimpleData>
		<SimpleData name="Usage">Unknown</SimpleData>
		<SimpleData name="Status">Unknown</SimpleData>
		<SimpleData name="Surface">Unknown</SimpleData>
		<SimpleData name="Restriction">Staff</SimpleData>
		<SimpleData name="Lanes">0</SimpleData>
		<SimpleData name="GlobalID">{5343E6D9-2531-4B63-A148-F7215D3B5870}</SimpleData>
		<SimpleData name="created_user">WELNIG</SimpleData>
		<SimpleData name="last_edited_user">WELNIG</SimpleData>
		<SimpleData name="VehicleTravel">Unknown</SimpleData>
		<SimpleData name="VehicleRequirement">Unknown</SimpleData>
		<SimpleData name="VehicleLimitation">Unknown</SimpleData>
		<SimpleData name="SHAPE_Length">93.9633082987</SimpleData>
	</SchemaData></ExtendedData>
      <MultiGeometry><LineString><coordinates>144.145627372647,-35.1484187214771 144.145720067106,-35.1486373560918 144.145794936295,-35.1488763956967 144.145876936311,-35.1490775381094</coordinates></LineString></MultiGeometry>
  </Placemark>
  <Placemark>
	<name>NULL</name>
	<Style><LineStyle><color>FF0067ce</color><width>5.66928</width></LineStyle><PolyStyle><fill>0</fill></PolyStyle></Style>
	<ExtendedData><SchemaData schemaUrl="#tracks">
		<SimpleData name="fid">113</SimpleData>
		<SimpleData name="FType">0</SimpleData>
		<SimpleData name="Owner">DTE</SimpleData>
		<SimpleData name="Usage">Unknown</SimpleData>
		<SimpleData name="Status">Unknown</SimpleData>
		<SimpleData name="Surface">Unknown</SimpleData>
		<SimpleData name="Restriction">Staff</SimpleData>
		<SimpleData name="Lanes">0</SimpleData>
		<SimpleData name="GlobalID">{0C042D7A-2EFA-42E7-818A-93E400BBD5FD}</SimpleData>
		<SimpleData name="created_user">WELNIG</SimpleData>
		<SimpleData name="last_edited_user">WELNIG</SimpleData>
		<SimpleData name="VehicleTravel">Unknown</SimpleData>
		<SimpleData name="VehicleRequirement">Unknown</SimpleData>
		<SimpleData name="VehicleLimitation">Unknown</SimpleData>
		<SimpleData name="SHAPE_Length">160.525987429</SimpleData>
	</SchemaData></ExtendedData>
      <MultiGeometry><LineString><coordinates>144.14944926221,-35.1493224069735 144.14944860426,-35.1492259294888 144.149416030676,-35.1490265208077 144.149380992701,-35.1488977247152 144.149490822905,-35.1486825686932 144.149680999705,-35.1485207505963 144.149955520364,-35.1483225221192</coordinates></LineString></MultiGeometry>
  </Placemark>
  <Placemark>
	<name>NULL</name>
	<Style><LineStyle><color>FF0067ce</color><width>5.66928</width></LineStyle><PolyStyle><fill>0</fill></PolyStyle></Style>
	<ExtendedData><SchemaData schemaUrl="#tracks">
		<SimpleData name="fid">114</SimpleData>
		<SimpleData name="FType">0</SimpleData>
		<SimpleData name="Owner">DTE</SimpleData>
		<SimpleData name="Usage">Unknown</SimpleData>
		<SimpleData name="Status">Unknown</SimpleData>
		<SimpleData name="Surface">Unknown</SimpleData>
		<SimpleData name="Restriction">Staff</SimpleData>
		<SimpleData name="Lanes">0</SimpleData>
		<SimpleData name="GlobalID">{0DFAAB6E-4053-40A8-99EA-02A52238F713}</SimpleData>
		<SimpleData name="created_user">WELNIG</SimpleData>
		<SimpleData name="last_edited_user">WELNIG</SimpleData>
		<SimpleData name="VehicleTravel">Unknown</SimpleData>
		<SimpleData name="VehicleRequirement">Unknown</SimpleData>
		<SimpleData name="VehicleLimitation">Unknown</SimpleData>
		<SimpleData name="SHAPE_Length">36.1432223533</SimpleData>
	</SchemaData></ExtendedData>
      <MultiGeometry><LineString><coordinates>144.145458619629,-35.1481923128325 144.145534677289,-35.1482817099468 144.145627372647,-35.1484187214771</coordinates></LineString></MultiGeometry>
  </Placemark>
  <Placemark>
	<name>NULL</name>
	<Style><LineStyle><color>FF0067ce</color><width>5.66928</width></LineStyle><PolyStyle><fill>0</fill></PolyStyle></Style>
	<ExtendedData><SchemaData schemaUrl="#tracks">
		<SimpleData name="fid">115</SimpleData>
		<SimpleData name="FType">0</SimpleData>
		<SimpleData name="Owner">DTE</SimpleData>
		<SimpleData name="Usage">Unknown</SimpleData>
		<SimpleData name="Status">Unknown</SimpleData>
		<SimpleData name="Surface">Unknown</SimpleData>
		<SimpleData name="Restriction">Staff</SimpleData>
		<SimpleData name="Lanes">0</SimpleData>
		<SimpleData name="GlobalID">{39D0F0C9-B22B-4B30-83F6-F4A0EFE59D0A}</SimpleData>
		<SimpleData name="created_user">WELNIG</SimpleData>
		<SimpleData name="last_edited_user">WELNIG</SimpleData>
		<SimpleData name="VehicleTravel">Unknown</SimpleData>
		<SimpleData name="VehicleRequirement">Unknown</SimpleData>
		<SimpleData name="VehicleLimitation">Unknown</SimpleData>
		<SimpleData name="SHAPE_Length">48.8985777848</SimpleData>
	</SchemaData></ExtendedData>
      <MultiGeometry></MultiGeometry>
  </Placemark>
  <Placemark>
	<name>NULL</name>
	<Style><LineStyle><color>FF0067ce</color><width>5.66928</width></LineStyle><PolyStyle><fill>0</fill></PolyStyle></Style>
	<ExtendedData><SchemaData schemaUrl="#tracks">
		<SimpleData name="fid">116</SimpleData>
		<SimpleData name="FType">0</SimpleData>
		<SimpleData name="Owner">DTE</SimpleData>
		<SimpleData name="Usage">Unknown</SimpleData>
		<SimpleData name="Status">Unknown</SimpleData>
		<SimpleData name="Surface">Unknown</SimpleData>
		<SimpleData name="Restriction">Staff</SimpleData>
		<SimpleData name="Lanes">0</SimpleData>
		<SimpleData name="GlobalID">{D4B4B415-E644-4545-AC2D-7F35D157DF7C}</SimpleData>
		<SimpleData name="created_user">WELNIG</SimpleData>
		<SimpleData name="last_edited_user">WELNIG</SimpleData>
		<SimpleData name="VehicleTravel">Unknown</SimpleData>
		<SimpleData name="VehicleRequirement">Unknown</SimpleData>
		<SimpleData name="VehicleLimitation">Unknown</SimpleData>
		<SimpleData name="SHAPE_Length">62.9732698412</SimpleData>
	</SchemaData></ExtendedData>
      <MultiGeometry></MultiGeometry>
  </Placemark>
  <Placemark>
	<name>NULL</name>
	<Style><LineStyle><color>FF0067ce</color><width>5.66928</width></LineStyle><PolyStyle><fill>0</fill></PolyStyle></Style>
	<ExtendedData><SchemaData schemaUrl="#tracks">
		<SimpleData name="fid">117</SimpleData>
		<SimpleData name="FType">0</SimpleData>
		<SimpleData name="Owner">DTE</SimpleData>
		<SimpleData name="Usage">Unknown</SimpleData>
		<SimpleData name="Status">Unknown</SimpleData>
		<SimpleData name="Surface">Unknown</SimpleData>
		<SimpleData name="Restriction">Staff</SimpleData>
		<SimpleData name="Lanes">0</SimpleData>
		<SimpleData name="GlobalID">{21935682-F14B-4C40-BAB4-22F69F959E12}</SimpleData>
		<SimpleData name="created_user">WELNIG</SimpleData>
		<SimpleData name="last_edited_user">WELNIG</SimpleData>
		<SimpleData name="VehicleTravel">Unknown</SimpleData>
		<SimpleData name="VehicleRequirement">Unknown</SimpleData>
		<SimpleData name="VehicleLimitation">Unknown</SimpleData>
		<SimpleData name="SHAPE_Length">49.7843139827</SimpleData>
	</SchemaData></ExtendedData>
      <MultiGeometry></MultiGeometry>
  </Placemark>
  <Placemark>
	<name>NULL</name>
	<Style><LineStyle><color>FF0067ce</color><width>5.66928</width></LineStyle><PolyStyle><fill>0</fill></PolyStyle></Style>
	<ExtendedData><SchemaData schemaUrl="#tracks">
		<SimpleData name="fid">118</SimpleData>
		<SimpleData name="FType">0</SimpleData>
		<SimpleData name="Owner">DTE</SimpleData>
		<SimpleData name="Usage">Unknown</SimpleData>
		<SimpleData name="Status">Unknown</SimpleData>
		<SimpleData name="Surface">Unknown</SimpleData>
		<SimpleData name="Restriction">Staff</SimpleData>
		<SimpleData name="Lanes">0</SimpleData>
		<SimpleData name="GlobalID">{BD85C0B8-CE14-4E0C-9379-DF570F391AC3}</SimpleData>
		<SimpleData name="created_user">WELNIG</SimpleData>
		<SimpleData name="last_edited_user">WELNIG</SimpleData>
		<SimpleData name="VehicleTravel">Unknown</SimpleData>
		<SimpleData name="VehicleRequirement">Unknown</SimpleData>
		<SimpleData name="VehicleLimitation">Unknown</SimpleData>
		<SimpleData name="SHAPE_Length">83.7318238173</SimpleData>
	</SchemaData></ExtendedData>
      <MultiGeometry></MultiGeometry>
  </Placemark>
  <Placemark>
	<name>NULL</name>
	<Style><LineStyle><color>FF0067ce</color><width>5.66928</width></LineStyle><PolyStyle><fill>0</fill></PolyStyle></Style>
	<ExtendedData><SchemaData schemaUrl="#tracks">
		<SimpleData name="fid">119</SimpleData>
		<SimpleData name="FType">0</SimpleData>
		<SimpleData name="Owner">DTE</SimpleData>
		<SimpleData name="Usage">Unknown</SimpleData>
		<SimpleData name="Status">Unknown</SimpleData>
		<SimpleData name="Surface">Unknown</SimpleData>
		<SimpleData name="Restriction">Staff</SimpleData>
		<SimpleData name="Lanes">0</SimpleData>
		<SimpleData name="GlobalID">{F2C77AA0-5D44-49BC-A324-D8646CC95190}</SimpleData>
		<SimpleData name="created_user">WELNIG</SimpleData>
		<SimpleData name="last_edited_user">WELNIG</SimpleData>
		<SimpleData name="VehicleTravel">Unknown</SimpleData>
		<SimpleData name="VehicleRequirement">Unknown</SimpleData>
		<SimpleData name="VehicleLimitation">Unknown</SimpleData>
		<SimpleData name="SHAPE_Length">192.840053472</SimpleData>
	</SchemaData></ExtendedData>
      <MultiGeometry><LineString><coordinates>144.14584304018,-35.1475138771438 144.146143953507,-35.1474499847905 144.146370651289,-35.1473713015015 144.146505458258,-35.1471273266233 144.146941705217,-35.1467396489066 144.147407732568,-35.1463724428338 144.147322224818,-35.1467018001192</coordinates></LineString></MultiGeometry>
  </Placemark>
  <Placemark>
	<name>NULL</name>
	<Style><LineStyle><color>FF0067ce</color><width>5.66928</width></LineStyle><PolyStyle><fill>0</fill></PolyStyle></Style>
	<ExtendedData><SchemaData schemaUrl="#tracks">
		<SimpleData name="fid">120</SimpleData>
		<SimpleData name="FType">0</SimpleData>
		<SimpleData name="Owner">DTE</SimpleData>
		<SimpleData name="Usage">Unknown</SimpleData>
		<SimpleData name="Status">Unknown</SimpleData>
		<SimpleData name="Surface">Unknown</SimpleData>
		<SimpleData name="Restriction">Staff</SimpleData>
		<SimpleData name="Lanes">0</SimpleData>
		<SimpleData name="GlobalID">{BADA871B-02F2-4E14-82B0-EA23BF1892C2}</SimpleData>
		<SimpleData name="created_user">WELNIG</SimpleData>
		<SimpleData name="last_edited_user">WELNIG</SimpleData>
		<SimpleData name="VehicleTravel">Unknown</SimpleData>
		<SimpleData name="VehicleRequirement">Unknown</SimpleData>
		<SimpleData name="VehicleLimitation">Unknown</SimpleData>
		<SimpleData name="SHAPE_Length">158.766754</SimpleData>
	</SchemaData></ExtendedData>
      <MultiGeometry></MultiGeometry>
  </Placemark>
  <Placemark>
	<name>NULL</name>
	<Style><LineStyle><color>FF0067ce</color><width>5.66928</width></LineStyle><PolyStyle><fill>0</fill></PolyStyle></Style>
	<ExtendedData><SchemaData schemaUrl="#tracks">
		<SimpleData name="fid">121</SimpleData>
		<SimpleData name="FType">0</SimpleData>
		<SimpleData name="Owner">DTE</SimpleData>
		<SimpleData name="Usage">Unknown</SimpleData>
		<SimpleData name="Status">Unknown</SimpleData>
		<SimpleData name="Surface">Unknown</SimpleData>
		<SimpleData name="Restriction">Staff</SimpleData>
		<SimpleData name="Lanes">0</SimpleData>
		<SimpleData name="GlobalID">{CF6854C0-06F3-44EE-B862-F5445710643F}</SimpleData>
		<SimpleData name="created_user">WELNIG</SimpleData>
		<SimpleData name="last_edited_user">WELNIG</SimpleData>
		<SimpleData name="VehicleTravel">Unknown</SimpleData>
		<SimpleData name="VehicleRequirement">Unknown</SimpleData>
		<SimpleData name="VehicleLimitation">Unknown</SimpleData>
		<SimpleData name="SHAPE_Length">176.500023458</SimpleData>
	</SchemaData></ExtendedData>
      <MultiGeometry><LineString><coordinates>144.144686161011,-35.1475091952635 144.144796681639,-35.1476199715346 144.145028419134,-35.1478094564673 144.145458619629,-35.1481923128325</coordinates></LineString></MultiGeometry>
  </Placemark>
  <Placemark>
	<name>NULL</name>
	<Style><LineStyle><color>FF0067ce</color><width>5.66928</width></LineStyle><PolyStyle><fill>0</fill></PolyStyle></Style>
	<ExtendedData><SchemaData schemaUrl="#tracks">
		<SimpleData name="fid">122</SimpleData>
		<SimpleData name="FType">0</SimpleData>
		<SimpleData name="Owner">DTE</SimpleData>
		<SimpleData name="Usage">Unknown</SimpleData>
		<SimpleData name="Status">Unknown</SimpleData>
		<SimpleData name="Surface">Unknown</SimpleData>
		<SimpleData name="Restriction">Staff</SimpleData>
		<SimpleData name="Lanes">0</SimpleData>
		<SimpleData name="GlobalID">{8DCF1B6F-B2A8-4F71-A4EF-AD508113E46F}</SimpleData>
		<SimpleData name="created_user">WELNIG</SimpleData>
		<SimpleData name="last_edited_user">WELNIG</SimpleData>
		<SimpleData name="VehicleTravel">Unknown</SimpleData>
		<SimpleData name="VehicleRequirement">Unknown</SimpleData>
		<SimpleData name="VehicleLimitation">Unknown</SimpleData>
		<SimpleData name="SHAPE_Length">89.9214463752</SimpleData>
	</SchemaData></ExtendedData>
      <MultiGeometry><LineString><coordinates>144.147407732568,-35.1463724428338 144.147312224946,-35.1467403172739</coordinates></LineString></MultiGeometry>
  </Placemark>
  <Placemark>
	<name>NULL</name>
	<Style><LineStyle><color>FF0067ce</color><width>5.66928</width></LineStyle><PolyStyle><fill>0</fill></PolyStyle></Style>
	<ExtendedData><SchemaData schemaUrl="#tracks">
		<SimpleData name="fid">123</SimpleData>
		<SimpleData name="FType">0</SimpleData>
		<SimpleData name="Owner">DTE</SimpleData>
		<SimpleData name="Usage">Unknown</SimpleData>
		<SimpleData name="Status">Unknown</SimpleData>
		<SimpleData name="Surface">Unknown</SimpleData>
		<SimpleData name="Restriction">Staff</SimpleData>
		<SimpleData name="Lanes">0</SimpleData>
		<SimpleData name="GlobalID">{97E6E243-FEAC-407D-9078-42D3BCDDC772}</SimpleData>
		<SimpleData name="created_user">WELNIG</SimpleData>
		<SimpleData name="last_edited_user">WELNIG</SimpleData>
		<SimpleData name="VehicleTravel">Unknown</SimpleData>
		<SimpleData name="VehicleRequirement">Unknown</SimpleData>
		<SimpleData name="VehicleLimitation">Unknown</SimpleData>
		<SimpleData name="SHAPE_Length">263.99942029</SimpleData>
	</SchemaData></ExtendedData>
      <MultiGeometry><LineString><coordinates>144.146520826116,-35.149736461955 144.146649652362,-35.1492867108419 144.146751056111,-35.1490799987502 144.146804111723,-35.1488250085939 144.146912922904,-35.1479024987118 144.14701274819,-35.1476381914707 144.147169616496,-35.1471795385031 144.147312224946,-35.1467403172739</coordinates></LineString></MultiGeometry>
  </Placemark>
  <Placemark>
	<name>NULL</name>
	<Style><LineStyle><color>FF0067ce</color><width>5.66928</width></LineStyle><PolyStyle><fill>0</fill></PolyStyle></Style>
	<ExtendedData><SchemaData schemaUrl="#tracks">
		<SimpleData name="fid">124</SimpleData>
		<SimpleData name="FType">0</SimpleData>
		<SimpleData name="Owner">DTE</SimpleData>
		<SimpleData name="Usage">Unknown</SimpleData>
		<SimpleData name="Status">Unknown</SimpleData>
		<SimpleData name="Surface">Unknown</SimpleData>
		<SimpleData name="Restriction">Staff</SimpleData>
		<SimpleData name="Lanes">0</SimpleData>
		<SimpleData name="GlobalID">{A28D3F5F-5243-4B92-8F37-F6B1F4418E26}</SimpleData>
		<SimpleData name="created_user">WELNIG</SimpleData>
		<SimpleData name="last_edited_user">WELNIG</SimpleData>
		<SimpleData name="VehicleTravel">Unknown</SimpleData>
		<SimpleData name="VehicleRequirement">Unknown</SimpleData>
		<SimpleData name="VehicleLimitation">Unknown</SimpleData>
		<SimpleData name="SHAPE_Length">183.627814907</SimpleData>
	</SchemaData></ExtendedData>
      <MultiGeometry></MultiGeometry>
  </Placemark>
  <Placemark>
	<name>NULL</name>
	<Style><LineStyle><color>FF0067ce</color><width>5.66928</width></LineStyle><PolyStyle><fill>0</fill></PolyStyle></Style>
	<ExtendedData><SchemaData schemaUrl="#tracks">
		<SimpleData name="fid">125</SimpleData>
		<SimpleData name="FType">0</SimpleData>
		<SimpleData name="Owner">DTE</SimpleData>
		<SimpleData name="Usage">Unknown</SimpleData>
		<SimpleData name="Status">Unknown</SimpleData>
		<SimpleData name="Surface">Unknown</SimpleData>
		<SimpleData name="Restriction">Staff</SimpleData>
		<SimpleData name="Lanes">0</SimpleData>
		<SimpleData name="GlobalID">{C797E32C-AF34-47B2-BCEA-278D5A40B2B5}</SimpleData>
		<SimpleData name="created_user">WELNIG</SimpleData>
		<SimpleData name="last_edited_user">WELNIG</SimpleData>
		<SimpleData name="VehicleTravel">Unknown</SimpleData>
		<SimpleData name="VehicleRequirement">Unknown</SimpleData>
		<SimpleData name="VehicleLimitation">Unknown</SimpleData>
		<SimpleData name="SHAPE_Length">36.9139955127</SimpleData>
	</SchemaData></ExtendedData>
      <MultiGeometry><LineString><coordinates>144.145834985885,-35.1465638627317 144.145504610677,-35.1465405411986</coordinates></LineString></MultiGeometry>
  </Placemark>
  <Placemark>
	<name>NULL</name>
	<Style><LineStyle><color>FF0067ce</color><width>5.66928</width></LineStyle><PolyStyle><fill>0</fill></PolyStyle></Style>
	<ExtendedData><SchemaData schemaUrl="#tracks">
		<SimpleData name="fid">126</SimpleData>
		<SimpleData name="FType">0</SimpleData>
		<SimpleData name="Owner">DTE</SimpleData>
		<SimpleData name="Usage">Unknown</SimpleData>
		<SimpleData name="Status">Unknown</SimpleData>
		<SimpleData name="Surface">Unknown</SimpleData>
		<SimpleData name="Restriction">Staff</SimpleData>
		<SimpleData name="Lanes">0</SimpleData>
		<SimpleData name="GlobalID">{C4890949-D5CF-43DE-8A13-D42DBB16A71C}</SimpleData>
		<SimpleData name="created_user">WELNIG</SimpleData>
		<SimpleData name="last_edited_user">WELNIG</SimpleData>
		<SimpleData name="VehicleTravel">Unknown</SimpleData>
		<SimpleData name="VehicleRequirement">Unknown</SimpleData>
		<SimpleData name="VehicleLimitation">Unknown</SimpleData>
		<SimpleData name="SHAPE_Length">99.941047435</SimpleData>
	</SchemaData></ExtendedData>
      <MultiGeometry><LineString><coordinates>144.144706031326,-35.1475291115715 144.14466074225,-35.1470043649486 144.14487475961,-35.1465376258229</coordinates></LineString></MultiGeometry>
  </Placemark>
  <Placemark>
	<name>NULL</name>
	<Style><LineStyle><color>FF0067ce</color><width>5.66928</width></LineStyle><PolyStyle><fill>0</fill></PolyStyle></Style>
	<ExtendedData><SchemaData schemaUrl="#tracks">
		<SimpleData name="fid">127</SimpleData>
		<SimpleData name="FType">0</SimpleData>
		<SimpleData name="Owner">DTE</SimpleData>
		<SimpleData name="Usage">Unknown</SimpleData>
		<SimpleData name="Status">Unknown</SimpleData>
		<SimpleData name="Surface">Unknown</SimpleData>
		<SimpleData name="Restriction">Staff</SimpleData>
		<SimpleData name="Lanes">0</SimpleData>
		<SimpleData name="GlobalID">{947C351D-59A4-4108-A44B-A8037E4509E6}</SimpleData>
		<SimpleData name="created_user">WELNIG</SimpleData>
		<SimpleData name="last_edited_user">WELNIG</SimpleData>
		<SimpleData name="VehicleTravel">Unknown</SimpleData>
		<SimpleData name="VehicleRequirement">Unknown</SimpleData>
		<SimpleData name="VehicleLimitation">Unknown</SimpleData>
		<SimpleData name="SHAPE_Length">70.2369651442</SimpleData>
	</SchemaData></ExtendedData>
      <MultiGeometry><LineString><coordinates>144.145504610677,-35.1465405411986 144.145202757877,-35.1465424847824 144.145014991118,-35.1465502583824 144.14487475961,-35.1465376258229</coordinates></LineString></MultiGeometry>
  </Placemark>
  <Placemark>
	<name>NULL</name>
	<Style><LineStyle><color>FF0067ce</color><width>5.66928</width></LineStyle><PolyStyle><fill>0</fill></PolyStyle></Style>
	<ExtendedData><SchemaData schemaUrl="#tracks">
		<SimpleData name="fid">128</SimpleData>
		<SimpleData name="FType">0</SimpleData>
		<SimpleData name="Owner">DTE</SimpleData>
		<SimpleData name="Usage">Unknown</SimpleData>
		<SimpleData name="Status">Unknown</SimpleData>
		<SimpleData name="Surface">Unknown</SimpleData>
		<SimpleData name="Restriction">Staff</SimpleData>
		<SimpleData name="Lanes">0</SimpleData>
		<SimpleData name="GlobalID">{184C16CA-2AFE-4B4E-967E-E20E9CDFEF4E}</SimpleData>
		<SimpleData name="created_user">WELNIG</SimpleData>
		<SimpleData name="last_edited_user">WELNIG</SimpleData>
		<SimpleData name="VehicleTravel">Unknown</SimpleData>
		<SimpleData name="VehicleRequirement">Unknown</SimpleData>
		<SimpleData name="VehicleLimitation">Unknown</SimpleData>
		<SimpleData name="SHAPE_Length">24.8267476619</SimpleData>
	</SchemaData></ExtendedData>
      <MultiGeometry><LineString><coordinates>144.145504610677,-35.1465405411986 144.145582208948,-35.1463695739577</coordinates></LineString></MultiGeometry>
  </Placemark>
  <Placemark>
	<name>NULL</name>
	<Style><LineStyle><color>FF0067ce</color><width>5.66928</width></LineStyle><PolyStyle><fill>0</fill></PolyStyle></Style>
	<ExtendedData><SchemaData schemaUrl="#tracks">
		<SimpleData name="fid">129</SimpleData>
		<SimpleData name="FType">0</SimpleData>
		<SimpleData name="Owner">DTE</SimpleData>
		<SimpleData name="Usage">Unknown</SimpleData>
		<SimpleData name="Status">Unknown</SimpleData>
		<SimpleData name="Surface">Unknown</SimpleData>
		<SimpleData name="Restriction">Staff</SimpleData>
		<SimpleData name="Lanes">0</SimpleData>
		<SimpleData name="GlobalID">{08D88AE1-30CA-40DA-A730-9B6C07216AB8}</SimpleData>
		<SimpleData name="created_user">WELNIG</SimpleData>
		<SimpleData name="last_edited_user">WELNIG</SimpleData>
		<SimpleData name="VehicleTravel">Unknown</SimpleData>
		<SimpleData name="VehicleRequirement">Unknown</SimpleData>
		<SimpleData name="VehicleLimitation">Unknown</SimpleData>
		<SimpleData name="SHAPE_Length">38.6190661589</SimpleData>
	</SchemaData></ExtendedData>
      <MultiGeometry><LineString><coordinates>144.145582208948,-35.1463695739577 144.145834985885,-35.1465638627317</coordinates></LineString></MultiGeometry>
  </Placemark>
  <Placemark>
	<name>NULL</name>
	<Style><LineStyle><color>FF0067ce</color><width>5.66928</width></LineStyle><PolyStyle><fill>0</fill></PolyStyle></Style>
	<ExtendedData><SchemaData schemaUrl="#tracks">
		<SimpleData name="fid">130</SimpleData>
		<SimpleData name="FType">0</SimpleData>
		<SimpleData name="Owner">DTE</SimpleData>
		<SimpleData name="Usage">Unknown</SimpleData>
		<SimpleData name="Status">Unknown</SimpleData>
		<SimpleData name="Surface">Unknown</SimpleData>
		<SimpleData name="Restriction">Staff</SimpleData>
		<SimpleData name="Lanes">0</SimpleData>
		<SimpleData name="GlobalID">{F509E70B-BF57-453B-BE3E-6743155908CC}</SimpleData>
		<SimpleData name="created_user">WELNIG</SimpleData>
		<SimpleData name="last_edited_user">WELNIG</SimpleData>
		<SimpleData name="VehicleTravel">Unknown</SimpleData>
		<SimpleData name="VehicleRequirement">Unknown</SimpleData>
		<SimpleData name="VehicleLimitation">Unknown</SimpleData>
		<SimpleData name="SHAPE_Length">181.520326733</SimpleData>
	</SchemaData></ExtendedData>
      <MultiGeometry><LineString><coordinates>144.147415556356,-35.1463423071635 144.14728483172,-35.1464181026733 144.147173122621,-35.1464550286088 144.146704893745,-35.146521106093 144.146255678611,-35.1465716363297 144.146022752644,-35.1465755234957 144.145834985885,-35.1465638627317</coordinates></LineString></MultiGeometry>
  </Placemark>
  <Placemark>
	<name>NULL</name>
	<Style><LineStyle><color>FF0067ce</color><width>5.66928</width></LineStyle><PolyStyle><fill>0</fill></PolyStyle></Style>
	<ExtendedData><SchemaData schemaUrl="#tracks">
		<SimpleData name="fid">131</SimpleData>
		<SimpleData name="FType">0</SimpleData>
		<SimpleData name="Owner">DTE</SimpleData>
		<SimpleData name="Usage">Unknown</SimpleData>
		<SimpleData name="Status">Unknown</SimpleData>
		<SimpleData name="Surface">Unknown</SimpleData>
		<SimpleData name="Restriction">Staff</SimpleData>
		<SimpleData name="Lanes">0</SimpleData>
		<SimpleData name="GlobalID">{6CC44DFE-5BB4-4528-9FB6-B02BF24D59DB}</SimpleData>
		<SimpleData name="created_user">WELNIG</SimpleData>
		<SimpleData name="last_edited_user">WELNIG</SimpleData>
		<SimpleData name="VehicleTravel">Unknown</SimpleData>
		<SimpleData name="VehicleRequirement">Unknown</SimpleData>
		<SimpleData name="VehicleLimitation">Unknown</SimpleData>
		<SimpleData name="SHAPE_Length">55.3926918209</SimpleData>
	</SchemaData></ExtendedData>
      <MultiGeometry><LineString><coordinates>144.147312224946,-35.1467403172739 144.147415556356,-35.1463423071635</coordinates></LineString></MultiGeometry>
  </Placemark>
  <Placemark>
	<name>NULL</name>
	<Style><LineStyle><color>FF0067ce</color><width>5.66928</width></LineStyle><PolyStyle><fill>0</fill></PolyStyle></Style>
	<ExtendedData><SchemaData schemaUrl="#tracks">
		<SimpleData name="fid">132</SimpleData>
		<SimpleData name="FType">0</SimpleData>
		<SimpleData name="Owner">DTE</SimpleData>
		<SimpleData name="Usage">Unknown</SimpleData>
		<SimpleData name="Status">Unknown</SimpleData>
		<SimpleData name="Surface">Unknown</SimpleData>
		<SimpleData name="Restriction">Staff</SimpleData>
		<SimpleData name="Lanes">0</SimpleData>
		<SimpleData name="GlobalID">{86571A7B-DC14-4B98-BD49-B0B8C590EE2C}</SimpleData>
		<SimpleData name="created_user">WELNIG</SimpleData>
		<SimpleData name="last_edited_user">WELNIG</SimpleData>
		<SimpleData name="VehicleTravel">Unknown</SimpleData>
		<SimpleData name="VehicleRequirement">Unknown</SimpleData>
		<SimpleData name="VehicleLimitation">Unknown</SimpleData>
		<SimpleData name="SHAPE_Length">169.190759054</SimpleData>
	</SchemaData></ExtendedData>
      <MultiGeometry></MultiGeometry>
  </Placemark>
  <Placemark>
	<name>NULL</name>
	<Style><LineStyle><color>FF0067ce</color><width>5.66928</width></LineStyle><PolyStyle><fill>0</fill></PolyStyle></Style>
	<ExtendedData><SchemaData schemaUrl="#tracks">
		<SimpleData name="fid">133</SimpleData>
		<SimpleData name="FType">0</SimpleData>
		<SimpleData name="Owner">DTE</SimpleData>
		<SimpleData name="Usage">Unknown</SimpleData>
		<SimpleData name="Status">Unknown</SimpleData>
		<SimpleData name="Surface">Unknown</SimpleData>
		<SimpleData name="Restriction">Staff</SimpleData>
		<SimpleData name="Lanes">0</SimpleData>
		<SimpleData name="GlobalID">{6B9D078D-8EEE-4E4E-AEF7-4250AC4ECF91}</SimpleData>
		<SimpleData name="created_user">WELNIG</SimpleData>
		<SimpleData name="last_edited_user">WELNIG</SimpleData>
		<SimpleData name="VehicleTravel">Unknown</SimpleData>
		<SimpleData name="VehicleRequirement">Unknown</SimpleData>
		<SimpleData name="VehicleLimitation">Unknown</SimpleData>
		<SimpleData name="SHAPE_Length">161.854677016</SimpleData>
	</SchemaData></ExtendedData>
      <MultiGeometry><LineString><coordinates>144.14487475961,-35.1465376258229 144.144734529001,-35.1465249932614 144.144313835377,-35.1464977845477 144.144033373261,-35.146453085023 144.143738650389,-35.1463967246858 144.143541376759,-35.1463423071635 144.143462942157,-35.146299551143</coordinates></LineString></MultiGeometry>
  </Placemark>
  <Placemark>
	<name>NULL</name>
	<Style><LineStyle><color>FF0067ce</color><width>5.66928</width></LineStyle><PolyStyle><fill>0</fill></PolyStyle></Style>
	<ExtendedData><SchemaData schemaUrl="#tracks">
		<SimpleData name="fid">134</SimpleData>
		<SimpleData name="FType">0</SimpleData>
		<SimpleData name="Owner">DTE</SimpleData>
		<SimpleData name="Usage">Unknown</SimpleData>
		<SimpleData name="Status">Unknown</SimpleData>
		<SimpleData name="Surface">Unknown</SimpleData>
		<SimpleData name="Restriction">Staff</SimpleData>
		<SimpleData name="Lanes">0</SimpleData>
		<SimpleData name="GlobalID">{38FBF4FA-4859-49CE-857B-5B28A81FDBBF}</SimpleData>
		<SimpleData name="created_user">WELNIG</SimpleData>
		<SimpleData name="last_edited_user">WELNIG</SimpleData>
		<SimpleData name="VehicleTravel">Unknown</SimpleData>
		<SimpleData name="VehicleRequirement">Unknown</SimpleData>
		<SimpleData name="VehicleLimitation">Unknown</SimpleData>
		<SimpleData name="SHAPE_Length">8.83316820086</SimpleData>
	</SchemaData></ExtendedData>
      <MultiGeometry><LineString><coordinates>144.143462942157,-35.146299551143 144.143414521166,-35.1462481488393</coordinates></LineString></MultiGeometry>
  </Placemark>
  <Placemark>
	<name>NULL</name>
	<Style><LineStyle><color>FF0067ce</color><width>5.66928</width></LineStyle><PolyStyle><fill>0</fill></PolyStyle></Style>
	<ExtendedData><SchemaData schemaUrl="#tracks">
		<SimpleData name="fid">135</SimpleData>
		<SimpleData name="FType">0</SimpleData>
		<SimpleData name="Owner">DTE</SimpleData>
		<SimpleData name="Usage">Unknown</SimpleData>
		<SimpleData name="Status">Unknown</SimpleData>
		<SimpleData name="Surface">Unknown</SimpleData>
		<SimpleData name="Restriction">Staff</SimpleData>
		<SimpleData name="Lanes">0</SimpleData>
		<SimpleData name="GlobalID">{7B979683-3054-4F0F-94D9-12AB5154A87F}</SimpleData>
		<SimpleData name="created_user">WELNIG</SimpleData>
		<SimpleData name="last_edited_user">WELNIG</SimpleData>
		<SimpleData name="VehicleTravel">Unknown</SimpleData>
		<SimpleData name="VehicleRequirement">Unknown</SimpleData>
		<SimpleData name="VehicleLimitation">Unknown</SimpleData>
		<SimpleData name="SHAPE_Length">0.359813977502</SimpleData>
	</SchemaData></ExtendedData>
      <MultiGeometry><LineString><coordinates>144.143414521166,-35.1462481488393 144.14341743081,-35.1462492998622</coordinates></LineString></MultiGeometry>
  </Placemark>
  <Placemark>
	<name>NULL</name>
	<Style><LineStyle><color>FF0067ce</color><width>5.66928</width></LineStyle><PolyStyle><fill>0</fill></PolyStyle></Style>
	<ExtendedData><SchemaData schemaUrl="#tracks">
		<SimpleData name="fid">136</SimpleData>
		<SimpleData name="FType">0</SimpleData>
		<SimpleData name="Owner">DTE</SimpleData>
		<SimpleData name="Usage">Unknown</SimpleData>
		<SimpleData name="Status">Unknown</SimpleData>
		<SimpleData name="Surface">Unknown</SimpleData>
		<SimpleData name="Restriction">Staff</SimpleData>
		<SimpleData name="Lanes">0</SimpleData>
		<SimpleData name="GlobalID">{00D43308-FB9E-40AB-8B65-4C0249987303}</SimpleData>
		<SimpleData name="created_user">WELNIG</SimpleData>
		<SimpleData name="last_edited_user">WELNIG</SimpleData>
		<SimpleData name="VehicleTravel">Unknown</SimpleData>
		<SimpleData name="VehicleRequirement">Unknown</SimpleData>
		<SimpleData name="VehicleLimitation">Unknown</SimpleData>
		<SimpleData name="SHAPE_Length">82.7448457617</SimpleData>
	</SchemaData></ExtendedData>
      <MultiGeometry><LineString><coordinates>144.140691467927,-35.145775638956 144.14065425342,-35.1459343920113 144.140639759103,-35.1460861063884 144.140612329944,-35.1461579694096 144.140555762132,-35.1461728364984 144.140470554232,-35.1461539852643 144.140366569747,-35.1461053983625</coordinates></LineString></MultiGeometry>
  </Placemark>
  <Placemark>
	<name>NULL</name>
	<Style><LineStyle><color>FF0067ce</color><width>5.66928</width></LineStyle><PolyStyle><fill>0</fill></PolyStyle></Style>
	<ExtendedData><SchemaData schemaUrl="#tracks">
		<SimpleData name="fid">137</SimpleData>
		<SimpleData name="FType">0</SimpleData>
		<SimpleData name="Owner">DTE</SimpleData>
		<SimpleData name="Usage">Unknown</SimpleData>
		<SimpleData name="Status">Unknown</SimpleData>
		<SimpleData name="Surface">Unknown</SimpleData>
		<SimpleData name="Restriction">Staff</SimpleData>
		<SimpleData name="Lanes">0</SimpleData>
		<SimpleData name="GlobalID">{91DEA118-BE61-440E-8745-5C1072891726}</SimpleData>
		<SimpleData name="created_user">WELNIG</SimpleData>
		<SimpleData name="last_edited_user">WELNIG</SimpleData>
		<SimpleData name="VehicleTravel">Unknown</SimpleData>
		<SimpleData name="VehicleRequirement">Unknown</SimpleData>
		<SimpleData name="VehicleLimitation">Unknown</SimpleData>
		<SimpleData name="SHAPE_Length">328.019002899</SimpleData>
	</SchemaData></ExtendedData>
      <MultiGeometry><LineString><coordinates>144.140691467927,-35.145775638956 144.140853813262,-35.1458673216836 144.141109318383,-35.1459377731083 144.141266781374,-35.145947490364 144.141442070534,-35.1458794688146 144.141614388067,-35.1458017292017 144.141780764142,-35.145758001096 144.142036269264,-35.1457750065141 144.142383875956,-35.1458697515507 144.142612642723,-35.1459207677242 144.143108799322,-35.1461272619577 144.143414521166,-35.1462481488393</coordinates></LineString></MultiGeometry>
  </Placemark>
  <Placemark>
	<name>NULL</name>
	<Style><LineStyle><color>FF0067ce</color><width>5.66928</width></LineStyle><PolyStyle><fill>0</fill></PolyStyle></Style>
	<ExtendedData><SchemaData schemaUrl="#tracks">
		<SimpleData name="fid">138</SimpleData>
		<SimpleData name="FType">0</SimpleData>
		<SimpleData name="Owner">DTE</SimpleData>
		<SimpleData name="Usage">Unknown</SimpleData>
		<SimpleData name="Status">Unknown</SimpleData>
		<SimpleData name="Surface">Unknown</SimpleData>
		<SimpleData name="Restriction">Staff</SimpleData>
		<SimpleData name="Lanes">0</SimpleData>
		<SimpleData name="GlobalID">{7DD98C11-AA8D-4B62-8F37-60C6853E8EEC}</SimpleData>
		<SimpleData name="created_user">WELNIG</SimpleData>
		<SimpleData name="last_edited_user">WELNIG</SimpleData>
		<SimpleData name="VehicleTravel">Unknown</SimpleData>
		<SimpleData name="VehicleRequirement">Unknown</SimpleData>
		<SimpleData name="VehicleLimitation">Unknown</SimpleData>
		<SimpleData name="SHAPE_Length">220.31405858</SimpleData>
	</SchemaData></ExtendedData>
      <MultiGeometry><LineString><coordinates>144.140411681344,-35.1447984757717 144.140214632293,-35.1449532861948 144.140048257116,-35.1450941898309 144.139841164002,-35.1454260865911 144.139513165735,-35.1456126619576 144.139056820673,-35.1459449973287</coordinates></LineString></MultiGeometry>
  </Placemark>
  <Placemark>
	<name>NULL</name>
	<Style><LineStyle><color>FF0067ce</color><width>5.66928</width></LineStyle><PolyStyle><fill>0</fill></PolyStyle></Style>
	<ExtendedData><SchemaData schemaUrl="#tracks">
		<SimpleData name="fid">139</SimpleData>
		<SimpleData name="FType">0</SimpleData>
		<SimpleData name="Owner">DTE</SimpleData>
		<SimpleData name="Usage">Unknown</SimpleData>
		<SimpleData name="Status">Unknown</SimpleData>
		<SimpleData name="Surface">Unknown</SimpleData>
		<SimpleData name="Restriction">Staff</SimpleData>
		<SimpleData name="Lanes">0</SimpleData>
		<SimpleData name="GlobalID">{C40E9D8A-E3DA-4838-A489-EE15CD0161F2}</SimpleData>
		<SimpleData name="created_user">WELNIG</SimpleData>
		<SimpleData name="last_edited_user">WELNIG</SimpleData>
		<SimpleData name="VehicleTravel">Unknown</SimpleData>
		<SimpleData name="VehicleRequirement">Unknown</SimpleData>
		<SimpleData name="VehicleLimitation">Unknown</SimpleData>
		<SimpleData name="SHAPE_Length">142.8750921</SimpleData>
	</SchemaData></ExtendedData>
      <MultiGeometry><LineString><coordinates>144.140411681344,-35.1447984757717 144.140385790999,-35.1449781000551 144.140408282119,-35.1451519232079 144.140470910864,-35.1454360624684 144.140519397431,-35.1455682197722 144.14067034584,-35.1456696912733 144.140691467927,-35.145775638956</coordinates></LineString></MultiGeometry>
  </Placemark>
  <Placemark>
	<name>NULL</name>
	<Style><LineStyle><color>FF0067ce</color><width>5.66928</width></LineStyle><PolyStyle><fill>0</fill></PolyStyle></Style>
	<ExtendedData><SchemaData schemaUrl="#tracks">
		<SimpleData name="fid">140</SimpleData>
		<SimpleData name="FType">0</SimpleData>
		<SimpleData name="Owner">DTE</SimpleData>
		<SimpleData name="Usage">Unknown</SimpleData>
		<SimpleData name="Status">Unknown</SimpleData>
		<SimpleData name="Surface">Unknown</SimpleData>
		<SimpleData name="Restriction">Staff</SimpleData>
		<SimpleData name="Lanes">0</SimpleData>
		<SimpleData name="GlobalID">{8A93238F-D9A5-4922-B6BC-CE08E420C212}</SimpleData>
		<SimpleData name="created_user">WELNIG</SimpleData>
		<SimpleData name="last_edited_user">WELNIG</SimpleData>
		<SimpleData name="VehicleTravel">Unknown</SimpleData>
		<SimpleData name="VehicleRequirement">Unknown</SimpleData>
		<SimpleData name="VehicleLimitation">Unknown</SimpleData>
		<SimpleData name="SHAPE_Length">33.3985290183</SimpleData>
	</SchemaData></ExtendedData>
      <MultiGeometry><LineString><coordinates>144.140639333301,-35.1446398909171 144.140522657417,-35.1447082866556 144.140411681344,-35.1447984757717</coordinates></LineString></MultiGeometry>
  </Placemark>
  <Placemark>
	<name>NULL</name>
	<Style><LineStyle><color>FF0067ce</color><width>5.66928</width></LineStyle><PolyStyle><fill>0</fill></PolyStyle></Style>
	<ExtendedData><SchemaData schemaUrl="#tracks">
		<SimpleData name="fid">141</SimpleData>
		<SimpleData name="FType">0</SimpleData>
		<SimpleData name="Owner">DTE</SimpleData>
		<SimpleData name="Usage">Unknown</SimpleData>
		<SimpleData name="Status">Unknown</SimpleData>
		<SimpleData name="Surface">Unknown</SimpleData>
		<SimpleData name="Restriction">Staff</SimpleData>
		<SimpleData name="Lanes">0</SimpleData>
		<SimpleData name="GlobalID">{DCB112AC-3F44-4484-80F2-3907533F590C}</SimpleData>
		<SimpleData name="created_user">WELNIG</SimpleData>
		<SimpleData name="last_edited_user">WELNIG</SimpleData>
		<SimpleData name="VehicleTravel">Unknown</SimpleData>
		<SimpleData name="VehicleRequirement">Unknown</SimpleData>
		<SimpleData name="VehicleLimitation">Unknown</SimpleData>
		<SimpleData name="SHAPE_Length">27.4423539508</SimpleData>
	</SchemaData></ExtendedData>
      <MultiGeometry><LineString><coordinates>144.140411681344,-35.1447984757717 144.140374968096,-35.1446700649098 144.140318341894,-35.1446179608125</coordinates></LineString></MultiGeometry>
  </Placemark>
  <Placemark>
	<name>NULL</name>
	<Style><LineStyle><color>FF0067ce</color><width>5.66928</width></LineStyle><PolyStyle><fill>0</fill></PolyStyle></Style>
	<ExtendedData><SchemaData schemaUrl="#tracks">
		<SimpleData name="fid">142</SimpleData>
		<SimpleData name="FType">0</SimpleData>
		<SimpleData name="Owner">DTE</SimpleData>
		<SimpleData name="Usage">Unknown</SimpleData>
		<SimpleData name="Status">Unknown</SimpleData>
		<SimpleData name="Surface">Unknown</SimpleData>
		<SimpleData name="Restriction">Staff</SimpleData>
		<SimpleData name="Lanes">0</SimpleData>
		<SimpleData name="GlobalID">{15FC06B5-13D9-4A72-81D8-7884A0ACE2B5}</SimpleData>
		<SimpleData name="created_user">WELNIG</SimpleData>
		<SimpleData name="last_edited_user">WELNIG</SimpleData>
		<SimpleData name="VehicleTravel">Unknown</SimpleData>
		<SimpleData name="VehicleRequirement">Unknown</SimpleData>
		<SimpleData name="VehicleLimitation">Unknown</SimpleData>
		<SimpleData name="SHAPE_Length">37.9524030373</SimpleData>
	</SchemaData></ExtendedData>
      <MultiGeometry><LineString><coordinates>144.140639333301,-35.1446398909171 144.140467167584,-35.1446739066243 144.140419631434,-35.1446569009761 144.140318341894,-35.1446179608125</coordinates></LineString></MultiGeometry>
  </Placemark>
  <Placemark>
	<name>NULL</name>
	<Style><LineStyle><color>FF0067ce</color><width>5.66928</width></LineStyle><PolyStyle><fill>0</fill></PolyStyle></Style>
	<ExtendedData><SchemaData schemaUrl="#tracks">
		<SimpleData name="fid">143</SimpleData>
		<SimpleData name="FType">0</SimpleData>
		<SimpleData name="Owner">DTE</SimpleData>
		<SimpleData name="Usage">Unknown</SimpleData>
		<SimpleData name="Status">Unknown</SimpleData>
		<SimpleData name="Surface">Unknown</SimpleData>
		<SimpleData name="Restriction">Staff</SimpleData>
		<SimpleData name="Lanes">0</SimpleData>
		<SimpleData name="GlobalID">{E196C66B-44F7-4BC5-A824-2D3B8B928C72}</SimpleData>
		<SimpleData name="created_user">WELNIG</SimpleData>
		<SimpleData name="last_edited_user">WELNIG</SimpleData>
		<SimpleData name="VehicleTravel">Unknown</SimpleData>
		<SimpleData name="VehicleRequirement">Unknown</SimpleData>
		<SimpleData name="VehicleLimitation">Unknown</SimpleData>
		<SimpleData name="SHAPE_Length">353.38532181</SimpleData>
	</SchemaData></ExtendedData>
      <MultiGeometry><LineString><coordinates>144.143414521166,-35.1462481488393 144.143327464534,-35.1461557342042 144.143234769176,-35.1459691600827 144.143168219285,-35.145879760428 144.143068393999,-35.1457845298698 144.142947177131,-35.1456601466023 144.142766540301,-35.1455143849254 144.142550252032,-35.1454385885739 144.142293557541,-35.1453511319487 144.142063008516,-35.1452500699283 144.141749271005,-35.1450770983283 144.141511051267,-35.1449107938829 144.141340982217,-35.1447412276833 144.141240734723,-35.1446031779133 144.141137133818,-35.1445463491182</coordinates></LineString></MultiGeometry>
  </Placemark>
  <Placemark>
	<name>NULL</name>
	<Style><LineStyle><color>FF0067ce</color><width>5.66928</width></LineStyle><PolyStyle><fill>0</fill></PolyStyle></Style>
	<ExtendedData><SchemaData schemaUrl="#tracks">
		<SimpleData name="fid">144</SimpleData>
		<SimpleData name="FType">0</SimpleData>
		<SimpleData name="Owner">DTE</SimpleData>
		<SimpleData name="Usage">Unknown</SimpleData>
		<SimpleData name="Status">Unknown</SimpleData>
		<SimpleData name="Surface">Unknown</SimpleData>
		<SimpleData name="Restriction">Staff</SimpleData>
		<SimpleData name="Lanes">0</SimpleData>
		<SimpleData name="GlobalID">{12972247-EC0A-4691-AA27-1B22749C414A}</SimpleData>
		<SimpleData name="created_user">WELNIG</SimpleData>
		<SimpleData name="last_edited_user">WELNIG</SimpleData>
		<SimpleData name="VehicleTravel">Unknown</SimpleData>
		<SimpleData name="VehicleRequirement">Unknown</SimpleData>
		<SimpleData name="VehicleLimitation">Unknown</SimpleData>
		<SimpleData name="SHAPE_Length">58.3884111766</SimpleData>
	</SchemaData></ExtendedData>
      <MultiGeometry><LineString><coordinates>144.141137133818,-35.1445463491182 144.141025431007,-35.1445270244541 144.140850586513,-35.144585016062 144.140639333301,-35.1446398909171</coordinates></LineString></MultiGeometry>
  </Placemark>
  <Placemark>
	<name>NULL</name>
	<Style><LineStyle><color>FF0067ce</color><width>5.66928</width></LineStyle><PolyStyle><fill>0</fill></PolyStyle></Style>
	<ExtendedData><SchemaData schemaUrl="#tracks">
		<SimpleData name="fid">145</SimpleData>
		<SimpleData name="FType">0</SimpleData>
		<SimpleData name="Owner">DTE</SimpleData>
		<SimpleData name="Usage">Unknown</SimpleData>
		<SimpleData name="Status">Unknown</SimpleData>
		<SimpleData name="Surface">Unknown</SimpleData>
		<SimpleData name="Restriction">Staff</SimpleData>
		<SimpleData name="Lanes">0</SimpleData>
		<SimpleData name="GlobalID">{E5C2AA88-3962-4CEE-A290-C224087A523C}</SimpleData>
		<SimpleData name="created_user">WELNIG</SimpleData>
		<SimpleData name="last_edited_user">WELNIG</SimpleData>
		<SimpleData name="VehicleTravel">Unknown</SimpleData>
		<SimpleData name="VehicleRequirement">Unknown</SimpleData>
		<SimpleData name="VehicleLimitation">Unknown</SimpleData>
		<SimpleData name="SHAPE_Length">122.388425819</SimpleData>
	</SchemaData></ExtendedData>
      <MultiGeometry><LineString><coordinates>144.141137133818,-35.1445463491182 144.141272922258,-35.1443406610893 144.141486492225,-35.1441011857904 144.141528737298,-35.1440129241201 144.141584262165,-35.1439110759276 144.14178103184,-35.143887699277</coordinates></LineString></MultiGeometry>
  </Placemark>
  <Placemark>
	<name>NULL</name>
	<Style><LineStyle><color>FF0067ce</color><width>5.66928</width></LineStyle><PolyStyle><fill>0</fill></PolyStyle></Style>
	<ExtendedData><SchemaData schemaUrl="#tracks">
		<SimpleData name="fid">146</SimpleData>
		<SimpleData name="FType">0</SimpleData>
		<SimpleData name="Owner">DTE</SimpleData>
		<SimpleData name="Usage">Unknown</SimpleData>
		<SimpleData name="Status">Unknown</SimpleData>
		<SimpleData name="Surface">Unknown</SimpleData>
		<SimpleData name="Restriction">Staff</SimpleData>
		<SimpleData name="Lanes">0</SimpleData>
		<SimpleData name="GlobalID">{CE4A9259-B806-4BAC-B9DC-7B90190AF7E6}</SimpleData>
		<SimpleData name="created_user">WELNIG</SimpleData>
		<SimpleData name="last_edited_user">WELNIG</SimpleData>
		<SimpleData name="VehicleTravel">Unknown</SimpleData>
		<SimpleData name="VehicleRequirement">Unknown</SimpleData>
		<SimpleData name="VehicleLimitation">Unknown</SimpleData>
		<SimpleData name="SHAPE_Length">96.8538509829</SimpleData>
	</SchemaData></ExtendedData>
      <MultiGeometry><LineString><coordinates>144.14178103184,-35.143887699277 144.142081858764,-35.1438821673015 144.142393561591,-35.1438702615429 144.142631241443,-35.1437900908163</coordinates></LineString></MultiGeometry>
  </Placemark>
  <Placemark>
	<name>NULL</name>
	<Style><LineStyle><color>FF0067ce</color><width>5.66928</width></LineStyle><PolyStyle><fill>0</fill></PolyStyle></Style>
	<ExtendedData><SchemaData schemaUrl="#tracks">
		<SimpleData name="fid">147</SimpleData>
		<SimpleData name="FType">0</SimpleData>
		<SimpleData name="Owner">DTE</SimpleData>
		<SimpleData name="Usage">Unknown</SimpleData>
		<SimpleData name="Status">Unknown</SimpleData>
		<SimpleData name="Surface">Unknown</SimpleData>
		<SimpleData name="Restriction">Staff</SimpleData>
		<SimpleData name="Lanes">0</SimpleData>
		<SimpleData name="GlobalID">{5F49D9C4-9051-45A2-8BD8-B150ABEDD213}</SimpleData>
		<SimpleData name="created_user">WELNIG</SimpleData>
		<SimpleData name="last_edited_user">WELNIG</SimpleData>
		<SimpleData name="VehicleTravel">Unknown</SimpleData>
		<SimpleData name="VehicleRequirement">Unknown</SimpleData>
		<SimpleData name="VehicleLimitation">Unknown</SimpleData>
		<SimpleData name="SHAPE_Length">410.030465166</SimpleData>
	</SchemaData></ExtendedData>
      <MultiGeometry><LineString><coordinates>144.148891720134,-35.1436063033459 144.148672881547,-35.1439809568236 144.148378158676,-35.1445815048927 144.148235551124,-35.1449799232098 144.148073928933,-35.1453958320786 144.14793845131,-35.1456815247834 144.147810104514,-35.145885590492 144.147679380776,-35.1460779948553 144.14754152621,-35.1462354163355 144.147415556356,-35.1463423071635</coordinates></LineString></MultiGeometry>
  </Placemark>
  <Placemark>
	<name>Friendship Drive</name>
	<Style><LineStyle><color>FF0067ce</color><width>5.66928</width></LineStyle><PolyStyle><fill>0</fill></PolyStyle></Style>
	<ExtendedData><SchemaData schemaUrl="#tracks">
		<SimpleData name="fid">148</SimpleData>
		<SimpleData name="FType">0</SimpleData>
		<SimpleData name="Owner">DTE</SimpleData>
		<SimpleData name="Usage">Unknown</SimpleData>
		<SimpleData name="Status">Unknown</SimpleData>
		<SimpleData name="Surface">Unknown</SimpleData>
		<SimpleData name="Restriction">Staff</SimpleData>
		<SimpleData name="Lanes">0</SimpleData>
		<SimpleData name="GlobalID">{7898ECB8-AFB5-48CF-BD49-9FF9AB589455}</SimpleData>
		<SimpleData name="created_user">WELNIG</SimpleData>
		<SimpleData name="last_edited_user">WELNIG</SimpleData>
		<SimpleData name="VehicleTravel">Unknown</SimpleData>
		<SimpleData name="VehicleRequirement">Unknown</SimpleData>
		<SimpleData name="VehicleLimitation">Unknown</SimpleData>
		<SimpleData name="SHAPE_Length">998.092409705</SimpleData>
	</SchemaData></ExtendedData>
      <MultiGeometry><LineString><coordinates>144.148891720134,-35.1436063033459 144.149064037666,-35.1436646100026 144.14924823991,-35.14369862171 144.149485918863,-35.1437180567551 144.149788961033,-35.1437472100486 144.150062292322,-35.143771504207 144.150252436024,-35.1437909392347 144.150430695912,-35.1438006567468 144.150593832455,-35.1438365803578 144.15072069106,-35.1439120867459 144.150775717908,-35.1440390958785 144.150793158044,-35.1441796446907 144.150727795726,-35.1444080081335 144.1506089558,-35.1446995351892 144.15054359438,-35.1448793095396 144.150454464436,-35.1451076710192 144.150341565968,-35.1453700428671 144.150228668398,-35.1456081202661 144.150145480809,-35.1458073278902 144.150062292322,-35.1459482300478 144.149961278565,-35.1461182844056 144.149818671014,-35.1463660768216 144.149693888733,-35.1465749997713 144.149592874976,-35.1467790632396 144.14947403505,-35.1470414296992 144.149384905106,-35.1472795022088 144.149307659873,-35.1475078569537 144.149206645218,-35.1477605040256 144.149147225255,-35.1479791404087 144.149064037666,-35.1482123520502 144.148826357815,-35.1489314160303 144.148689692619,-35.1493735407079</coordinates></LineString></MultiGeometry>
  </Placemark>
  <Placemark>
	<name>NULL</name>
	<Style><LineStyle><color>FF0067ce</color><width>5.66928</width></LineStyle><PolyStyle><fill>0</fill></PolyStyle></Style>
	<ExtendedData><SchemaData schemaUrl="#tracks">
		<SimpleData name="fid">149</SimpleData>
		<SimpleData name="FType">0</SimpleData>
		<SimpleData name="Owner">DTE</SimpleData>
		<SimpleData name="Usage">Unknown</SimpleData>
		<SimpleData name="Status">Unknown</SimpleData>
		<SimpleData name="Surface">Unknown</SimpleData>
		<SimpleData name="Restriction">Staff</SimpleData>
		<SimpleData name="Lanes">0</SimpleData>
		<SimpleData name="GlobalID">{0D7605AA-D788-42AC-AA0D-91B99E019CDC}</SimpleData>
		<SimpleData name="created_user">WELNIG</SimpleData>
		<SimpleData name="last_edited_user">WELNIG</SimpleData>
		<SimpleData name="VehicleTravel">Unknown</SimpleData>
		<SimpleData name="VehicleRequirement">Unknown</SimpleData>
		<SimpleData name="VehicleLimitation">Unknown</SimpleData>
		<SimpleData name="SHAPE_Length">277.833988116</SimpleData>
	</SchemaData></ExtendedData>
      <MultiGeometry><LineString><coordinates>144.14178103184,-35.143887699277 144.141507935011,-35.1437759622611 144.141278605,-35.1436821322554 144.141146083733,-35.1436704394907 144.14104413483,-35.1436697585512 144.140962531869,-35.1436679236141 144.140932750023,-35.143615844585 144.140869731409,-35.1433726575995 144.140828680197,-35.143242040789 144.140809820966,-35.1429974570064 144.140751567016,-35.1428797753658 144.140745782764,-35.1427375339152 144.1407476297,-35.1425680865961 144.140771397326,-35.1423980248204 144.140787022622,-35.1423748622308</coordinates></LineString></MultiGeometry>
  </Placemark>
  <Placemark>
	<name>NULL</name>
	<Style><LineStyle><color>FF0067ce</color><width>5.66928</width></LineStyle><PolyStyle><fill>0</fill></PolyStyle></Style>
	<ExtendedData><SchemaData schemaUrl="#tracks">
		<SimpleData name="fid">150</SimpleData>
		<SimpleData name="FType">0</SimpleData>
		<SimpleData name="Owner">DTE</SimpleData>
		<SimpleData name="Usage">Unknown</SimpleData>
		<SimpleData name="Status">Unknown</SimpleData>
		<SimpleData name="Surface">Unknown</SimpleData>
		<SimpleData name="Restriction">Staff</SimpleData>
		<SimpleData name="Lanes">0</SimpleData>
		<SimpleData name="GlobalID">{2799B2F5-0939-4A6B-9456-40F0355BF43D}</SimpleData>
		<SimpleData name="created_user">WELNIG</SimpleData>
		<SimpleData name="last_edited_user">WELNIG</SimpleData>
		<SimpleData name="VehicleTravel">Unknown</SimpleData>
		<SimpleData name="VehicleRequirement">Unknown</SimpleData>
		<SimpleData name="VehicleLimitation">Unknown</SimpleData>
		<SimpleData name="SHAPE_Length">964.702032287</SimpleData>
	</SchemaData></ExtendedData>
      <MultiGeometry><LineString><coordinates>144.140787022622,-35.1423748622308 144.140805295253,-35.1423477748036 144.140968232578,-35.1422703183017 144.141101201206,-35.1422442871591 144.141197064922,-35.1422702426405 144.141341134931,-35.1423550529666 144.141398277664,-35.1424247493515 144.141624073702,-35.1424709084821 144.142081607236,-35.1425632281339 144.142277692395,-35.1425850926807 144.142450009927,-35.1425875226457 144.142607068677,-35.1425017510057 144.142757775439,-35.1424261457761 144.142873528753,-35.1424407307358 144.143074833123,-35.14255478055 144.14321624861,-35.1426063210822 144.143396895322,-35.1426907630379 144.143591691398,-35.1428045891924 144.143769387145,-35.1427672899079 144.143908694286,-35.1427280623575 144.144105849338,-35.1427647710651 144.144234918379,-35.1428730687449 144.144370033981,-35.1430881489935 144.144337931786,-35.1432870513296 144.144306883315,-35.1434062426466 144.144390070904,-35.1435374314187 144.144575255905,-35.1436642294992 144.144712434937,-35.1438212303373 144.144829778269,-35.1440427494296 144.144924850569,-35.1441982312068 144.144954085341,-35.1443725922512 144.144902117802,-35.1445763556672 144.144909996925,-35.144687248317 144.145027761568,-35.1448665371558 144.145068916984,-35.1451614958514 144.145067575799,-35.1452910812145 144.144990601858,-35.1454834789033 144.14494209912,-35.1456192317274 144.144951487414,-35.1457247600512 144.145070594139,-35.145897847067 144.145275699281,-35.1461332940025 144.145551464107,-35.1463459431283 144.145582208948,-35.1463695739577</coordinates></LineString></MultiGeometry>
  </Placemark>
  <Placemark>
	<name>NULL</name>
	<Style><LineStyle><color>FF0067ce</color><width>5.66928</width></LineStyle><PolyStyle><fill>0</fill></PolyStyle></Style>
	<ExtendedData><SchemaData schemaUrl="#tracks">
		<SimpleData name="fid">151</SimpleData>
		<SimpleData name="FType">0</SimpleData>
		<SimpleData name="Owner">DTE</SimpleData>
		<SimpleData name="Usage">Unknown</SimpleData>
		<SimpleData name="Status">Unknown</SimpleData>
		<SimpleData name="Surface">Unknown</SimpleData>
		<SimpleData name="Restriction">Staff</SimpleData>
		<SimpleData name="Lanes">0</SimpleData>
		<SimpleData name="GlobalID">{AC47337C-E063-4A35-9EA5-6843C5BC8EBA}</SimpleData>
		<SimpleData name="created_user">WELNIG</SimpleData>
		<SimpleData name="last_edited_user">WELNIG</SimpleData>
		<SimpleData name="VehicleTravel">Unknown</SimpleData>
		<SimpleData name="VehicleRequirement">Unknown</SimpleData>
		<SimpleData name="VehicleLimitation">Unknown</SimpleData>
		<SimpleData name="SHAPE_Length">511.302463509</SimpleData>
	</SchemaData></ExtendedData>
      <MultiGeometry><LineString><coordinates>144.140318341894,-35.1446179608125 144.140243931744,-35.1445433984125 144.140177672907,-35.1444949097141 144.139885461725,-35.1444671391214 144.139589772266,-35.1444519580658 144.13947259602,-35.144433785897 144.139353400362,-35.1443858781671 144.139294812239,-35.1443280583036 144.139264507573,-35.1442338954454 144.139310973829,-35.1441248635487 144.139538119137,-35.1438527459416 144.13961114678,-35.1437017678399 144.139696846956,-35.1435119714375 144.139836377778,-35.1433688518172 144.139977665704,-35.1432757338713 144.140022593146,-35.1431849598217 144.139949382247,-35.1430328881784 144.139910996337,-35.1429370710413 144.139894922782,-35.1428102755009 144.139951402558,-35.1426727476742 144.140066558493,-35.1424893727147 144.140185754151,-35.142340689833 144.140304109885,-35.1422574397297 144.140416066021,-35.1422266999541 144.140515059467,-35.1422415677611 144.140787022622,-35.1423748622308</coordinates></LineString></MultiGeometry>
  </Placemark>
  <Placemark>
	<name>NULL</name>
	<Style><LineStyle><color>FF0067ce</color><width>5.66928</width></LineStyle><PolyStyle><fill>0</fill></PolyStyle></Style>
	<ExtendedData><SchemaData schemaUrl="#tracks">
		<SimpleData name="fid">152</SimpleData>
		<SimpleData name="FType">0</SimpleData>
		<SimpleData name="Owner">DTE</SimpleData>
		<SimpleData name="Usage">Unknown</SimpleData>
		<SimpleData name="Status">Unknown</SimpleData>
		<SimpleData name="Surface">Unknown</SimpleData>
		<SimpleData name="Restriction">Staff</SimpleData>
		<SimpleData name="Lanes">0</SimpleData>
		<SimpleData name="GlobalID">{8A9A9782-61E4-4905-87E0-69665EA5712F}</SimpleData>
		<SimpleData name="created_user">WELNIG</SimpleData>
		<SimpleData name="last_edited_user">WELNIG</SimpleData>
		<SimpleData name="VehicleTravel">Unknown</SimpleData>
		<SimpleData name="VehicleRequirement">Unknown</SimpleData>
		<SimpleData name="VehicleLimitation">Unknown</SimpleData>
		<SimpleData name="SHAPE_Length">565.736381095</SimpleData>
	</SchemaData></ExtendedData>
      <MultiGeometry><LineString><coordinates>144.14542729807,-35.1406142885317 144.145576087827,-35.1407395382449 144.145831593847,-35.1409824884801 144.146021737548,-35.1412060023499 144.146217822707,-35.141390642949 144.146396082595,-35.1415169764451 144.146663472428,-35.1416918985761 144.146901152279,-35.1418425263388 144.147180425924,-35.1420708963389 144.147429989588,-35.1422944064854 144.147721147046,-35.1425324936158 144.147850104925,-35.1427439949392 144.147998628424,-35.1428731964786 144.148107376804,-35.1429989467114 144.148214332917,-35.143139853731 144.148362882824,-35.1432661845122 144.148600562675,-35.143436244474 144.148808531647,-35.14355285652 144.148891720134,-35.1436063033459</coordinates></LineString></MultiGeometry>
  </Placemark>
  <Placemark>
	<name>NULL</name>
	<Style><LineStyle><color>FF0067ce</color><width>5.66928</width></LineStyle><PolyStyle><fill>0</fill></PolyStyle></Style>
	<ExtendedData><SchemaData schemaUrl="#tracks">
		<SimpleData name="fid">153</SimpleData>
		<SimpleData name="FType">0</SimpleData>
		<SimpleData name="Owner">DTE</SimpleData>
		<SimpleData name="Usage">Unknown</SimpleData>
		<SimpleData name="Status">Unknown</SimpleData>
		<SimpleData name="Surface">Unknown</SimpleData>
		<SimpleData name="Restriction">Staff</SimpleData>
		<SimpleData name="Lanes">0</SimpleData>
		<SimpleData name="GlobalID">{8BC5350E-DC3B-4CAF-8B38-377A63BD1834}</SimpleData>
		<SimpleData name="created_user">WELNIG</SimpleData>
		<SimpleData name="last_edited_user">WELNIG</SimpleData>
		<SimpleData name="VehicleTravel">Unknown</SimpleData>
		<SimpleData name="VehicleRequirement">Unknown</SimpleData>
		<SimpleData name="VehicleLimitation">Unknown</SimpleData>
		<SimpleData name="SHAPE_Length">57.1894042993</SimpleData>
	</SchemaData></ExtendedData>
      <MultiGeometry><LineString><coordinates>144.145059134331,-35.1403216625849 144.145189858069,-35.1404334205038 144.145374060313,-35.1405694733834 144.14542729807,-35.1406142885317</coordinates></LineString></MultiGeometry>
  </Placemark>
  <Placemark>
	<name>NULL</name>
	<Style><LineStyle><color>FF0067ce</color><width>5.66928</width></LineStyle><PolyStyle><fill>0</fill></PolyStyle></Style>
	<ExtendedData><SchemaData schemaUrl="#tracks">
		<SimpleData name="fid">154</SimpleData>
		<SimpleData name="FType">0</SimpleData>
		<SimpleData name="Owner">DTE</SimpleData>
		<SimpleData name="Usage">Unknown</SimpleData>
		<SimpleData name="Status">Unknown</SimpleData>
		<SimpleData name="Surface">Unknown</SimpleData>
		<SimpleData name="Restriction">Staff</SimpleData>
		<SimpleData name="Lanes">0</SimpleData>
		<SimpleData name="GlobalID">{83E9E3D3-ED63-455C-9AC3-AD54983C3C89}</SimpleData>
		<SimpleData name="created_user">WELNIG</SimpleData>
		<SimpleData name="last_edited_user">WELNIG</SimpleData>
		<SimpleData name="VehicleTravel">Unknown</SimpleData>
		<SimpleData name="VehicleRequirement">Unknown</SimpleData>
		<SimpleData name="VehicleLimitation">Unknown</SimpleData>
		<SimpleData name="SHAPE_Length">346.485333407</SimpleData>
	</SchemaData></ExtendedData>
      <MultiGeometry><LineString><coordinates>144.14338938361,-35.138236317448 144.143409133071,-35.1382829711432 144.14349586092,-35.1384390942177 144.143594854366,-35.1385217003011 144.143828048929,-35.1386986740155 144.143977341743,-35.138846822145 144.144169999829,-35.1392411261097 144.144251556077,-35.1394821032731 144.144331865463,-35.1396606462062 144.144427031188,-35.1397845890685 144.144740166828,-35.1400503248911 144.145059134331,-35.1403216625849</coordinates></LineString></MultiGeometry>
  </Placemark>
  <Placemark>
	<name>NULL</name>
	<Style><LineStyle><color>ff0000ff</color></LineStyle><PolyStyle><fill>0</fill></PolyStyle></Style>
	<ExtendedData><SchemaData schemaUrl="#tracks">
		<SimpleData name="fid">155</SimpleData>
		<SimpleData name="FType">0</SimpleData>
		<SimpleData name="Owner">DTE</SimpleData>
		<SimpleData name="Usage">Disused</SimpleData>
		<SimpleData name="Status">Unknown</SimpleData>
		<SimpleData name="Surface">Unknown</SimpleData>
		<SimpleData name="Restriction">Staff</SimpleData>
		<SimpleData name="Lanes">0</SimpleData>
		<SimpleData name="GlobalID">{34D965B8-0E4B-43DD-AD3D-75BDA4FB56A3}</SimpleData>
		<SimpleData name="created_user">WELNIG</SimpleData>
		<SimpleData name="last_edited_user">WELNIG</SimpleData>
		<SimpleData name="VehicleTravel">Unknown</SimpleData>
		<SimpleData name="VehicleRequirement">Unknown</SimpleData>
		<SimpleData name="VehicleLimitation">Unknown</SimpleData>
		<SimpleData name="SHAPE_Length">1211.68097263</SimpleData>
	</SchemaData></ExtendedData>
      <MultiGeometry><LineString><coordinates>144.154101248994,-35.1360124372816 144.149161372822,-35.1372721994967 144.149033026026,-35.1373421720428 144.14896172225,-35.1374762862886 144.148861896066,-35.137592906873 144.148658680081,-35.1377357670448 144.148444768754,-35.1378990352958 144.148352073396,-35.1380302336784 144.148237987355,-35.1381293601439 144.147977727451,-35.1382809663895 144.147885032992,-35.1383830082176 144.147856511482,-35.1385083744937 144.147817293731,-35.1385900078854 144.147778076879,-35.1386599792988 144.147681816108,-35.1386745568526 144.147528513215,-35.1387124581867 144.147400166419,-35.1387999226798 144.147268254209,-35.1389077951558 144.147143471928,-35.1391002160141 144.147122080346,-35.1392168342721 144.146975907382,-35.1393538610628 144.146708518447,-35.1396395749753 144.146437563202,-35.13993111911 144.146184434124,-35.1401730998901 144.145884957368,-35.1403859254639 144.145773595917,-35.1404688601378 144.14542729807,-35.1406142885317</coordinates></LineString></MultiGeometry>
  </Placemark>
  <Placemark>
	<name>NULL</name>
	<Style><LineStyle><color>FF0067ce</color><width>5.66928</width></LineStyle><PolyStyle><fill>0</fill></PolyStyle></Style>
	<ExtendedData><SchemaData schemaUrl="#tracks">
		<SimpleData name="fid">156</SimpleData>
		<SimpleData name="FType">0</SimpleData>
		<SimpleData name="Owner">DTE</SimpleData>
		<SimpleData name="Usage">Unknown</SimpleData>
		<SimpleData name="Status">Unknown</SimpleData>
		<SimpleData name="Surface">Unknown</SimpleData>
		<SimpleData name="Restriction">Staff</SimpleData>
		<SimpleData name="Lanes">0</SimpleData>
		<SimpleData name="GlobalID">{F56BC296-977A-42C5-A67E-D1E41E751756}</SimpleData>
		<SimpleData name="created_user">WELNIG</SimpleData>
		<SimpleData name="last_edited_user">WELNIG</SimpleData>
		<SimpleData name="VehicleTravel">Unknown</SimpleData>
		<SimpleData name="VehicleRequirement">Unknown</SimpleData>
		<SimpleData name="VehicleLimitation">Unknown</SimpleData>
		<SimpleData name="SHAPE_Length">1189.8709955</SimpleData>
	</SchemaData></ExtendedData>
      <MultiGeometry></MultiGeometry>
  </Placemark>
  <Placemark>
	<name>NULL</name>
	<Style><LineStyle><color>FF0067ce</color><width>5.66928</width></LineStyle><PolyStyle><fill>0</fill></PolyStyle></Style>
	<ExtendedData><SchemaData schemaUrl="#tracks">
		<SimpleData name="fid">157</SimpleData>
		<SimpleData name="FType">0</SimpleData>
		<SimpleData name="Owner">DTE</SimpleData>
		<SimpleData name="Usage">Unknown</SimpleData>
		<SimpleData name="Status">Unknown</SimpleData>
		<SimpleData name="Surface">Unknown</SimpleData>
		<SimpleData name="Restriction">Staff</SimpleData>
		<SimpleData name="Lanes">0</SimpleData>
		<SimpleData name="GlobalID">{B3DCCC16-3757-4498-97AC-838011A75A73}</SimpleData>
		<SimpleData name="created_user">WELNIG</SimpleData>
		<SimpleData name="last_edited_user">WELNIG</SimpleData>
		<SimpleData name="VehicleTravel">Unknown</SimpleData>
		<SimpleData name="VehicleRequirement">Unknown</SimpleData>
		<SimpleData name="VehicleLimitation">Unknown</SimpleData>
		<SimpleData name="SHAPE_Length">1842.48076081</SimpleData>
	</SchemaData></ExtendedData>
      <MultiGeometry><LineString><coordinates>144.149955520364,-35.1483225221192 144.150172997105,-35.1480076869287 144.150589517603,-35.1469187447947 144.150774918117,-35.146403583019 144.150676878317,-35.1458854332999 144.150800471229,-35.1454500923062 144.150971601189,-35.1451469069719 144.151420932347,-35.144749427404 144.151779712144,-35.1445405336495 144.152084797548,-35.1442999545817 144.152244458973,-35.1442058214225 144.152405579881,-35.1441198399508 144.152573537732,-35.1440378390807 144.152774335836,-35.1439976756557 144.153025005496,-35.144043122413 144.153180239571,-35.1431042646735 144.153195095011,-35.1429803635943 144.153177268842,-35.1428904743716 144.153135675048,-35.1428127319037 144.153055458188,-35.1427252724568 144.153007922038,-35.1426742535458 144.152993067496,-35.1425600694722 144.153022777478,-35.1423171239456 144.153126761964,-35.1417000399296 144.153293138039,-35.1407112367322 144.15359617931,-35.1388477844788 144.153905162937,-35.1369648529158 144.153994947871,-35.1363674254233</coordinates></LineString></MultiGeometry>
  </Placemark>
  <Placemark>
	<name>NULL</name>
	<Style><LineStyle><color>FF0067ce</color><width>5.66928</width></LineStyle><PolyStyle><fill>0</fill></PolyStyle></Style>
	<ExtendedData><SchemaData schemaUrl="#tracks">
		<SimpleData name="fid">158</SimpleData>
		<SimpleData name="FType">0</SimpleData>
		<SimpleData name="Owner">Other</SimpleData>
		<SimpleData name="Usage">Unknown</SimpleData>
		<SimpleData name="Status">Unknown</SimpleData>
		<SimpleData name="Surface">Unknown</SimpleData>
		<SimpleData name="Restriction">Unknown</SimpleData>
		<SimpleData name="Lanes">0</SimpleData>
		<SimpleData name="GlobalID">{7336A938-7EC5-415B-971A-22BAF949BC4B}</SimpleData>
		<SimpleData name="created_user">WELNIG</SimpleData>
		<SimpleData name="last_edited_user">WELNIG</SimpleData>
		<SimpleData name="VehicleTravel">Unknown</SimpleData>
		<SimpleData name="VehicleRequirement">Unknown</SimpleData>
		<SimpleData name="VehicleLimitation">Unknown</SimpleData>
		<SimpleData name="SHAPE_Length">1617.48041878</SimpleData>
	</SchemaData></ExtendedData>
      <MultiGeometry><LineString><coordinates>144.136399998423,-35.1507566770835 144.136419013062,-35.1506167549945 144.136421390004,-35.1504651717255 144.136399998423,-35.1503544000619 144.13634057846,-35.1501581188145 144.13621936249,-35.149889931892 144.136112406378,-35.1496858762244 144.136045855588,-35.1495245751283 144.135998320337,-35.1493632729779 144.135965044942,-35.1492175179336 144.135946030302,-35.1490601022218 144.135917508792,-35.1488463275648 144.135893741166,-35.1486228346765 144.135846205016,-35.1484323798684 144.135774901241,-35.1481466968204 144.13571785822,-35.1479193156436 144.13564180056,-35.1476861031623 144.135549105202,-35.1474120781386 144.135513453764,-35.1472896409245 144.135515829808,-35.1472021855539 144.135549710667,-35.1471165113279 144.135589510525,-35.1470136709934 144.135639423618,-35.1469242717516 144.135656061315,-35.1468484774478 144.135665568186,-35.1467318693891 144.135677451999,-35.1466288662361 144.13568933671,-35.1465103150128 144.135710727393,-35.1464248023912 144.135744002788,-35.1462751549037 144.135779655125,-35.1461760383578 144.135850958901,-35.1459914078797 144.135903248037,-35.145894233853 144.136036348717,-35.1457115463392 144.136200347851,-35.1454997064945 144.136350086229,-35.1453345091412 144.136509331477,-35.1452120695361 144.136789793594,-35.1450488152184 144.136996574993,-35.1449555273095 144.137141559486,-35.1449049960694 144.137367355524,-35.1448641821831 144.137709613648,-35.1448253126356 144.138041969642,-35.1447786685664 144.138160809567,-35.1447252217759 144.138232806842,-35.1446722612246 144.138286284449,-35.1446042386093 144.138310052075,-35.1445362152027 144.138307081347,-35.1444147454793 144.138283313721,-35.1442641232112 144.138229835215,-35.1440989240845 144.138176357608,-35.1439191472759 144.138096140748,-35.1437005007201 144.13804563387,-35.1435255821711 144.138024836973,-35.1434016817333 144.138027807701,-35.143260775167 144.138060488411,-35.1431125792436 144.138105053832,-35.1429279425505 144.138134763814,-35.1427773167964 144.138128821458,-35.1426315499566 144.138137734542,-35.142490642057 144.138164473795,-35.1422185432272 144.138179328337,-35.1419755966812 144.138200125234,-35.1418589823755 144.138235777571,-35.1417520849247 144.138307081347,-35.1415990284693 144.138405124375,-35.1414459709915 144.138559616638,-35.1412589005132 144.138693311105,-35.1411155602285 144.138951787853,-35.140894476126 144.139201351517,-35.1407389880378 144.139394465947,-35.1406150833582</coordinates></LineString></MultiGeometry>
  </Placemark>
  <Placemark>
	<name>NULL</name>
	<Style><LineStyle><color>FF0067ce</color><width>5.66928</width></LineStyle><PolyStyle><fill>0</fill></PolyStyle></Style>
	<ExtendedData><SchemaData schemaUrl="#tracks">
		<SimpleData name="fid">159</SimpleData>
		<SimpleData name="FType">0</SimpleData>
		<SimpleData name="Owner">Other</SimpleData>
		<SimpleData name="Usage">Unknown</SimpleData>
		<SimpleData name="Status">Unknown</SimpleData>
		<SimpleData name="Surface">Unknown</SimpleData>
		<SimpleData name="Restriction">Unknown</SimpleData>
		<SimpleData name="Lanes">0</SimpleData>
		<SimpleData name="GlobalID">{85A51BB0-0715-48EF-9131-217C6C8F7A9C}</SimpleData>
		<SimpleData name="created_user">WELNIG</SimpleData>
		<SimpleData name="last_edited_user">WELNIG</SimpleData>
		<SimpleData name="VehicleTravel">Unknown</SimpleData>
		<SimpleData name="VehicleRequirement">Unknown</SimpleData>
		<SimpleData name="VehicleLimitation">Unknown</SimpleData>
		<SimpleData name="SHAPE_Length">90.7590317885</SimpleData>
	</SchemaData></ExtendedData>
      <MultiGeometry><LineString><coordinates>144.139394465947,-35.1406150833582 144.139629175069,-35.140500896396 144.140080766248,-35.1402555154235</coordinates></LineString></MultiGeometry>
  </Placemark>
  <Placemark>
	<name>NULL</name>
	<Style><LineStyle><color>FF0067ce</color><width>5.66928</width></LineStyle><PolyStyle><fill>0</fill></PolyStyle></Style>
	<ExtendedData><SchemaData schemaUrl="#tracks">
		<SimpleData name="fid">160</SimpleData>
		<SimpleData name="FType">0</SimpleData>
		<SimpleData name="Owner">Other</SimpleData>
		<SimpleData name="Usage">Unknown</SimpleData>
		<SimpleData name="Status">Unknown</SimpleData>
		<SimpleData name="Surface">Unknown</SimpleData>
		<SimpleData name="Restriction">Unknown</SimpleData>
		<SimpleData name="Lanes">0</SimpleData>
		<SimpleData name="GlobalID">{D13C9C4A-07B5-4DA9-8382-D46663F88B26}</SimpleData>
		<SimpleData name="created_user">WELNIG</SimpleData>
		<SimpleData name="last_edited_user">WELNIG</SimpleData>
		<SimpleData name="VehicleTravel">Unknown</SimpleData>
		<SimpleData name="VehicleRequirement">Unknown</SimpleData>
		<SimpleData name="VehicleLimitation">Unknown</SimpleData>
		<SimpleData name="SHAPE_Length">1486.55037976</SimpleData>
	</SchemaData></ExtendedData>
      <MultiGeometry><LineString><coordinates>144.139394465947,-35.1406150833582 144.139147675382,-35.1406262586759 144.138781648735,-35.1406301461259 144.138553475754,-35.1405757254826 144.138396607448,-35.1405290782436 144.13825756531,-35.1404663970529 144.138156550654,-35.1404445312024 144.137981262393,-35.1404226660807 144.137877277009,-35.1404226660807 144.137717278074,-35.1404351409175 144.13720286142,-35.1403619278049 144.136861196184,-35.1403060488155 144.13661163252,-35.1402064386994 144.136489821866,-35.1401408416555 144.136317504333,-35.1400728152532 144.135963955285,-35.1399440502064 144.135643087846,-35.1398201443168 144.135485624854,-35.1397885603028 144.135271713527,-35.1397569762765 144.135084540555,-35.1397399696011 144.134876570685,-35.1396962382386 144.134674543171,-35.1396476474817 144.134514109451,-35.1396087747085 144.134353675731,-35.1396063453891 144.134074402086,-35.1396330701021 144.133899112926,-35.1396549361706 144.133631723094,-35.1396938081872 144.133474260102,-35.1397108148723 144.133296000214,-35.1397059562395 144.133099915055,-35.1396622241242 144.132924625896,-35.1396184927199 144.132796872886,-35.1396087747085 144.132666149148,-35.1396330701021 144.132395788586,-35.1396768014985 144.132238325595,-35.1396913788703 144.132104631128,-35.1396743721812 144.131956081221,-35.1396282107301 144.131709488286,-35.1395528952021 144.131584706903,-35.1395310291063 144.131400504659,-35.1395115930614 144.131168767163,-35.1395043043598 144.131011304172,-35.1394727202232 144.130871667349,-35.1394217000081 144.130684494377,-35.1393488136161 144.13039036619,-35.1392419136036 144.130155657067,-35.1391447315186 144.129962542638,-35.1390864223588 144.129843702712,-35.1390548380601 144.129742688955,-35.1390426899106 144.129555515982,-35.1390354011669 144.129350516841,-35.1390402605743 144.129133634786,-35.1390426899106 144.128970229439,-35.1390402605743 144.1288395057,-35.1390281131572 144.128747405027,-35.1390062469204 144.128551318971,-35.1389333601565 144.128438421401,-35.1389066352138 144.12835367793,-35.1388878888145 144.128200741549,-35.1389114938942 144.128079483359,-35.1389189912769 144.127936322446,-35.1389042051388 144.12786403232,-35.1388824064524 144.127630310446,-35.1388337483607 144.127440165846,-35.1387924458551 144.12730350065,-35.1387535726735 144.127199515266,-35.1387001219266 144.127149008388,-35.1386418124484 144.127169805285,-35.1384620243214 144.127220745152,-35.1383298591524 144.127223640422,-35.1382932174982 144.127190557266,-35.1382728966859 144.127102066923,-35.1382341297748</coordinates></LineString></MultiGeometry>
  </Placemark>
  <Placemark>
	<name>NULL</name>
	<Style><LineStyle><color>ff0000ff</color></LineStyle><PolyStyle><fill>0</fill></PolyStyle></Style>
	<ExtendedData><SchemaData schemaUrl="#tracks">
		<SimpleData name="fid">161</SimpleData>
		<SimpleData name="FType">0</SimpleData>
		<SimpleData name="Owner">DTE</SimpleData>
		<SimpleData name="Usage">Mixed</SimpleData>
		<SimpleData name="Status">In Use</SimpleData>
		<SimpleData name="Surface">Bare</SimpleData>
		<SimpleData name="Restriction">General</SimpleData>
		<SimpleData name="Lanes">2</SimpleData>
		<SimpleData name="GlobalID">{3C9EE36C-6C5E-4EA6-9806-2A6C969ECCD2}</SimpleData>
		<SimpleData name="created_user">WELNIG</SimpleData>
		<SimpleData name="last_edited_user">WELNIG</SimpleData>
		<SimpleData name="VehicleTravel">Passing Possible</SimpleData>
		<SimpleData name="VehicleRequirement">NULL</SimpleData>
		<SimpleData name="VehicleLimitation">Small and Large Vehicles</SimpleData>
		<SimpleData name="SHAPE_Length">224.17910029</SimpleData>
	</SchemaData></ExtendedData>
      <MultiGeometry><LineString><coordinates>144.146427856905,-35.133241835827 144.146878514733,-35.133128702307 144.147179437777,-35.1330410568724 144.147407034938,-35.1329835558737 144.147684658378,-35.1329002807734 144.1478090454,-35.1327226677885 144.147921027587,-35.13248856176 144.147967589065,-35.1323880626856</coordinates></LineString></MultiGeometry>
  </Placemark>
  <Placemark>
	<Style><LineStyle><color>FF0067ce</color><width>5.66928</width></LineStyle><PolyStyle><fill>0</fill></PolyStyle></Style>
	<ExtendedData><SchemaData schemaUrl="#tracks">
		<SimpleData name="fid">210</SimpleData>
		<SimpleData name="FType">0</SimpleData>
		<SimpleData name="Owner">DTE</SimpleData>
		<SimpleData name="Usage">Unknown</SimpleData>
		<SimpleData name="created_user">mattcen</SimpleData>
		<SimpleData name="Source">Trevor</SimpleData>
	</SchemaData></ExtendedData>
      <MultiGeometry><LineString><coordinates>144.142368555861,-35.1476809315974 144.142634,-35.147624 144.142701,-35.147605 144.142838,-35.1476 144.142952,-35.14761 144.14328,-35.147588</coordinates></LineString></MultiGeometry>
  </Placemark>
  <Placemark>
	<Style><LineStyle><color>FF0067ce</color><width>5.66928</width></LineStyle><PolyStyle><fill>0</fill></PolyStyle></Style>
	<ExtendedData><SchemaData schemaUrl="#tracks">
		<SimpleData name="fid">211</SimpleData>
		<SimpleData name="FType">0</SimpleData>
		<SimpleData name="Owner">DTE</SimpleData>
		<SimpleData name="Usage">Unknown</SimpleData>
		<SimpleData name="created_user">mattcen</SimpleData>
		<SimpleData name="Source">Trevor</SimpleData>
	</SchemaData></ExtendedData>
      <MultiGeometry><LineString><coordinates>144.14328,-35.147588 144.143269,-35.147441 144.143285,-35.147416 144.143325,-35.147403 144.143427,-35.147413 144.143486,-35.147432 144.143611,-35.147534 144.143738,-35.147587</coordinates></LineString></MultiGeometry>
  </Placemark>
  <Placemark>
	<Style><LineStyle><color>FF0067ce</color><width>5.66928</width></LineStyle><PolyStyle><fill>0</fill></PolyStyle></Style>
	<ExtendedData><SchemaData schemaUrl="#tracks">
		<SimpleData name="fid">212</SimpleData>
		<SimpleData name="FType">0</SimpleData>
		<SimpleData name="Owner">DTE</SimpleData>
		<SimpleData name="Usage">Unknown</SimpleData>
		<SimpleData name="created_user">mattcen</SimpleData>
		<SimpleData name="Source">Trevor</SimpleData>
	</SchemaData></ExtendedData>
      <MultiGeometry><LineString><coordinates>144.14328,-35.147588 144.143645,-35.147599 144.143738,-35.147587</coordinates></LineString></MultiGeometry>
  </Placemark>
  <Placemark>
	<Style><LineStyle><color>FF0067ce</color><width>5.66928</width></LineStyle><PolyStyle><fill>0</fill></PolyStyle></Style>
	<ExtendedData><SchemaData schemaUrl="#tracks">
		<SimpleData name="fid">213</SimpleData>
		<SimpleData name="FType">0</SimpleData>
		<SimpleData name="Owner">DTE</SimpleData>
		<SimpleData name="Usage">Unknown</SimpleData>
		<SimpleData name="created_user">mattcen</SimpleData>
		<SimpleData name="Source">Trevor</SimpleData>
	</SchemaData></ExtendedData>
      <MultiGeometry><LineString><coordinates>144.142154,-35.147483 144.14222,-35.1476 144.142349,-35.14767 144.14241,-35.147728</coordinates></LineString></MultiGeometry>
  </Placemark>
  <Placemark>
	<Style><LineStyle><color>FF0067ce</color><width>5.66928</width></LineStyle><PolyStyle><fill>0</fill></PolyStyle></Style>
	<ExtendedData><SchemaData schemaUrl="#tracks">
		<SimpleData name="fid">214</SimpleData>
		<SimpleData name="FType">0</SimpleData>
		<SimpleData name="Owner">DTE</SimpleData>
		<SimpleData name="Usage">Unknown</SimpleData>
		<SimpleData name="created_user">mattcen</SimpleData>
		<SimpleData name="Source">Trevor</SimpleData>
	</SchemaData></ExtendedData>
      <MultiGeometry><LineString><coordinates>144.14241,-35.147728 144.142487,-35.14781 144.142551374456,-35.1479209026206 144.1429512,-35.147981 144.142996,-35.148096</coordinates></LineString></MultiGeometry>
  </Placemark>
  <Placemark>
	<Style><LineStyle><color>FF0067ce</color><width>5.66928</width></LineStyle><PolyStyle><fill>0</fill></PolyStyle></Style>
	<ExtendedData><SchemaData schemaUrl="#tracks">
		<SimpleData name="fid">215</SimpleData>
		<SimpleData name="FType">0</SimpleData>
		<SimpleData name="Owner">DTE</SimpleData>
		<SimpleData name="Usage">Unknown</SimpleData>
		<SimpleData name="created_user">mattcen</SimpleData>
		<SimpleData name="Source">Trevor</SimpleData>
	</SchemaData></ExtendedData>
      <MultiGeometry><LineString><coordinates>144.142597,-35.148193 144.142996,-35.148096</coordinates></LineString></MultiGeometry>
  </Placemark>
  <Placemark>
	<Style><LineStyle><color>FF0067ce</color><width>5.66928</width></LineStyle><PolyStyle><fill>0</fill></PolyStyle></Style>
	<ExtendedData><SchemaData schemaUrl="#tracks">
		<SimpleData name="fid">216</SimpleData>
		<SimpleData name="FType">0</SimpleData>
		<SimpleData name="Owner">DTE</SimpleData>
		<SimpleData name="Usage">Unknown</SimpleData>
		<SimpleData name="created_user">mattcen</SimpleData>
		<SimpleData name="Source">Trevor</SimpleData>
	</SchemaData></ExtendedData>
      <MultiGeometry><LineString><coordinates>144.1425467,-35.1479202 144.142597,-35.148193</coordinates></LineString></MultiGeometry>
  </Placemark>
  <Placemark>
	<Style><LineStyle><color>FF0067ce</color><width>5.66928</width></LineStyle><PolyStyle><fill>0</fill></PolyStyle></Style>
	<ExtendedData><SchemaData schemaUrl="#tracks">
		<SimpleData name="fid">217</SimpleData>
		<SimpleData name="FType">0</SimpleData>
		<SimpleData name="Owner">DTE</SimpleData>
		<SimpleData name="Usage">Unknown</SimpleData>
		<SimpleData name="created_user">mattcen</SimpleData>
		<SimpleData name="Source">Trevor</SimpleData>
	</SchemaData></ExtendedData>
      <MultiGeometry><LineString><coordinates>144.142996,-35.148096 144.1431809,-35.1481485 144.143297,-35.148085 144.143413,-35.148023 144.143668,-35.147855</coordinates></LineString></MultiGeometry>
  </Placemark>
  <Placemark>
	<Style><LineStyle><color>FF0067ce</color><width>5.66928</width></LineStyle><PolyStyle><fill>0</fill></PolyStyle></Style>
	<ExtendedData><SchemaData schemaUrl="#tracks">
		<SimpleData name="fid">218</SimpleData>
		<SimpleData name="FType">0</SimpleData>
		<SimpleData name="Owner">DTE</SimpleData>
		<SimpleData name="Usage">Unknown</SimpleData>
		<SimpleData name="created_user">mattcen</SimpleData>
		<SimpleData name="Source">Trevor</SimpleData>
	</SchemaData></ExtendedData>
      <MultiGeometry><LineString><coordinates>144.143668,-35.147855 144.143747,-35.147751 144.143775,-35.147687 144.143778,-35.147631 144.143738,-35.147587</coordinates></LineString></MultiGeometry>
  </Placemark>
  <Placemark>
	<Style><LineStyle><color>FF0067ce</color><width>5.66928</width></LineStyle><PolyStyle><fill>0</fill></PolyStyle></Style>
	<ExtendedData><SchemaData schemaUrl="#tracks">
		<SimpleData name="fid">219</SimpleData>
		<SimpleData name="FType">0</SimpleData>
		<SimpleData name="Owner">DTE</SimpleData>
		<SimpleData name="Usage">Unknown</SimpleData>
		<SimpleData name="created_user">mattcen</SimpleData>
		<SimpleData name="Source">Trevor</SimpleData>
	</SchemaData></ExtendedData>
      <MultiGeometry><LineString><coordinates>144.143668,-35.147855 144.143896339314,-35.1478904544495 144.14415,-35.147768 144.14429,-35.147754 144.144444,-35.147721 144.144603340164,-35.1476983721141 144.144750140033,-35.147573322324</coordinates></LineString></MultiGeometry>
  </Placemark>
  <Placemark>
	<Style><LineStyle><color>FF0067ce</color><width>5.66928</width></LineStyle><PolyStyle><fill>0</fill></PolyStyle></Style>
	<ExtendedData><SchemaData schemaUrl="#tracks">
		<SimpleData name="fid">221</SimpleData>
		<SimpleData name="FType">0</SimpleData>
		<SimpleData name="Owner">DTE</SimpleData>
		<SimpleData name="Usage">Unknown</SimpleData>
		<SimpleData name="created_user">mattcen</SimpleData>
		<SimpleData name="Source">Trevor</SimpleData>
	</SchemaData></ExtendedData>
      <MultiGeometry><LineString><coordinates>144.142597,-35.148193 144.142513,-35.148235 144.142459,-35.148247 144.142337,-35.148238 144.14216,-35.148198 144.1421,-35.148205 144.142058,-35.148226 144.141882,-35.148406 144.141834,-35.148492 144.141844,-35.148532 144.14193,-35.148663</coordinates></LineString></MultiGeometry>
  </Placemark>
  <Placemark>
	<Style><LineStyle><color>FF0067ce</color><width>5.66928</width></LineStyle><PolyStyle><fill>0</fill></PolyStyle></Style>
	<ExtendedData><SchemaData schemaUrl="#tracks">
		<SimpleData name="fid">222</SimpleData>
		<SimpleData name="FType">0</SimpleData>
		<SimpleData name="Owner">DTE</SimpleData>
		<SimpleData name="Usage">Unknown</SimpleData>
		<SimpleData name="created_user">mattcen</SimpleData>
		<SimpleData name="Source">Trevor</SimpleData>
	</SchemaData></ExtendedData>
      <MultiGeometry><LineString><coordinates>144.141928,-35.14866 144.141911,-35.148718 144.141842,-35.148777 144.141689,-35.148869 144.141495791998,-35.1489832709496 144.141398228851,-35.1490134376249 144.140749,-35.148967 144.140705084192,-35.1489955717447</coordinates></LineString></MultiGeometry>
  </Placemark>
  <Placemark>
	<Style><LineStyle><color>FF0067ce</color><width>5.66928</width></LineStyle><PolyStyle><fill>0</fill></PolyStyle></Style>
	<ExtendedData><SchemaData schemaUrl="#tracks">
		<SimpleData name="fid">223</SimpleData>
		<SimpleData name="FType">0</SimpleData>
		<SimpleData name="Owner">DTE</SimpleData>
		<SimpleData name="Usage">Unknown</SimpleData>
		<SimpleData name="created_user">mattcen</SimpleData>
		<SimpleData name="Source">Trevor</SimpleData>
	</SchemaData></ExtendedData>
      <MultiGeometry><LineString><coordinates>144.141928,-35.14866 144.142017,-35.148696 144.142435,-35.148659 144.142483,-35.148641 144.142484274876,-35.1486023630706</coordinates></LineString></MultiGeometry>
  </Placemark>
  <Placemark>
	<Style><LineStyle><color>FF0067ce</color><width>5.66928</width></LineStyle><PolyStyle><fill>0</fill></PolyStyle></Style>
	<ExtendedData><SchemaData schemaUrl="#tracks">
		<SimpleData name="fid">224</SimpleData>
		<SimpleData name="FType">0</SimpleData>
		<SimpleData name="Owner">DTE</SimpleData>
		<SimpleData name="Usage">Unknown</SimpleData>
		<SimpleData name="created_user">mattcen</SimpleData>
		<SimpleData name="Source">Trevor</SimpleData>
	</SchemaData></ExtendedData>
      <MultiGeometry><LineString><coordinates>144.142597,-35.148193 144.142505,-35.148279 144.1424612,-35.1483287 144.142484274876,-35.1486023630706 144.142555,-35.148644 144.142643,-35.14866 144.142713,-35.148651 144.142946,-35.148526 144.143061,-35.148494 144.143163,-35.14849 144.143277,-35.148521</coordinates></LineString></MultiGeometry>
  </Placemark>
  <Placemark>
	<Style><LineStyle><color>FF0067ce</color><width>5.66928</width></LineStyle><PolyStyle><fill>0</fill></PolyStyle></Style>
	<ExtendedData><SchemaData schemaUrl="#tracks">
		<SimpleData name="fid">225</SimpleData>
		<SimpleData name="FType">0</SimpleData>
		<SimpleData name="Owner">DTE</SimpleData>
		<SimpleData name="Usage">Unknown</SimpleData>
		<SimpleData name="created_user">mattcen</SimpleData>
		<SimpleData name="Source">Trevor</SimpleData>
	</SchemaData></ExtendedData>
      <MultiGeometry><LineString><coordinates>144.143277,-35.148521 144.143293,-35.148293 144.143364,-35.148175 144.143413,-35.148023</coordinates></LineString></MultiGeometry>
  </Placemark>
  <Placemark>
	<Style><LineStyle><color>FF0067ce</color><width>5.66928</width></LineStyle><PolyStyle><fill>0</fill></PolyStyle></Style>
	<ExtendedData><SchemaData schemaUrl="#tracks">
		<SimpleData name="fid">226</SimpleData>
		<SimpleData name="FType">0</SimpleData>
		<SimpleData name="Owner">DTE</SimpleData>
		<SimpleData name="Usage">Unknown</SimpleData>
		<SimpleData name="created_user">mattcen</SimpleData>
		<SimpleData name="Source">Trevor</SimpleData>
	</SchemaData></ExtendedData>
      <MultiGeometry></MultiGeometry>
  </Placemark>
  <Placemark>
	<name>Battery Track</name>
	<Style><LineStyle><color>FF0067ce</color><width>5.66928</width></LineStyle><PolyStyle><fill>0</fill></PolyStyle></Style>
	<ExtendedData><SchemaData schemaUrl="#tracks">
		<SimpleData name="fid">228</SimpleData>
		<SimpleData name="FType">0</SimpleData>
		<SimpleData name="Owner">DTE</SimpleData>
		<SimpleData name="Usage">Unknown</SimpleData>
		<SimpleData name="created_user">mattcen</SimpleData>
		<SimpleData name="Source">John</SimpleData>
	</SchemaData></ExtendedData>
      <MultiGeometry><LineString><coordinates>144.14944,-35.152776 144.149455,-35.152804 144.149446,-35.152848 144.149418,-35.152887 144.149335,-35.152929 144.149048,-35.15297 144.148902,-35.152964 144.148845,-35.152931 144.148765,-35.152839 144.148558,-35.152685 144.148417,-35.152483 144.148183,-35.152399 144.14806,-35.152284 144.147927,-35.152132 144.147761,-35.152059 144.147471,-35.151981 144.147413,-35.151946 144.147384,-35.151889 144.147375,-35.15176 144.147343,-35.151658 144.147189,-35.151452 144.14697,-35.151217 144.146863,-35.151077 144.146771978134,-35.1508362518801</coordinates></LineString></MultiGeometry>
  </Placemark>
  <Placemark>
	<name>Bus route 2018</name>
	<Style><LineStyle><color>ff0000ff</color></LineStyle><PolyStyle><fill>0</fill></PolyStyle></Style>
	<ExtendedData><SchemaData schemaUrl="#tracks">
		<SimpleData name="fid">229</SimpleData>
		<SimpleData name="FType">0</SimpleData>
		<SimpleData name="Owner">DTE</SimpleData>
		<SimpleData name="Usage">BusRoute</SimpleData>
		<SimpleData name="created_user">mattcen</SimpleData>
		<SimpleData name="Source">Emma GPS</SimpleData>
	</SchemaData></ExtendedData>
      <MultiGeometry><LineString><coordinates>144.148835,-35.143573 144.148995,-35.143626 144.149158,-35.143667 144.149296,-35.143687 144.15048,-35.1438 144.150605,-35.143824 144.150714,-35.143872 144.150784,-35.143944 144.150815,-35.144033 144.15082,-35.144137 144.150794,-35.144238 144.150717,-35.14443 144.150156,-35.145756 144.150002,-35.146053 144.149594,-35.146767 144.149488,-35.146996 144.1491,-35.148064 144.148515,-35.149883 144.148463,-35.150002 144.148404,-35.150093 144.148314,-35.150163 144.147853,-35.150383 144.147465,-35.150622 144.147386,-35.150641 144.147004,-35.150785 144.146862,-35.1508 144.146867,-35.15079 144.14681,-35.15083 144.146677,-35.150883 144.146199,-35.150969 144.145962,-35.150989 144.145816,-35.150985 144.145679,-35.150949 144.14504,-35.150626 144.144817,-35.15047 144.144262,-35.150164 144.144182,-35.150095 144.144107,-35.150009 144.14407,-35.149903 144.143992,-35.149568 144.143749,-35.149188 144.143619,-35.149019 144.143575,-35.148931 144.143579,-35.148808 144.14364,-35.148715 144.143782,-35.148657 144.143987,-35.148515 144.144042,-35.148429 144.144132,-35.148224 144.144218,-35.148118 144.144329,-35.148069 144.144446,-35.147997 144.144537,-35.147906 144.144569,-35.1478 144.144621,-35.147699 144.144715,-35.147633 144.144704,-35.147549 144.144543,-35.14723 144.144533,-35.147116 144.144603,-35.147004 144.144879,-35.146639 144.144954,-35.146567 144.145423,-35.146543 144.146125,-35.146578 144.146476,-35.146555 144.147073,-35.146468 144.147262,-35.146426 144.147419,-35.146359 144.147532,-35.146273 144.14773,-35.146056 144.147964,-35.145682 144.148133,-35.145321 144.14843,-35.144535 144.148579,-35.144215 144.148851,-35.143688 144.148859,-35.143596 144.148973,-35.143581</coordinates></LineString></MultiGeometry>
  </Placemark>
  <Placemark>
	<name>Evolution Road</name>
	<Style><LineStyle><color>FF0067ce</color><width>5.66928</width></LineStyle><PolyStyle><fill>0</fill></PolyStyle></Style>
	<ExtendedData><SchemaData schemaUrl="#tracks">
		<SimpleData name="fid">230</SimpleData>
		<SimpleData name="FType">0</SimpleData>
		<SimpleData name="Owner">DTE</SimpleData>
		<SimpleData name="Usage">Unknown</SimpleData>
		<SimpleData name="created_user">mattcen</SimpleData>
		<SimpleData name="Source">John</SimpleData>
	</SchemaData></ExtendedData>
      <MultiGeometry><LineString><coordinates>144.149434707365,-35.1527618863087 144.149473,-35.152726 144.149584,-35.152617 144.149673,-35.152555 144.149785,-35.152518 144.150012,-35.152471 144.150336,-35.152353 144.150404,-35.152315 144.150425,-35.152259 144.15038,-35.152103 144.150345,-35.15204 144.150271,-35.151953 144.150229,-35.151815 144.150177,-35.151708 144.149963,-35.15137 144.149857,-35.15125 144.14981,-35.15114 144.149824,-35.150942 144.14989,-35.150756 144.149917,-35.1506 144.149858,-35.150275 144.149846,-35.150069 144.149824,-35.14999 144.149602,-35.149681 144.149374143155,-35.1494433302644</coordinates></LineString></MultiGeometry>
  </Placemark>
  <Placemark>
	<name>Mislocation Road</name>
	<Style><LineStyle><color>FF0067ce</color><width>5.66928</width></LineStyle><PolyStyle><fill>0</fill></PolyStyle></Style>
	<ExtendedData><SchemaData schemaUrl="#tracks">
		<SimpleData name="fid">232</SimpleData>
		<SimpleData name="FType">0</SimpleData>
		<SimpleData name="Owner">DTE</SimpleData>
		<SimpleData name="Usage">Unknown</SimpleData>
		<SimpleData name="created_user">mattcen</SimpleData>
		<SimpleData name="Source">John</SimpleData>
	</SchemaData></ExtendedData>
      <MultiGeometry><LineString><coordinates>144.144001642968,-35.1495381238921 144.143991,-35.14948 144.143809,-35.149206 144.143606,-35.148936 144.143584,-35.148859 144.14359,-35.148767 144.143577,-35.14872 144.143469,-35.148622 144.143342,-35.148555 144.143277,-35.148521</coordinates></LineString></MultiGeometry>
  </Placemark>
  <Placemark>
	<name>Tortoise Track</name>
	<Style><LineStyle><color>FF0067ce</color><width>5.66928</width></LineStyle><PolyStyle><fill>0</fill></PolyStyle></Style>
	<ExtendedData><SchemaData schemaUrl="#tracks">
		<SimpleData name="fid">233</SimpleData>
		<SimpleData name="FType">0</SimpleData>
		<SimpleData name="Owner">DTE</SimpleData>
		<SimpleData name="Usage">Unknown</SimpleData>
		<SimpleData name="created_user">mattcen</SimpleData>
		<SimpleData name="Source">John</SimpleData>
	</SchemaData></ExtendedData>
      <MultiGeometry><LineString><coordinates>144.147552578183,-35.1505321633447 144.147622,-35.15058 144.147816,-35.150721 144.147848,-35.150843 144.147885,-35.150901 144.148132,-35.151058 144.148283,-35.151131 144.148363,-35.151205 144.148419,-35.151301 144.148489,-35.151547 144.148597,-35.151794 144.148691,-35.151871 144.148866,-35.151946 144.148981,-35.152028 144.149035,-35.152104 144.149079,-35.152246 144.149127,-35.152288 144.149276,-35.152368 144.14932,-35.152463 144.149427,-35.152589 144.149441,-35.152654 144.149431,-35.152752 144.14944,-35.152776</coordinates></LineString></MultiGeometry>
  </Placemark>
  <Placemark>
	<Style><LineStyle><color>FF0067ce</color><width>5.66928</width></LineStyle><PolyStyle><fill>0</fill></PolyStyle></Style>
	<ExtendedData><SchemaData schemaUrl="#tracks">
		<SimpleData name="fid">256</SimpleData>
		<SimpleData name="Usage">Unknown</SimpleData>
	</SchemaData></ExtendedData>
      <MultiGeometry><LineString><coordinates>144.145262824631,-35.1507683977967 144.1452168,-35.1508394 144.1450384,-35.1511305 144.145301,-35.1512708 144.1455095,-35.1513175</coordinates></LineString></MultiGeometry>
  </Placemark>
  <Placemark>
	<Style><LineStyle><color>FF0067ce</color><width>5.66928</width></LineStyle><PolyStyle><fill>0</fill></PolyStyle></Style>
	<ExtendedData><SchemaData schemaUrl="#tracks">
		<SimpleData name="fid">257</SimpleData>
		<SimpleData name="Usage">Unknown</SimpleData>
	</SchemaData></ExtendedData>
      <MultiGeometry><LineString><coordinates>144.1455095,-35.1513175 144.1458845,-35.1514758</coordinates></LineString></MultiGeometry>
  </Placemark>
  <Placemark>
	<Style><LineStyle><color>FF0067ce</color><width>5.66928</width></LineStyle><PolyStyle><fill>0</fill></PolyStyle></Style>
	<ExtendedData><SchemaData schemaUrl="#tracks">
		<SimpleData name="fid">258</SimpleData>
		<SimpleData name="Usage">Unknown</SimpleData>
	</SchemaData></ExtendedData>
      <MultiGeometry><LineString><coordinates>144.1458845,-35.1514758 144.1459177,-35.1515321</coordinates></LineString></MultiGeometry>
  </Placemark>
  <Placemark>
	<Style><LineStyle><color>FF0067ce</color><width>5.66928</width></LineStyle><PolyStyle><fill>0</fill></PolyStyle></Style>
	<ExtendedData><SchemaData schemaUrl="#tracks">
		<SimpleData name="fid">259</SimpleData>
		<SimpleData name="Usage">Unknown</SimpleData>
	</SchemaData></ExtendedData>
      <MultiGeometry><LineString><coordinates>144.1465047,-35.1515691 144.1462336,-35.1515162 144.1460162,-35.1512905</coordinates></LineString></MultiGeometry>
  </Placemark>
  <Placemark>
	<Style><LineStyle><color>FF0067ce</color><width>5.66928</width></LineStyle><PolyStyle><fill>0</fill></PolyStyle></Style>
	<ExtendedData><SchemaData schemaUrl="#tracks">
		<SimpleData name="fid">260</SimpleData>
		<SimpleData name="Usage">Unknown</SimpleData>
	</SchemaData></ExtendedData>
      <MultiGeometry><LineString><coordinates>144.1459177,-35.1515321 144.1460162,-35.1512905 144.1460378,-35.1512542 144.1458407,-35.1510067 144.145814270933,-35.1509637890424</coordinates></LineString></MultiGeometry>
  </Placemark>
  <Placemark>
	<Style><LineStyle><color>FF0067ce</color><width>5.66928</width></LineStyle><PolyStyle><fill>0</fill></PolyStyle></Style>
	<ExtendedData><SchemaData schemaUrl="#tracks">
		<SimpleData name="fid">261</SimpleData>
		<SimpleData name="Usage">Unknown</SimpleData>
	</SchemaData></ExtendedData>
      <MultiGeometry><LineString><coordinates>144.1466078,-35.1512333 144.146851343895,-35.151046170288</coordinates></LineString></MultiGeometry>
  </Placemark>
  <Placemark>
	<Style><LineStyle><color>FF0067ce</color><width>5.66928</width></LineStyle><PolyStyle><fill>0</fill></PolyStyle></Style>
	<ExtendedData><SchemaData schemaUrl="#tracks">
		<SimpleData name="fid">262</SimpleData>
		<SimpleData name="Usage">Unknown</SimpleData>
	</SchemaData></ExtendedData>
      <MultiGeometry><LineString><coordinates>144.1465677,-35.1509273 144.1465677,-35.1509273 144.1466078,-35.1512333</coordinates></LineString></MultiGeometry>
  </Placemark>
  <Placemark>
	<Style><LineStyle><color>FF0067ce</color><width>5.66928</width></LineStyle><PolyStyle><fill>0</fill></PolyStyle></Style>
	<ExtendedData><SchemaData schemaUrl="#tracks">
		<SimpleData name="fid">263</SimpleData>
		<SimpleData name="Usage">Unknown</SimpleData>
	</SchemaData></ExtendedData>
      <MultiGeometry><LineString><coordinates>144.1459985,-35.1517358 144.1459177,-35.1515321</coordinates></LineString></MultiGeometry>
  </Placemark>
  <Placemark>
	<Style><LineStyle><color>FF0067ce</color><width>5.66928</width></LineStyle><PolyStyle><fill>0</fill></PolyStyle></Style>
	<ExtendedData><SchemaData schemaUrl="#tracks">
		<SimpleData name="fid">264</SimpleData>
		<SimpleData name="Usage">Unknown</SimpleData>
	</SchemaData></ExtendedData>
      <MultiGeometry><LineString><coordinates>144.147381203442,-35.151848916055 144.1469335,-35.1518816 144.1465137,-35.1520033 144.1464462,-35.1517175 144.1465047,-35.1515691</coordinates></LineString></MultiGeometry>
  </Placemark>
  <Placemark>
	<Style><LineStyle><color>FF0067ce</color><width>5.66928</width></LineStyle><PolyStyle><fill>0</fill></PolyStyle></Style>
	<ExtendedData><SchemaData schemaUrl="#tracks">
		<SimpleData name="fid">265</SimpleData>
		<SimpleData name="Usage">Unknown</SimpleData>
	</SchemaData></ExtendedData>
      <MultiGeometry><LineString><coordinates>144.1464462,-35.1517175 144.1459985,-35.1517358 144.1462336,-35.1515162</coordinates></LineString></MultiGeometry>
  </Placemark>
  <Placemark>
	<Style><LineStyle><color>FF0067ce</color><width>5.66928</width></LineStyle><PolyStyle><fill>0</fill></PolyStyle></Style>
	<ExtendedData><SchemaData schemaUrl="#tracks">
		<SimpleData name="fid">266</SimpleData>
		<SimpleData name="Usage">Unknown</SimpleData>
	</SchemaData></ExtendedData>
      <MultiGeometry><LineString><coordinates>144.149014163693,-35.1497012531021 144.1494102,-35.1501821 144.1497667,-35.1508299 144.149831893518,-35.1509197546683</coordinates></LineString></MultiGeometry>
  </Placemark>
  <Placemark>
	<Style><LineStyle><color>FF0067ce</color><width>5.66928</width></LineStyle><PolyStyle><fill>0</fill></PolyStyle></Style>
	<ExtendedData><SchemaData schemaUrl="#tracks">
		<SimpleData name="fid">267</SimpleData>
		<SimpleData name="Usage">Unknown</SimpleData>
	</SchemaData></ExtendedData>
      <MultiGeometry><LineString><coordinates>144.1479407,-35.1516481 144.1482428,-35.1517779</coordinates></LineString></MultiGeometry>
  </Placemark>
  <Placemark>
	<Style><LineStyle><color>FF0067ce</color><width>5.66928</width></LineStyle><PolyStyle><fill>0</fill></PolyStyle></Style>
	<ExtendedData><SchemaData schemaUrl="#tracks">
		<SimpleData name="fid">268</SimpleData>
		<SimpleData name="Usage">Unknown</SimpleData>
	</SchemaData></ExtendedData>
      <MultiGeometry><LineString><coordinates>144.1473292,-35.1515998 144.1474923,-35.1514318 144.14768177115,-35.1512414040178 144.1479232,-35.1510825</coordinates></LineString></MultiGeometry>
  </Placemark>
  <Placemark>
	<Style><LineStyle><color>FF0067ce</color><width>5.66928</width></LineStyle><PolyStyle><fill>0</fill></PolyStyle></Style>
	<ExtendedData><SchemaData schemaUrl="#tracks">
		<SimpleData name="fid">269</SimpleData>
		<SimpleData name="Usage">Unknown</SimpleData>
	</SchemaData></ExtendedData>
      <MultiGeometry><LineString><coordinates>144.149796725953,-35.1499520376209 144.14956320079,-35.1500069593871 144.149347622484,-35.1501061220479</coordinates></LineString></MultiGeometry>
  </Placemark>
  <Placemark>
	<Style><LineStyle><color>FF0067ce</color><width>5.66928</width></LineStyle><PolyStyle><fill>0</fill></PolyStyle></Style>
	<ExtendedData><SchemaData schemaUrl="#tracks">
		<SimpleData name="fid">270</SimpleData>
		<SimpleData name="Usage">Unknown</SimpleData>
	</SchemaData></ExtendedData>
      <MultiGeometry><LineString><coordinates>144.148441756763,-35.1513809739282 144.148612815994,-35.151284345813</coordinates></LineString></MultiGeometry>
  </Placemark>
  <Placemark>
	<Style><LineStyle><color>FF0067ce</color><width>5.66928</width></LineStyle><PolyStyle><fill>0</fill></PolyStyle></Style>
	<ExtendedData><SchemaData schemaUrl="#tracks">
		<SimpleData name="fid">271</SimpleData>
		<SimpleData name="Usage">Unknown</SimpleData>
	</SchemaData></ExtendedData>
      <MultiGeometry><LineString><coordinates>144.148612815994,-35.151284345813 144.148731130014,-35.1512260117879 144.1488278,-35.1512099 144.1493306,-35.1513419</coordinates></LineString></MultiGeometry>
  </Placemark>
  <Placemark>
	<Style><LineStyle><color>FF0067ce</color><width>5.66928</width></LineStyle><PolyStyle><fill>0</fill></PolyStyle></Style>
	<ExtendedData><SchemaData schemaUrl="#tracks">
		<SimpleData name="fid">272</SimpleData>
		<SimpleData name="Usage">Unknown</SimpleData>
	</SchemaData></ExtendedData>
      <MultiGeometry><LineString><coordinates>144.1493306,-35.1513419 144.1496488,-35.151145 144.149819739168,-35.1510022604226</coordinates></LineString></MultiGeometry>
  </Placemark>
  <Placemark>
	<Style><LineStyle><color>FF0067ce</color><width>5.66928</width></LineStyle><PolyStyle><fill>0</fill></PolyStyle></Style>
	<ExtendedData><SchemaData schemaUrl="#tracks">
		<SimpleData name="fid">273</SimpleData>
		<SimpleData name="Usage">Unknown</SimpleData>
	</SchemaData></ExtendedData>
      <MultiGeometry><LineString><coordinates>144.1482428,-35.1517779 144.1484219,-35.1519358</coordinates></LineString></MultiGeometry>
  </Placemark>
  <Placemark>
	<Style><LineStyle><color>FF0067ce</color><width>5.66928</width></LineStyle><PolyStyle><fill>0</fill></PolyStyle></Style>
	<ExtendedData><SchemaData schemaUrl="#tracks">
		<SimpleData name="fid">274</SimpleData>
		<SimpleData name="Usage">Unknown</SimpleData>
	</SchemaData></ExtendedData>
      <MultiGeometry><LineString><coordinates>144.148568832025,-35.1517295789475 144.1484219,-35.1519358</coordinates></LineString></MultiGeometry>
  </Placemark>
  <Placemark>
	<Style><LineStyle><color>FF0067ce</color><width>5.66928</width></LineStyle><PolyStyle><fill>0</fill></PolyStyle></Style>
	<ExtendedData><SchemaData schemaUrl="#tracks">
		<SimpleData name="fid">275</SimpleData>
		<SimpleData name="Usage">Unknown</SimpleData>
	</SchemaData></ExtendedData>
      <MultiGeometry><LineString><coordinates>144.148011687426,-35.1509815261515 144.1479232,-35.1510825 144.1479407,-35.1516481</coordinates></LineString></MultiGeometry>
  </Placemark>
  <Placemark>
	<Style><LineStyle><color>FF0067ce</color><width>5.66928</width></LineStyle><PolyStyle><fill>0</fill></PolyStyle></Style>
	<ExtendedData><SchemaData schemaUrl="#tracks">
		<SimpleData name="fid">276</SimpleData>
		<SimpleData name="Usage">Unknown</SimpleData>
	</SchemaData></ExtendedData>
      <MultiGeometry><LineString><coordinates>144.1479407,-35.1516481 144.1476044,-35.1519901 144.147587168034,-35.1520122452949</coordinates></LineString></MultiGeometry>
  </Placemark>
  <Placemark>
	<Style><LineStyle><color>FF0067ce</color><width>5.66928</width></LineStyle><PolyStyle><fill>0</fill></PolyStyle></Style>
	<ExtendedData><SchemaData schemaUrl="#tracks">
		<SimpleData name="fid">277</SimpleData>
		<SimpleData name="Usage">Unknown</SimpleData>
	</SchemaData></ExtendedData>
      <MultiGeometry><LineString><coordinates>144.1482428,-35.1517779 144.1476956,-35.1520004 144.147654047463,-35.1520302335519</coordinates></LineString></MultiGeometry>
  </Placemark>
  <Placemark>
	<Style><LineStyle><color>FF0067ce</color><width>5.66928</width></LineStyle><PolyStyle><fill>0</fill></PolyStyle></Style>
	<ExtendedData><SchemaData schemaUrl="#tracks">
		<SimpleData name="fid">278</SimpleData>
		<SimpleData name="Usage">Unknown</SimpleData>
	</SchemaData></ExtendedData>
      <MultiGeometry><LineString><coordinates>144.1427886,-35.1475479 144.1423491,-35.1476548</coordinates></LineString></MultiGeometry>
  </Placemark>
  <Placemark>
	<Style><LineStyle><color>FF0067ce</color><width>5.66928</width></LineStyle><PolyStyle><fill>0</fill></PolyStyle></Style>
	<ExtendedData><SchemaData schemaUrl="#tracks">
		<SimpleData name="fid">279</SimpleData>
		<SimpleData name="Usage">Unknown</SimpleData>
	</SchemaData></ExtendedData>
      <MultiGeometry><LineString><coordinates>144.1423491,-35.1476548 144.141896,-35.1476999</coordinates></LineString></MultiGeometry>
  </Placemark>
  <Placemark>
	<Style><LineStyle><color>FF0067ce</color><width>5.66928</width></LineStyle><PolyStyle><fill>0</fill></PolyStyle></Style>
	<ExtendedData><SchemaData schemaUrl="#tracks">
		<SimpleData name="fid">280</SimpleData>
		<SimpleData name="Usage">Unknown</SimpleData>
	</SchemaData></ExtendedData>
      <MultiGeometry><LineString><coordinates>144.1404458,-35.1486164 144.1406747,-35.1489625 144.140705084192,-35.1489955717447</coordinates></LineString></MultiGeometry>
  </Placemark>
  <Placemark>
	<Style><LineStyle><color>FF0067ce</color><width>5.66928</width></LineStyle><PolyStyle><fill>0</fill></PolyStyle></Style>
	<ExtendedData><SchemaData schemaUrl="#tracks">
		<SimpleData name="fid">282</SimpleData>
		<SimpleData name="Usage">Unknown</SimpleData>
	</SchemaData></ExtendedData>
      <MultiGeometry><LineString><coordinates>144.140705084192,-35.1489955717447 144.1406121,-35.1494781</coordinates></LineString></MultiGeometry>
  </Placemark>
  <Placemark>
	<Style><LineStyle><color>FF0067ce</color><width>5.66928</width></LineStyle><PolyStyle><fill>0</fill></PolyStyle></Style>
	<ExtendedData><SchemaData schemaUrl="#tracks">
		<SimpleData name="fid">286</SimpleData>
		<SimpleData name="Usage">Unknown</SimpleData>
	</SchemaData></ExtendedData>
      <MultiGeometry></MultiGeometry>
  </Placemark>
  <Placemark>
	<Style><LineStyle><color>FF0067ce</color><width>5.66928</width></LineStyle><PolyStyle><fill>0</fill></PolyStyle></Style>
	<ExtendedData><SchemaData schemaUrl="#tracks">
		<SimpleData name="fid">287</SimpleData>
		<SimpleData name="Usage">Unknown</SimpleData>
	</SchemaData></ExtendedData>
      <MultiGeometry><LineString><coordinates>144.14216,-35.148198 144.1420777,-35.1481453</coordinates></LineString></MultiGeometry>
  </Placemark>
  <Placemark>
	<Style><LineStyle><color>FF0067ce</color><width>5.66928</width></LineStyle><PolyStyle><fill>0</fill></PolyStyle></Style>
	<ExtendedData><SchemaData schemaUrl="#tracks">
		<SimpleData name="fid">288</SimpleData>
		<SimpleData name="Usage">Unknown</SimpleData>
	</SchemaData></ExtendedData>
      <MultiGeometry><LineString><coordinates>144.1420132,-35.1481829 144.1420777,-35.1481453</coordinates></LineString></MultiGeometry>
  </Placemark>
  <Placemark>
	<Style><LineStyle><color>FF0067ce</color><width>5.66928</width></LineStyle><PolyStyle><fill>0</fill></PolyStyle></Style>
	<ExtendedData><SchemaData schemaUrl="#tracks">
		<SimpleData name="fid">289</SimpleData>
		<SimpleData name="Usage">Unknown</SimpleData>
	</SchemaData></ExtendedData>
      <MultiGeometry><LineString><coordinates>144.141896,-35.1476999 144.141731971289,-35.1478868890749</coordinates></LineString></MultiGeometry>
  </Placemark>
  <Placemark>
	<Style><LineStyle><color>FF0067ce</color><width>5.66928</width></LineStyle><PolyStyle><fill>0</fill></PolyStyle></Style>
	<ExtendedData><SchemaData schemaUrl="#tracks">
		<SimpleData name="fid">291</SimpleData>
		<SimpleData name="Usage">Unknown</SimpleData>
	</SchemaData></ExtendedData>
      <MultiGeometry></MultiGeometry>
  </Placemark>
  <Placemark>
	<Style><LineStyle><color>FF0067ce</color><width>5.66928</width></LineStyle><PolyStyle><fill>0</fill></PolyStyle></Style>
	<ExtendedData><SchemaData schemaUrl="#tracks">
		<SimpleData name="fid">292</SimpleData>
		<SimpleData name="Usage">Unknown</SimpleData>
	</SchemaData></ExtendedData>
      <MultiGeometry><LineString><coordinates>144.140801654477,-35.148330997469 144.1410654,-35.1485097 144.141066100814,-35.1489733718537 144.141063706136,-35.1489895105371</coordinates></LineString></MultiGeometry>
  </Placemark>
  <Placemark>
	<Style><LineStyle><color>FF0067ce</color><width>5.66928</width></LineStyle><PolyStyle><fill>0</fill></PolyStyle></Style>
	<ExtendedData><SchemaData schemaUrl="#tracks">
		<SimpleData name="fid">293</SimpleData>
		<SimpleData name="Usage">Unknown</SimpleData>
	</SchemaData></ExtendedData>
      <MultiGeometry><LineString><coordinates>144.1401458,-35.1494543 144.1406121,-35.1494781</coordinates></LineString></MultiGeometry>
  </Placemark>
  <Placemark>
	<Style><LineStyle><color>FF0067ce</color><width>5.66928</width></LineStyle><PolyStyle><fill>0</fill></PolyStyle></Style>
	<ExtendedData><SchemaData schemaUrl="#tracks">
		<SimpleData name="fid">294</SimpleData>
		<SimpleData name="Usage">Unknown</SimpleData>
	</SchemaData></ExtendedData>
      <MultiGeometry><LineString><coordinates>144.140935024139,-35.1489803061745 144.141069,-35.1493346 144.1412862,-35.1495342</coordinates></LineString></MultiGeometry>
  </Placemark>
  <Placemark>
	<Style><LineStyle><color>FF0067ce</color><width>5.66928</width></LineStyle><PolyStyle><fill>0</fill></PolyStyle></Style>
	<ExtendedData><SchemaData schemaUrl="#tracks">
		<SimpleData name="fid">295</SimpleData>
		<SimpleData name="Usage">Unknown</SimpleData>
	</SchemaData></ExtendedData>
      <MultiGeometry><LineString><coordinates>144.141731971289,-35.1478868890749 144.1419445,-35.1480731 144.1420777,-35.1481453</coordinates></LineString></MultiGeometry>
  </Placemark>
  <Placemark>
	<Style><LineStyle><color>FF0067ce</color><width>5.66928</width></LineStyle><PolyStyle><fill>0</fill></PolyStyle></Style>
	<ExtendedData><SchemaData schemaUrl="#tracks">
		<SimpleData name="fid">296</SimpleData>
		<SimpleData name="Usage">Unknown</SimpleData>
	</SchemaData></ExtendedData>
      <MultiGeometry><LineString><coordinates>144.1423491,-35.1476548 144.1422491,-35.1477784 144.1419445,-35.1480731</coordinates></LineString></MultiGeometry>
  </Placemark>
  <Placemark>
	<Style><LineStyle><color>FF0067ce</color><width>5.66928</width></LineStyle><PolyStyle><fill>0</fill></PolyStyle></Style>
	<ExtendedData><SchemaData schemaUrl="#tracks">
		<SimpleData name="fid">297</SimpleData>
		<SimpleData name="Usage">Unknown</SimpleData>
	</SchemaData></ExtendedData>
      <MultiGeometry><LineString><coordinates>144.141731971289,-35.1478868890749 144.1413932,-35.148083 144.140801654477,-35.148330997469 144.1404458,-35.1486164</coordinates></LineString></MultiGeometry>
  </Placemark>
  <Placemark>
	<Style><LineStyle><color>FF0067ce</color><width>5.66928</width></LineStyle><PolyStyle><fill>0</fill></PolyStyle></Style>
	<ExtendedData><SchemaData schemaUrl="#tracks">
		<SimpleData name="fid">298</SimpleData>
		<SimpleData name="Usage">Unknown</SimpleData>
	</SchemaData></ExtendedData>
      <MultiGeometry><LineString><coordinates>144.143944090327,-35.1494093779416 144.14395,-35.1494015 144.1441253,-35.1491529 144.1441507,-35.1488678</coordinates></LineString></MultiGeometry>
  </Placemark>
  <Placemark>
	<Style><LineStyle><color>FF0067ce</color><width>5.66928</width></LineStyle><PolyStyle><fill>0</fill></PolyStyle></Style>
	<ExtendedData><SchemaData schemaUrl="#tracks">
		<SimpleData name="fid">299</SimpleData>
		<SimpleData name="Usage">Unknown</SimpleData>
	</SchemaData></ExtendedData>
      <MultiGeometry><LineString><coordinates>144.143769931508,-35.149154037141 144.1441285,-35.1487945</coordinates></LineString></MultiGeometry>
  </Placemark>
  <Placemark>
	<Style><LineStyle><color>FF0067ce</color><width>5.66928</width></LineStyle><PolyStyle><fill>0</fill></PolyStyle></Style>
	<ExtendedData><SchemaData schemaUrl="#tracks">
		<SimpleData name="fid">300</SimpleData>
		<SimpleData name="Usage">Unknown</SimpleData>
	</SchemaData></ExtendedData>
      <MultiGeometry><LineString><coordinates>144.1441507,-35.1488678 144.1441365,-35.148817 144.1441285,-35.1487945</coordinates></LineString></MultiGeometry>
  </Placemark>
  <Placemark>
	<Style><LineStyle><color>FF0067ce</color><width>5.66928</width></LineStyle><PolyStyle><fill>0</fill></PolyStyle></Style>
	<ExtendedData><SchemaData schemaUrl="#tracks">
		<SimpleData name="fid">301</SimpleData>
		<SimpleData name="Usage">Unknown</SimpleData>
	</SchemaData></ExtendedData>
      <MultiGeometry><LineString><coordinates>144.1435835,-35.1488637 144.1441285,-35.1487945</coordinates></LineString></MultiGeometry>
  </Placemark>
  <Placemark>
	<Style><LineStyle><color>FF0067ce</color><width>5.66928</width></LineStyle><PolyStyle><fill>0</fill></PolyStyle></Style>
	<ExtendedData><SchemaData schemaUrl="#tracks">
		<SimpleData name="fid">302</SimpleData>
		<SimpleData name="Usage">Unknown</SimpleData>
	</SchemaData></ExtendedData>
      <MultiGeometry><LineString><coordinates>144.1435269,-35.1486669 144.144057,-35.14846</coordinates></LineString></MultiGeometry>
  </Placemark>
  <Placemark>
	<Style><LineStyle><color>FF0067ce</color><width>5.66928</width></LineStyle><PolyStyle><fill>0</fill></PolyStyle></Style>
	<ExtendedData><SchemaData schemaUrl="#tracks">
		<SimpleData name="fid">303</SimpleData>
		<SimpleData name="Usage">Unknown</SimpleData>
	</SchemaData></ExtendedData>
      <MultiGeometry><LineString><coordinates>144.144057,-35.14846 144.1440554,-35.1482281 144.1441272,-35.1481227</coordinates></LineString></MultiGeometry>
  </Placemark>
  <Placemark>
	<Style><LineStyle><color>FF0067ce</color><width>5.66928</width></LineStyle><PolyStyle><fill>0</fill></PolyStyle></Style>
	<ExtendedData><SchemaData schemaUrl="#tracks">
		<SimpleData name="fid">304</SimpleData>
		<SimpleData name="Usage">Unknown</SimpleData>
	</SchemaData></ExtendedData>
      <MultiGeometry><LineString><coordinates>144.144057,-35.14846 144.1441285,-35.1487945</coordinates></LineString></MultiGeometry>
  </Placemark>
  <Placemark>
	<Style><LineStyle><color>FF0067ce</color><width>5.66928</width></LineStyle><PolyStyle><fill>0</fill></PolyStyle></Style>
	<ExtendedData><SchemaData schemaUrl="#tracks">
		<SimpleData name="fid">305</SimpleData>
		<SimpleData name="Usage">Unknown</SimpleData>
	</SchemaData></ExtendedData>
      <MultiGeometry><LineString><coordinates>144.145513253863,-35.1482565291773 144.1454323,-35.1482818 144.1450926,-35.1483964 144.1447342,-35.1485054 144.1441285,-35.1487945</coordinates></LineString></MultiGeometry>
  </Placemark>
  <Placemark>
	<Style><LineStyle><color>FF0067ce</color><width>5.66928</width></LineStyle><PolyStyle><fill>0</fill></PolyStyle></Style>
	<ExtendedData><SchemaData schemaUrl="#tracks">
		<SimpleData name="fid">306</SimpleData>
		<SimpleData name="Usage">Unknown</SimpleData>
	</SchemaData></ExtendedData>
      <MultiGeometry><LineString><coordinates>144.1441272,-35.1481227 144.1444754,-35.1479161</coordinates></LineString></MultiGeometry>
  </Placemark>
  <Placemark>
	<Style><LineStyle><color>FF0067ce</color><width>5.66928</width></LineStyle><PolyStyle><fill>0</fill></PolyStyle></Style>
	<ExtendedData><SchemaData schemaUrl="#tracks">
		<SimpleData name="fid">307</SimpleData>
		<SimpleData name="Usage">Unknown</SimpleData>
	</SchemaData></ExtendedData>
      <MultiGeometry><LineString><coordinates>144.144556067061,-35.1477050853854 144.144553266118,-35.1477135807181 144.1444754,-35.1479161</coordinates></LineString></MultiGeometry>
  </Placemark>
  <Placemark>
	<Style><LineStyle><color>FF0067ce</color><width>5.66928</width></LineStyle><PolyStyle><fill>0</fill></PolyStyle></Style>
	<ExtendedData><SchemaData schemaUrl="#tracks">
		<SimpleData name="fid">308</SimpleData>
		<SimpleData name="Usage">Unknown</SimpleData>
	</SchemaData></ExtendedData>
      <MultiGeometry><LineString><coordinates>144.144338831042,-35.1477435362272 144.1444754,-35.1479161</coordinates></LineString></MultiGeometry>
  </Placemark>
  <Placemark>
	<Style><LineStyle><color>FF0067ce</color><width>5.66928</width></LineStyle><PolyStyle><fill>0</fill></PolyStyle></Style>
	<ExtendedData><SchemaData schemaUrl="#tracks">
		<SimpleData name="fid">309</SimpleData>
		<SimpleData name="Usage">Unknown</SimpleData>
	</SchemaData></ExtendedData>
      <MultiGeometry><LineString><coordinates>144.143896339314,-35.1478904544495 144.1437641,-35.1480547 144.14328933144,-35.1483452771148</coordinates></LineString></MultiGeometry>
  </Placemark>
  <Placemark>
	<Style><LineStyle><color>FF0067ce</color><width>5.66928</width></LineStyle><PolyStyle><fill>0</fill></PolyStyle></Style>
	<ExtendedData><SchemaData schemaUrl="#tracks">
		<SimpleData name="fid">310</SimpleData>
		<SimpleData name="Usage">Unknown</SimpleData>
	</SchemaData></ExtendedData>
      <MultiGeometry><LineString><coordinates>144.1435159,-35.1479785 144.1435159,-35.1479785 144.1437641,-35.1480547</coordinates></LineString></MultiGeometry>
  </Placemark>
  <Placemark>
	<Style><LineStyle><color>ff0000ff</color></LineStyle><PolyStyle><fill>0</fill></PolyStyle></Style>
	<ExtendedData><SchemaData schemaUrl="#tracks">
		<SimpleData name="fid">311</SimpleData>
		<SimpleData name="Usage">'unknown'</SimpleData>
	</SchemaData></ExtendedData>
      <MultiGeometry><LineString><coordinates>144.144657580951,-35.1468972171979 144.144656778881,-35.1471493132108 144.144687584897,-35.1473204637584 144.144693337091,-35.1475163879565</coordinates></LineString></MultiGeometry>
  </Placemark>
  <Placemark>
	<Style><LineStyle><color>FF0067ce</color><width>5.66928</width></LineStyle><PolyStyle><fill>0</fill></PolyStyle></Style>
	<ExtendedData><SchemaData schemaUrl="#tracks">
		<SimpleData name="fid">312</SimpleData>
		<SimpleData name="Usage">Unknown</SimpleData>
	</SchemaData></ExtendedData>
      <MultiGeometry><LineString><coordinates>144.150775717906,-35.1440390958777 144.150757035244,-35.143840420983 144.150707739246,-35.1436084023308 144.150673433172,-35.1434528834931 144.15064475561,-35.1433047492041</coordinates></LineString></MultiGeometry>
  </Placemark>
  <Placemark>
	<Style><LineStyle><color>FF0067ce</color><width>5.66928</width></LineStyle><PolyStyle><fill>0</fill></PolyStyle></Style>
	<ExtendedData><SchemaData schemaUrl="#tracks">
		<SimpleData name="fid">313</SimpleData>
		<SimpleData name="Usage">Unknown</SimpleData>
	</SchemaData></ExtendedData>
      <MultiGeometry><LineString><coordinates>144.150644755608,-35.1433047492034 144.150571602715,-35.1430395346095 144.150474795344,-35.142819693272 144.150408733678,-35.1426465054434</coordinates></LineString></MultiGeometry>
  </Placemark>
  <Placemark>
	<Style><LineStyle><color>FF0067ce</color><width>5.66928</width></LineStyle><PolyStyle><fill>0</fill></PolyStyle></Style>
	<ExtendedData><SchemaData schemaUrl="#tracks">
		<SimpleData name="fid">314</SimpleData>
		<SimpleData name="Usage">Unknown</SimpleData>
	</SchemaData></ExtendedData>
      <MultiGeometry><LineString><coordinates>144.150408733676,-35.1426465054426 144.150146772943,-35.1419093884701 144.149932091505,-35.1413144976958 144.149859363598,-35.1410372058674 144.14955310135,-35.1405368534494 144.14906269948,-35.1399161312328 144.148549118684,-35.1392851918465 144.148159527566,-35.1388118822071 144.147875942218,-35.1385054493046</coordinates></LineString></MultiGeometry>
  </Placemark>
  <Placemark>
	<Style><LineStyle><color>FF0067ce</color><width>5.66928</width></LineStyle><PolyStyle><fill>0</fill></PolyStyle></Style>
	<ExtendedData><SchemaData schemaUrl="#tracks">
		<SimpleData name="fid">315</SimpleData>
		<SimpleData name="Usage">Unknown</SimpleData>
	</SchemaData></ExtendedData>
      <MultiGeometry><LineString><coordinates>144.147875942216,-35.1385054493038 144.147737006399,-35.1383547172804 144.14762034015,-35.1381561623603 144.147496107237,-35.1380057764249 144.147355402067,-35.1379057670136 144.147171423829,-35.1378651721064 144.147015078368,-35.1378759926926 144.146912069647,-35.1379605908177 144.146811241993,-35.1380669965399 144.14673435882,-35.1381618795634 144.146540703802,-35.1382298371493 144.146393600531,-35.1382287878768 144.146224324039,-35.1381885379921 144.146056755348,-35.1380543396564</coordinates></LineString></MultiGeometry>
  </Placemark>
  <Placemark>
	<Style><LineStyle><color>FF0067ce</color><width>5.66928</width></LineStyle><PolyStyle><fill>0</fill></PolyStyle></Style>
	<ExtendedData><SchemaData schemaUrl="#tracks">
		<SimpleData name="fid">316</SimpleData>
		<SimpleData name="Usage">Unknown</SimpleData>
	</SchemaData></ExtendedData>
      <MultiGeometry><LineString><coordinates>144.145106853735,-35.149619746221 144.144587099995,-35.1498262999984 144.144026702573,-35.1498959965099</coordinates></LineString></MultiGeometry>
  </Placemark>
  <Placemark>
	<Style><LineStyle><color>FF0067ce</color><width>5.66928</width></LineStyle><PolyStyle><fill>0</fill></PolyStyle></Style>
	<ExtendedData><SchemaData schemaUrl="#tracks">
		<SimpleData name="fid">317</SimpleData>
		<SimpleData name="Usage">Unknown</SimpleData>
	</SchemaData></ExtendedData>
      <MultiGeometry><LineString><coordinates>144.144587100371,-35.1498262998458 144.144459892653,-35.1500466448788</coordinates></LineString></MultiGeometry>
  </Placemark>
  <Placemark>
	<Style><LineStyle><color>FF0067ce</color><width>5.66928</width></LineStyle><PolyStyle><fill>0</fill></PolyStyle></Style>
	<ExtendedData><SchemaData schemaUrl="#tracks">
		<SimpleData name="fid">318</SimpleData>
		<SimpleData name="Usage">Unknown</SimpleData>
	</SchemaData></ExtendedData>
      <MultiGeometry><LineString><coordinates>144.144326240129,-35.1498587434245 144.144326199995,-35.1498572999984 144.144360999995,-35.1495622999984</coordinates></LineString></MultiGeometry>
  </Placemark>
  <Placemark>
	<Style><LineStyle><color>FF0067ce</color><width>5.66928</width></LineStyle><PolyStyle><fill>0</fill></PolyStyle></Style>
	<ExtendedData><SchemaData schemaUrl="#tracks">
		<SimpleData name="fid">319</SimpleData>
		<SimpleData name="Usage">Unknown</SimpleData>
	</SchemaData></ExtendedData>
      <MultiGeometry><LineString><coordinates>144.143180899995,-35.1481484999984 144.143317270093,-35.1482526638252</coordinates></LineString></MultiGeometry>
  </Placemark>
</Folder>
</Document></kml>
