<?xml version="1.0" encoding="utf-8" ?>
<kml xmlns="http://www.opengis.net/kml/2.2">
<Document id="root_doc">
<Schema name="tracks" id="tracks">
	<SimpleField name="fid" type="float"></SimpleField>
	<SimpleField name="FType" type="int"></SimpleField>
	<SimpleField name="Owner" type="string"></SimpleField>
	<SimpleField name="Usage" type="string"></SimpleField>
	<SimpleField name="Status" type="string"></SimpleField>
	<SimpleField name="Surface" type="string"></SimpleField>
	<SimpleField name="Restriction" type="string"></SimpleField>
	<SimpleField name="Lanes" type="int"></SimpleField>
	<SimpleField name="GlobalID" type="string"></SimpleField>
	<SimpleField name="created_user" type="string"></SimpleField>
	<SimpleField name="created_date" type="string"></SimpleField>
	<SimpleField name="last_edited_user" type="string"></SimpleField>
	<SimpleField name="last_edited_date" type="string"></SimpleField>
	<SimpleField name="VehicleTravel" type="string"></SimpleField>
	<SimpleField name="VehicleRequirement" type="string"></SimpleField>
	<SimpleField name="VehicleLimitation" type="string"></SimpleField>
	<SimpleField name="SHAPE_Length" type="float"></SimpleField>
	<SimpleField name="Source" type="string"></SimpleField>
</Schema>
<Folder><name>tracks</name>
  <Placemark>
	<name>NULL</name>
	<Style><LineStyle><color>ff0000ff</color></LineStyle><PolyStyle><fill>0</fill></PolyStyle></Style>
	<ExtendedData><SchemaData schemaUrl="#tracks">
		<SimpleData name="fid">40</SimpleData>
		<SimpleData name="FType">0</SimpleData>
		<SimpleData name="Owner">DTE</SimpleData>
		<SimpleData name="Usage">Ped02</SimpleData>
		<SimpleData name="Status">In Use</SimpleData>
		<SimpleData name="Surface">Bare</SimpleData>
		<SimpleData name="Restriction">General</SimpleData>
		<SimpleData name="Lanes">0</SimpleData>
		<SimpleData name="GlobalID">{EDB6BD56-751B-4FD2-9AD1-0ED9967C4DD8}</SimpleData>
		<SimpleData name="created_user">WELNIG</SimpleData>
		<SimpleData name="last_edited_user">WELNIG</SimpleData>
		<SimpleData name="VehicleTravel">NA</SimpleData>
		<SimpleData name="VehicleRequirement">NA</SimpleData>
		<SimpleData name="VehicleLimitation">Not Accessible with Vehicle</SimpleData>
		<SimpleData name="SHAPE_Length">40.9080960073</SimpleData>
	</SchemaData></ExtendedData>
      <MultiGeometry><LineString><coordinates>144.139310549825,-35.1375945237657 144.139198844319,-35.1376672001587 144.138993845178,-35.1377425181659</coordinates></LineString></MultiGeometry>
  </Placemark>
  <Placemark>
	<name>NULL</name>
	<Style><LineStyle><color>ff0000ff</color></LineStyle><PolyStyle><fill>0</fill></PolyStyle></Style>
	<ExtendedData><SchemaData schemaUrl="#tracks">
		<SimpleData name="fid">78</SimpleData>
		<SimpleData name="FType">0</SimpleData>
		<SimpleData name="Owner">DTE</SimpleData>
		<SimpleData name="Usage">Ped02</SimpleData>
		<SimpleData name="Status">In Use</SimpleData>
		<SimpleData name="Surface">Bare</SimpleData>
		<SimpleData name="Restriction">General</SimpleData>
		<SimpleData name="Lanes">1</SimpleData>
		<SimpleData name="GlobalID">{5772A648-D07E-48BD-A98D-44793CC8CF7C}</SimpleData>
		<SimpleData name="created_user">WELNIG</SimpleData>
		<SimpleData name="last_edited_user">WELNIG</SimpleData>
		<SimpleData name="VehicleTravel">Constricted</SimpleData>
		<SimpleData name="VehicleRequirement">No Requirements</SimpleData>
		<SimpleData name="VehicleLimitation">Small Vehicle Only</SimpleData>
		<SimpleData name="SHAPE_Length">57.2249278043</SimpleData>
	</SchemaData></ExtendedData>
      <MultiGeometry><LineString><coordinates>144.138453124056,-35.1368338445531 144.138292498995,-35.1369076882073 144.137962718471,-35.1369052588073</coordinates></LineString></MultiGeometry>
  </Placemark>
  <Placemark>
	<name>NULL</name>
	<Style><LineStyle><color>ff0000ff</color></LineStyle><PolyStyle><fill>0</fill></PolyStyle></Style>
	<ExtendedData><SchemaData schemaUrl="#tracks">
		<SimpleData name="fid">93</SimpleData>
		<SimpleData name="FType">0</SimpleData>
		<SimpleData name="Owner">DTE</SimpleData>
		<SimpleData name="Usage">Unknown</SimpleData>
		<SimpleData name="Status">Unknown</SimpleData>
		<SimpleData name="Surface">Unknown</SimpleData>
		<SimpleData name="Restriction">Staff</SimpleData>
		<SimpleData name="Lanes">0</SimpleData>
		<SimpleData name="GlobalID">{DD2C8AB5-CCBA-4DE2-BDD5-335CFFCFF08A}</SimpleData>
		<SimpleData name="created_user">WELNIG</SimpleData>
		<SimpleData name="last_edited_user">WELNIG</SimpleData>
		<SimpleData name="VehicleTravel">Unknown</SimpleData>
		<SimpleData name="VehicleRequirement">Unknown</SimpleData>
		<SimpleData name="VehicleLimitation">Unknown</SimpleData>
		<SimpleData name="SHAPE_Length">334.363714643</SimpleData>
	</SchemaData></ExtendedData>
      <MultiGeometry><LineString><coordinates>144.146057388987,-35.1380476028753 144.146051447529,-35.1381107722421 144.146009852837,-35.1382371100938 144.14590883908,-35.1384314763148 144.145784057697,-35.1387035878039 144.145605797809,-35.1390194308676 144.145481015527,-35.1392623862366 144.145284930369,-35.1395782271322 144.145124496649,-35.1398600527707 144.145041308162,-35.1400398385446 144.145005656723,-35.1401856092911 144.145059134331,-35.1403216625849</coordinates></LineString></MultiGeometry>
  </Placemark>
  <Placemark>
	<name>Mislocation Road</name>
	<Style><LineStyle><color>ff0000ff</color></LineStyle><PolyStyle><fill>0</fill></PolyStyle></Style>
	<ExtendedData><SchemaData schemaUrl="#tracks">
		<SimpleData name="fid">99</SimpleData>
		<SimpleData name="FType">0</SimpleData>
		<SimpleData name="Owner">DTE</SimpleData>
		<SimpleData name="Usage">Unknown</SimpleData>
		<SimpleData name="Status">Unknown</SimpleData>
		<SimpleData name="Surface">Unknown</SimpleData>
		<SimpleData name="Restriction">Staff</SimpleData>
		<SimpleData name="Lanes">0</SimpleData>
		<SimpleData name="GlobalID">{725AAFF4-BE3E-4676-A7B6-B5902CAF6373}</SimpleData>
		<SimpleData name="created_user">WELNIG</SimpleData>
		<SimpleData name="last_edited_user">WELNIG</SimpleData>
		<SimpleData name="VehicleTravel">Unknown</SimpleData>
		<SimpleData name="VehicleRequirement">Unknown</SimpleData>
		<SimpleData name="VehicleLimitation">Unknown</SimpleData>
		<SimpleData name="SHAPE_Length">96.4623480244</SimpleData>
	</SchemaData></ExtendedData>
      <MultiGeometry><LineString><coordinates>144.146771978134,-35.1508362518801 144.146903712477,-35.1508003481505 144.147303014519,-35.1506487659579 144.147552578183,-35.1505321633447</coordinates></LineString></MultiGeometry>
  </Placemark>
  <Placemark>
	<name>Mislocation Road</name>
	<Style><LineStyle><color>ff0000ff</color></LineStyle><PolyStyle><fill>0</fill></PolyStyle></Style>
	<ExtendedData><SchemaData schemaUrl="#tracks">
		<SimpleData name="fid">100</SimpleData>
		<SimpleData name="FType">0</SimpleData>
		<SimpleData name="Owner">DTE</SimpleData>
		<SimpleData name="Usage">Unknown</SimpleData>
		<SimpleData name="Status">Unknown</SimpleData>
		<SimpleData name="Surface">Unknown</SimpleData>
		<SimpleData name="Restriction">Staff</SimpleData>
		<SimpleData name="Lanes">0</SimpleData>
		<SimpleData name="GlobalID">{00201D65-16F6-4B49-A218-EC92B33F3274}</SimpleData>
		<SimpleData name="created_user">WELNIG</SimpleData>
		<SimpleData name="last_edited_user">WELNIG</SimpleData>
		<SimpleData name="VehicleTravel">Unknown</SimpleData>
		<SimpleData name="VehicleRequirement">Unknown</SimpleData>
		<SimpleData name="VehicleLimitation">Unknown</SimpleData>
		<SimpleData name="SHAPE_Length">271.632253986</SimpleData>
	</SchemaData></ExtendedData>
      <MultiGeometry><LineString><coordinates>144.144711117108,-35.1502406571823 144.144789551711,-35.1503718356722 144.144846594731,-35.1504563724012 144.144950439355,-35.1505831510775 144.145135900567,-35.1507083925891 144.145383457463,-35.1508254285306 144.145559682253,-35.1509202346123 144.145748588616,-35.1509606757131 144.145994587765,-35.1509723358471 144.146226325261,-35.1509519300606 144.1465677,-35.1509273 144.146771978134,-35.1508362518801</coordinates></LineString></MultiGeometry>
  </Placemark>
  <Placemark>
	<name>Mislocation Road</name>
	<Style><LineStyle><color>ff0000ff</color></LineStyle><PolyStyle><fill>0</fill></PolyStyle></Style>
	<ExtendedData><SchemaData schemaUrl="#tracks">
		<SimpleData name="fid">101</SimpleData>
		<SimpleData name="FType">0</SimpleData>
		<SimpleData name="Owner">DTE</SimpleData>
		<SimpleData name="Usage">Unknown</SimpleData>
		<SimpleData name="Status">Unknown</SimpleData>
		<SimpleData name="Surface">Unknown</SimpleData>
		<SimpleData name="Restriction">Staff</SimpleData>
		<SimpleData name="Lanes">0</SimpleData>
		<SimpleData name="GlobalID">{795CF653-2988-48F4-AD12-B32E11508A2C}</SimpleData>
		<SimpleData name="created_user">WELNIG</SimpleData>
		<SimpleData name="last_edited_user">WELNIG</SimpleData>
		<SimpleData name="VehicleTravel">Unknown</SimpleData>
		<SimpleData name="VehicleRequirement">Unknown</SimpleData>
		<SimpleData name="VehicleLimitation">Unknown</SimpleData>
		<SimpleData name="SHAPE_Length">121.121877053</SimpleData>
	</SchemaData></ExtendedData>
      <MultiGeometry><LineString><coordinates>144.147552578183,-35.1505321633447 144.147695185735,-35.1504534571657 144.147901967133,-35.1503251940475 144.14806953168,-35.1502552326622 144.148262052323,-35.1501794414607 144.148443876727,-35.1500336878782</coordinates></LineString></MultiGeometry>
  </Placemark>
  <Placemark>
	<name>Mislocation Road</name>
	<Style><LineStyle><color>ff0000ff</color></LineStyle><PolyStyle><fill>0</fill></PolyStyle></Style>
	<ExtendedData><SchemaData schemaUrl="#tracks">
		<SimpleData name="fid">102</SimpleData>
		<SimpleData name="FType">0</SimpleData>
		<SimpleData name="Owner">DTE</SimpleData>
		<SimpleData name="Usage">Unknown</SimpleData>
		<SimpleData name="Status">Unknown</SimpleData>
		<SimpleData name="Surface">Unknown</SimpleData>
		<SimpleData name="Restriction">Staff</SimpleData>
		<SimpleData name="Lanes">0</SimpleData>
		<SimpleData name="GlobalID">{D9C0AFDE-4565-4E5B-BE26-055233464323}</SimpleData>
		<SimpleData name="created_user">WELNIG</SimpleData>
		<SimpleData name="last_edited_user">WELNIG</SimpleData>
		<SimpleData name="VehicleTravel">Unknown</SimpleData>
		<SimpleData name="VehicleRequirement">Unknown</SimpleData>
		<SimpleData name="VehicleLimitation">Unknown</SimpleData>
		<SimpleData name="SHAPE_Length">146.242491094</SimpleData>
	</SchemaData></ExtendedData>
      <MultiGeometry><LineString><coordinates>144.144001642968,-35.1495381238921 144.14401233831,-35.149855867684 144.144055120575,-35.1499753865191 144.144165642101,-35.1500249421262 144.144304685138,-35.150027857377 144.144411640352,-35.150027857377 144.144486509541,-35.1500570084102 144.144564944143,-35.1501211394714 144.144711117108,-35.1502406571823</coordinates></LineString></MultiGeometry>
  </Placemark>
  <Placemark>
	<name>NULL</name>
	<Style><LineStyle><color>ff0000ff</color></LineStyle><PolyStyle><fill>0</fill></PolyStyle></Style>
	<ExtendedData><SchemaData schemaUrl="#tracks">
		<SimpleData name="fid">103</SimpleData>
		<SimpleData name="FType">0</SimpleData>
		<SimpleData name="Owner">DTE</SimpleData>
		<SimpleData name="Usage">Unknown</SimpleData>
		<SimpleData name="Status">Unknown</SimpleData>
		<SimpleData name="Surface">Unknown</SimpleData>
		<SimpleData name="Restriction">Staff</SimpleData>
		<SimpleData name="Lanes">0</SimpleData>
		<SimpleData name="GlobalID">{CD68208E-C095-4CA8-82A4-4045FAF95F36}</SimpleData>
		<SimpleData name="created_user">WELNIG</SimpleData>
		<SimpleData name="last_edited_user">WELNIG</SimpleData>
		<SimpleData name="VehicleTravel">Unknown</SimpleData>
		<SimpleData name="VehicleRequirement">Unknown</SimpleData>
		<SimpleData name="VehicleLimitation">Unknown</SimpleData>
		<SimpleData name="SHAPE_Length">94.0096096846</SimpleData>
	</SchemaData></ExtendedData>
      <MultiGeometry><LineString><coordinates>144.148443876727,-35.1500336878782 144.148575789835,-35.1497217745697 144.148689692619,-35.1493735407079</coordinates></LineString></MultiGeometry>
  </Placemark>
  <Placemark>
	<name>NULL</name>
	<Style><LineStyle><color>ff0000ff</color></LineStyle><PolyStyle><fill>0</fill></PolyStyle></Style>
	<ExtendedData><SchemaData schemaUrl="#tracks">
		<SimpleData name="fid">104</SimpleData>
		<SimpleData name="FType">0</SimpleData>
		<SimpleData name="Owner">DTE</SimpleData>
		<SimpleData name="Usage">Unknown</SimpleData>
		<SimpleData name="Status">Unknown</SimpleData>
		<SimpleData name="Surface">Unknown</SimpleData>
		<SimpleData name="Restriction">Staff</SimpleData>
		<SimpleData name="Lanes">0</SimpleData>
		<SimpleData name="GlobalID">{8CB3435A-4448-430F-BEFC-BCFD3563FDB1}</SimpleData>
		<SimpleData name="created_user">WELNIG</SimpleData>
		<SimpleData name="last_edited_user">WELNIG</SimpleData>
		<SimpleData name="VehicleTravel">Unknown</SimpleData>
		<SimpleData name="VehicleRequirement">Unknown</SimpleData>
		<SimpleData name="VehicleLimitation">Unknown</SimpleData>
		<SimpleData name="SHAPE_Length">224.141933432</SimpleData>
	</SchemaData></ExtendedData>
      <MultiGeometry><LineString><coordinates>144.146771978134,-35.1508362518801 144.146754865228,-35.1506310322001 144.146662483967,-35.1503960791696 144.146567269621,-35.150259179074 144.14645538937,-35.1501140948408 144.1463508102,-35.1500130394697 144.14628425941,-35.1498925496726 144.146241477145,-35.149686550503 144.146198694879,-35.1495233051611 144.146095340113,-35.1493281236761</coordinates></LineString></MultiGeometry>
  </Placemark>
  <Placemark>
	<name>NULL</name>
	<Style><LineStyle><color>ff0000ff</color></LineStyle><PolyStyle><fill>0</fill></PolyStyle></Style>
	<ExtendedData><SchemaData schemaUrl="#tracks">
		<SimpleData name="fid">105</SimpleData>
		<SimpleData name="FType">0</SimpleData>
		<SimpleData name="Owner">DTE</SimpleData>
		<SimpleData name="Usage">Unknown</SimpleData>
		<SimpleData name="Status">Unknown</SimpleData>
		<SimpleData name="Surface">Unknown</SimpleData>
		<SimpleData name="Restriction">Staff</SimpleData>
		<SimpleData name="Lanes">0</SimpleData>
		<SimpleData name="GlobalID">{2512E4E5-BF7C-40E5-B6B4-8D11C04435D9}</SimpleData>
		<SimpleData name="created_user">WELNIG</SimpleData>
		<SimpleData name="last_edited_user">WELNIG</SimpleData>
		<SimpleData name="VehicleTravel">Unknown</SimpleData>
		<SimpleData name="VehicleRequirement">Unknown</SimpleData>
		<SimpleData name="VehicleLimitation">Unknown</SimpleData>
		<SimpleData name="SHAPE_Length">235.635750895</SimpleData>
	</SchemaData></ExtendedData>
      <MultiGeometry><LineString><coordinates>144.146095340113,-35.1493281236761 144.146233456088,-35.1494623312882 144.146639888058,-35.1498500379045 144.146835974115,-35.1499957918159 144.147017798518,-35.1501415454662 144.147135449973,-35.1502668928972 144.147281622937,-35.1504155612989 144.147363622953,-35.1504942675145 144.147445622071,-35.1505379938098 144.147552578183,-35.1505321633447</coordinates></LineString></MultiGeometry>
  </Placemark>
  <Placemark>
	<name>NULL</name>
	<Style><LineStyle><color>ff0000ff</color></LineStyle><PolyStyle><fill>0</fill></PolyStyle></Style>
	<ExtendedData><SchemaData schemaUrl="#tracks">
		<SimpleData name="fid">107</SimpleData>
		<SimpleData name="FType">0</SimpleData>
		<SimpleData name="Owner">DTE</SimpleData>
		<SimpleData name="Usage">Unknown</SimpleData>
		<SimpleData name="Status">Unknown</SimpleData>
		<SimpleData name="Surface">Unknown</SimpleData>
		<SimpleData name="Restriction">Staff</SimpleData>
		<SimpleData name="Lanes">0</SimpleData>
		<SimpleData name="GlobalID">{7029EE51-9E27-4ACB-A875-7C11F319D5BF}</SimpleData>
		<SimpleData name="created_user">WELNIG</SimpleData>
		<SimpleData name="last_edited_user">WELNIG</SimpleData>
		<SimpleData name="VehicleTravel">Unknown</SimpleData>
		<SimpleData name="VehicleRequirement">Unknown</SimpleData>
		<SimpleData name="VehicleLimitation">Unknown</SimpleData>
		<SimpleData name="SHAPE_Length">150.573198379</SimpleData>
	</SchemaData></ExtendedData>
      <MultiGeometry><LineString><coordinates>144.148443876727,-35.1500336878782 144.148654223539,-35.1499025095777 144.148989351734,-35.1497159440461 144.149196133132,-35.1495935102982 144.149335176169,-35.1495060574035 144.14944926221,-35.1493224069735</coordinates></LineString></MultiGeometry>
  </Placemark>
  <Placemark>
	<name>Axis Pass</name>
	<Style><LineStyle><color>ff0000ff</color></LineStyle><PolyStyle><fill>0</fill></PolyStyle></Style>
	<ExtendedData><SchemaData schemaUrl="#tracks">
		<SimpleData name="fid">108</SimpleData>
		<SimpleData name="FType">0</SimpleData>
		<SimpleData name="Owner">DTE</SimpleData>
		<SimpleData name="Usage">Unknown</SimpleData>
		<SimpleData name="Status">Unknown</SimpleData>
		<SimpleData name="Surface">Unknown</SimpleData>
		<SimpleData name="Restriction">Staff</SimpleData>
		<SimpleData name="Lanes">0</SimpleData>
		<SimpleData name="GlobalID">{0B6350CA-2DE6-4320-9072-E4F4D0C6609C}</SimpleData>
		<SimpleData name="created_user">WELNIG</SimpleData>
		<SimpleData name="last_edited_user">WELNIG</SimpleData>
		<SimpleData name="VehicleTravel">Unknown</SimpleData>
		<SimpleData name="VehicleRequirement">Unknown</SimpleData>
		<SimpleData name="VehicleLimitation">Unknown</SimpleData>
		<SimpleData name="SHAPE_Length">212.10026317</SimpleData>
	</SchemaData></ExtendedData>
      <MultiGeometry><LineString><coordinates>144.145876936311,-35.1490775381094 144.145709371764,-35.1492203781248 144.1455631988,-35.149351557525 144.145434852003,-35.1494710763662 144.145324330477,-35.149546868962 144.145106853737,-35.1496197462218 144.145067636885,-35.1497217745697 144.145028419134,-35.149882103523 144.14493928919,-35.1499957918159 144.144711117108,-35.1502406571823</coordinates></LineString></MultiGeometry>
  </Placemark>
  <Placemark>
	<name>NULL</name>
	<Style><LineStyle><color>ff0000ff</color></LineStyle><PolyStyle><fill>0</fill></PolyStyle></Style>
	<ExtendedData><SchemaData schemaUrl="#tracks">
		<SimpleData name="fid">109</SimpleData>
		<SimpleData name="FType">0</SimpleData>
		<SimpleData name="Owner">DTE</SimpleData>
		<SimpleData name="Usage">Unknown</SimpleData>
		<SimpleData name="Status">Unknown</SimpleData>
		<SimpleData name="Surface">Unknown</SimpleData>
		<SimpleData name="Restriction">Staff</SimpleData>
		<SimpleData name="Lanes">0</SimpleData>
		<SimpleData name="GlobalID">{9FEEA36D-6EEF-4100-B234-C706814EE0F5}</SimpleData>
		<SimpleData name="created_user">WELNIG</SimpleData>
		<SimpleData name="last_edited_user">WELNIG</SimpleData>
		<SimpleData name="VehicleTravel">Unknown</SimpleData>
		<SimpleData name="VehicleRequirement">Unknown</SimpleData>
		<SimpleData name="VehicleLimitation">Unknown</SimpleData>
		<SimpleData name="SHAPE_Length">42.0009291248</SimpleData>
	</SchemaData></ExtendedData>
      <MultiGeometry><LineString><coordinates>144.145876936311,-35.1490775381094 144.145987456939,-35.1492232934045 144.146095340113,-35.1493281236761</coordinates></LineString></MultiGeometry>
  </Placemark>
  <Placemark>
	<name>NULL</name>
	<Style><LineStyle><color>ff0000ff</color></LineStyle><PolyStyle><fill>0</fill></PolyStyle></Style>
	<ExtendedData><SchemaData schemaUrl="#tracks">
		<SimpleData name="fid">110</SimpleData>
		<SimpleData name="FType">0</SimpleData>
		<SimpleData name="Owner">DTE</SimpleData>
		<SimpleData name="Usage">Unknown</SimpleData>
		<SimpleData name="Status">Unknown</SimpleData>
		<SimpleData name="Surface">Unknown</SimpleData>
		<SimpleData name="Restriction">Staff</SimpleData>
		<SimpleData name="Lanes">0</SimpleData>
		<SimpleData name="GlobalID">{E8E9E6C9-EC39-4584-92E7-0E20E846C9B2}</SimpleData>
		<SimpleData name="created_user">WELNIG</SimpleData>
		<SimpleData name="last_edited_user">WELNIG</SimpleData>
		<SimpleData name="VehicleTravel">Unknown</SimpleData>
		<SimpleData name="VehicleRequirement">Unknown</SimpleData>
		<SimpleData name="VehicleLimitation">Unknown</SimpleData>
		<SimpleData name="SHAPE_Length">97.6175796253</SimpleData>
	</SchemaData></ExtendedData>
      <MultiGeometry><LineString><coordinates>144.145876936311,-35.1490775381094 144.14608177558,-35.1488188617591</coordinates></LineString></MultiGeometry>
  </Placemark>
  <Placemark>
	<name>NULL</name>
	<Style><LineStyle><color>ff0000ff</color></LineStyle><PolyStyle><fill>0</fill></PolyStyle></Style>
	<ExtendedData><SchemaData schemaUrl="#tracks">
		<SimpleData name="fid">112</SimpleData>
		<SimpleData name="FType">0</SimpleData>
		<SimpleData name="Owner">DTE</SimpleData>
		<SimpleData name="Usage">Unknown</SimpleData>
		<SimpleData name="Status">Unknown</SimpleData>
		<SimpleData name="Surface">Unknown</SimpleData>
		<SimpleData name="Restriction">Staff</SimpleData>
		<SimpleData name="Lanes">0</SimpleData>
		<SimpleData name="GlobalID">{5343E6D9-2531-4B63-A148-F7215D3B5870}</SimpleData>
		<SimpleData name="created_user">WELNIG</SimpleData>
		<SimpleData name="last_edited_user">WELNIG</SimpleData>
		<SimpleData name="VehicleTravel">Unknown</SimpleData>
		<SimpleData name="VehicleRequirement">Unknown</SimpleData>
		<SimpleData name="VehicleLimitation">Unknown</SimpleData>
		<SimpleData name="SHAPE_Length">93.9633082987</SimpleData>
	</SchemaData></ExtendedData>
      <MultiGeometry><LineString><coordinates>144.145627372647,-35.1484187214771 144.145720067106,-35.1486373560918 144.145794936295,-35.1488763956967 144.145876936311,-35.1490775381094</coordinates></LineString></MultiGeometry>
  </Placemark>
  <Placemark>
	<name>NULL</name>
	<Style><LineStyle><color>ff0000ff</color></LineStyle><PolyStyle><fill>0</fill></PolyStyle></Style>
	<ExtendedData><SchemaData schemaUrl="#tracks">
		<SimpleData name="fid">113</SimpleData>
		<SimpleData name="FType">0</SimpleData>
		<SimpleData name="Owner">DTE</SimpleData>
		<SimpleData name="Usage">Unknown</SimpleData>
		<SimpleData name="Status">Unknown</SimpleData>
		<SimpleData name="Surface">Unknown</SimpleData>
		<SimpleData name="Restriction">Staff</SimpleData>
		<SimpleData name="Lanes">0</SimpleData>
		<SimpleData name="GlobalID">{0C042D7A-2EFA-42E7-818A-93E400BBD5FD}</SimpleData>
		<SimpleData name="created_user">WELNIG</SimpleData>
		<SimpleData name="last_edited_user">WELNIG</SimpleData>
		<SimpleData name="VehicleTravel">Unknown</SimpleData>
		<SimpleData name="VehicleRequirement">Unknown</SimpleData>
		<SimpleData name="VehicleLimitation">Unknown</SimpleData>
		<SimpleData name="SHAPE_Length">160.525987429</SimpleData>
	</SchemaData></ExtendedData>
      <MultiGeometry><LineString><coordinates>144.14944926221,-35.1493224069735 144.14944860426,-35.1492259294888 144.149416030676,-35.1490265208077 144.149380992701,-35.1488977247152 144.149490822905,-35.1486825686932 144.149680999705,-35.1485207505963 144.149955520364,-35.1483225221192</coordinates></LineString></MultiGeometry>
  </Placemark>
  <Placemark>
	<name>NULL</name>
	<Style><LineStyle><color>ff0000ff</color></LineStyle><PolyStyle><fill>0</fill></PolyStyle></Style>
	<ExtendedData><SchemaData schemaUrl="#tracks">
		<SimpleData name="fid">114</SimpleData>
		<SimpleData name="FType">0</SimpleData>
		<SimpleData name="Owner">DTE</SimpleData>
		<SimpleData name="Usage">Unknown</SimpleData>
		<SimpleData name="Status">Unknown</SimpleData>
		<SimpleData name="Surface">Unknown</SimpleData>
		<SimpleData name="Restriction">Staff</SimpleData>
		<SimpleData name="Lanes">0</SimpleData>
		<SimpleData name="GlobalID">{0DFAAB6E-4053-40A8-99EA-02A52238F713}</SimpleData>
		<SimpleData name="created_user">WELNIG</SimpleData>
		<SimpleData name="last_edited_user">WELNIG</SimpleData>
		<SimpleData name="VehicleTravel">Unknown</SimpleData>
		<SimpleData name="VehicleRequirement">Unknown</SimpleData>
		<SimpleData name="VehicleLimitation">Unknown</SimpleData>
		<SimpleData name="SHAPE_Length">36.1432223533</SimpleData>
	</SchemaData></ExtendedData>
      <MultiGeometry><LineString><coordinates>144.145458619629,-35.1481923128325 144.145534677289,-35.1482817099468 144.145627372647,-35.1484187214771</coordinates></LineString></MultiGeometry>
  </Placemark>
  <Placemark>
	<name>NULL</name>
	<Style><LineStyle><color>ff0000ff</color></LineStyle><PolyStyle><fill>0</fill></PolyStyle></Style>
	<ExtendedData><SchemaData schemaUrl="#tracks">
		<SimpleData name="fid">119</SimpleData>
		<SimpleData name="FType">0</SimpleData>
		<SimpleData name="Owner">DTE</SimpleData>
		<SimpleData name="Usage">Unknown</SimpleData>
		<SimpleData name="Status">Unknown</SimpleData>
		<SimpleData name="Surface">Unknown</SimpleData>
		<SimpleData name="Restriction">Staff</SimpleData>
		<SimpleData name="Lanes">0</SimpleData>
		<SimpleData name="GlobalID">{F2C77AA0-5D44-49BC-A324-D8646CC95190}</SimpleData>
		<SimpleData name="created_user">WELNIG</SimpleData>
		<SimpleData name="last_edited_user">WELNIG</SimpleData>
		<SimpleData name="VehicleTravel">Unknown</SimpleData>
		<SimpleData name="VehicleRequirement">Unknown</SimpleData>
		<SimpleData name="VehicleLimitation">Unknown</SimpleData>
		<SimpleData name="SHAPE_Length">192.840053472</SimpleData>
	</SchemaData></ExtendedData>
      <MultiGeometry><LineString><coordinates>144.14584304018,-35.1475138771438 144.146143953507,-35.1474499847905 144.146370651289,-35.1473713015015 144.146505458258,-35.1471273266233 144.146941705217,-35.1467396489066 144.147407732568,-35.1463724428338 144.147322224818,-35.1467018001192</coordinates></LineString></MultiGeometry>
  </Placemark>
  <Placemark>
	<name>NULL</name>
	<Style><LineStyle><color>ff0000ff</color></LineStyle><PolyStyle><fill>0</fill></PolyStyle></Style>
	<ExtendedData><SchemaData schemaUrl="#tracks">
		<SimpleData name="fid">121</SimpleData>
		<SimpleData name="FType">0</SimpleData>
		<SimpleData name="Owner">DTE</SimpleData>
		<SimpleData name="Usage">Unknown</SimpleData>
		<SimpleData name="Status">Unknown</SimpleData>
		<SimpleData name="Surface">Unknown</SimpleData>
		<SimpleData name="Restriction">Staff</SimpleData>
		<SimpleData name="Lanes">0</SimpleData>
		<SimpleData name="GlobalID">{CF6854C0-06F3-44EE-B862-F5445710643F}</SimpleData>
		<SimpleData name="created_user">WELNIG</SimpleData>
		<SimpleData name="last_edited_user">WELNIG</SimpleData>
		<SimpleData name="VehicleTravel">Unknown</SimpleData>
		<SimpleData name="VehicleRequirement">Unknown</SimpleData>
		<SimpleData name="VehicleLimitation">Unknown</SimpleData>
		<SimpleData name="SHAPE_Length">176.500023458</SimpleData>
	</SchemaData></ExtendedData>
      <MultiGeometry><LineString><coordinates>144.144686161011,-35.1475091952635 144.144796681639,-35.1476199715346 144.145028419134,-35.1478094564673 144.145458619629,-35.1481923128325</coordinates></LineString></MultiGeometry>
  </Placemark>
  <Placemark>
	<name>NULL</name>
	<Style><LineStyle><color>ff0000ff</color></LineStyle><PolyStyle><fill>0</fill></PolyStyle></Style>
	<ExtendedData><SchemaData schemaUrl="#tracks">
		<SimpleData name="fid">122</SimpleData>
		<SimpleData name="FType">0</SimpleData>
		<SimpleData name="Owner">DTE</SimpleData>
		<SimpleData name="Usage">Unknown</SimpleData>
		<SimpleData name="Status">Unknown</SimpleData>
		<SimpleData name="Surface">Unknown</SimpleData>
		<SimpleData name="Restriction">Staff</SimpleData>
		<SimpleData name="Lanes">0</SimpleData>
		<SimpleData name="GlobalID">{8DCF1B6F-B2A8-4F71-A4EF-AD508113E46F}</SimpleData>
		<SimpleData name="created_user">WELNIG</SimpleData>
		<SimpleData name="last_edited_user">WELNIG</SimpleData>
		<SimpleData name="VehicleTravel">Unknown</SimpleData>
		<SimpleData name="VehicleRequirement">Unknown</SimpleData>
		<SimpleData name="VehicleLimitation">Unknown</SimpleData>
		<SimpleData name="SHAPE_Length">89.9214463752</SimpleData>
	</SchemaData></ExtendedData>
      <MultiGeometry><LineString><coordinates>144.147407732568,-35.1463724428338 144.147312224946,-35.1467403172739</coordinates></LineString></MultiGeometry>
  </Placemark>
  <Placemark>
	<name>NULL</name>
	<Style><LineStyle><color>ff0000ff</color></LineStyle><PolyStyle><fill>0</fill></PolyStyle></Style>
	<ExtendedData><SchemaData schemaUrl="#tracks">
		<SimpleData name="fid">123</SimpleData>
		<SimpleData name="FType">0</SimpleData>
		<SimpleData name="Owner">DTE</SimpleData>
		<SimpleData name="Usage">Unknown</SimpleData>
		<SimpleData name="Status">Unknown</SimpleData>
		<SimpleData name="Surface">Unknown</SimpleData>
		<SimpleData name="Restriction">Staff</SimpleData>
		<SimpleData name="Lanes">0</SimpleData>
		<SimpleData name="GlobalID">{97E6E243-FEAC-407D-9078-42D3BCDDC772}</SimpleData>
		<SimpleData name="created_user">WELNIG</SimpleData>
		<SimpleData name="last_edited_user">WELNIG</SimpleData>
		<SimpleData name="VehicleTravel">Unknown</SimpleData>
		<SimpleData name="VehicleRequirement">Unknown</SimpleData>
		<SimpleData name="VehicleLimitation">Unknown</SimpleData>
		<SimpleData name="SHAPE_Length">263.99942029</SimpleData>
	</SchemaData></ExtendedData>
      <MultiGeometry><LineString><coordinates>144.146520826116,-35.149736461955 144.146649652362,-35.1492867108419 144.146751056111,-35.1490799987502 144.146804111723,-35.1488250085939 144.146912922904,-35.1479024987118 144.14701274819,-35.1476381914707 144.147169616496,-35.1471795385031 144.147312224946,-35.1467403172739</coordinates></LineString></MultiGeometry>
  </Placemark>
  <Placemark>
	<name>NULL</name>
	<Style><LineStyle><color>ff0000ff</color></LineStyle><PolyStyle><fill>0</fill></PolyStyle></Style>
	<ExtendedData><SchemaData schemaUrl="#tracks">
		<SimpleData name="fid">125</SimpleData>
		<SimpleData name="FType">0</SimpleData>
		<SimpleData name="Owner">DTE</SimpleData>
		<SimpleData name="Usage">Unknown</SimpleData>
		<SimpleData name="Status">Unknown</SimpleData>
		<SimpleData name="Surface">Unknown</SimpleData>
		<SimpleData name="Restriction">Staff</SimpleData>
		<SimpleData name="Lanes">0</SimpleData>
		<SimpleData name="GlobalID">{C797E32C-AF34-47B2-BCEA-278D5A40B2B5}</SimpleData>
		<SimpleData name="created_user">WELNIG</SimpleData>
		<SimpleData name="last_edited_user">WELNIG</SimpleData>
		<SimpleData name="VehicleTravel">Unknown</SimpleData>
		<SimpleData name="VehicleRequirement">Unknown</SimpleData>
		<SimpleData name="VehicleLimitation">Unknown</SimpleData>
		<SimpleData name="SHAPE_Length">36.9139955127</SimpleData>
	</SchemaData></ExtendedData>
      <MultiGeometry><LineString><coordinates>144.145834985885,-35.1465638627317 144.145504610677,-35.1465405411986</coordinates></LineString></MultiGeometry>
  </Placemark>
  <Placemark>
	<name>NULL</name>
	<Style><LineStyle><color>ff0000ff</color></LineStyle><PolyStyle><fill>0</fill></PolyStyle></Style>
	<ExtendedData><SchemaData schemaUrl="#tracks">
		<SimpleData name="fid">126</SimpleData>
		<SimpleData name="FType">0</SimpleData>
		<SimpleData name="Owner">DTE</SimpleData>
		<SimpleData name="Usage">Unknown</SimpleData>
		<SimpleData name="Status">Unknown</SimpleData>
		<SimpleData name="Surface">Unknown</SimpleData>
		<SimpleData name="Restriction">Staff</SimpleData>
		<SimpleData name="Lanes">0</SimpleData>
		<SimpleData name="GlobalID">{C4890949-D5CF-43DE-8A13-D42DBB16A71C}</SimpleData>
		<SimpleData name="created_user">WELNIG</SimpleData>
		<SimpleData name="last_edited_user">WELNIG</SimpleData>
		<SimpleData name="VehicleTravel">Unknown</SimpleData>
		<SimpleData name="VehicleRequirement">Unknown</SimpleData>
		<SimpleData name="VehicleLimitation">Unknown</SimpleData>
		<SimpleData name="SHAPE_Length">99.941047435</SimpleData>
	</SchemaData></ExtendedData>
      <MultiGeometry><LineString><coordinates>144.144706031326,-35.1475291115715 144.14466074225,-35.1470043649486 144.14487475961,-35.1465376258229</coordinates></LineString></MultiGeometry>
  </Placemark>
  <Placemark>
	<name>NULL</name>
	<Style><LineStyle><color>ff0000ff</color></LineStyle><PolyStyle><fill>0</fill></PolyStyle></Style>
	<ExtendedData><SchemaData schemaUrl="#tracks">
		<SimpleData name="fid">127</SimpleData>
		<SimpleData name="FType">0</SimpleData>
		<SimpleData name="Owner">DTE</SimpleData>
		<SimpleData name="Usage">Unknown</SimpleData>
		<SimpleData name="Status">Unknown</SimpleData>
		<SimpleData name="Surface">Unknown</SimpleData>
		<SimpleData name="Restriction">Staff</SimpleData>
		<SimpleData name="Lanes">0</SimpleData>
		<SimpleData name="GlobalID">{947C351D-59A4-4108-A44B-A8037E4509E6}</SimpleData>
		<SimpleData name="created_user">WELNIG</SimpleData>
		<SimpleData name="last_edited_user">WELNIG</SimpleData>
		<SimpleData name="VehicleTravel">Unknown</SimpleData>
		<SimpleData name="VehicleRequirement">Unknown</SimpleData>
		<SimpleData name="VehicleLimitation">Unknown</SimpleData>
		<SimpleData name="SHAPE_Length">70.2369651442</SimpleData>
	</SchemaData></ExtendedData>
      <MultiGeometry><LineString><coordinates>144.145504610677,-35.1465405411986 144.145202757877,-35.1465424847824 144.145014991118,-35.1465502583824 144.14487475961,-35.1465376258229</coordinates></LineString></MultiGeometry>
  </Placemark>
  <Placemark>
	<name>NULL</name>
	<Style><LineStyle><color>ff0000ff</color></LineStyle><PolyStyle><fill>0</fill></PolyStyle></Style>
	<ExtendedData><SchemaData schemaUrl="#tracks">
		<SimpleData name="fid">128</SimpleData>
		<SimpleData name="FType">0</SimpleData>
		<SimpleData name="Owner">DTE</SimpleData>
		<SimpleData name="Usage">Unknown</SimpleData>
		<SimpleData name="Status">Unknown</SimpleData>
		<SimpleData name="Surface">Unknown</SimpleData>
		<SimpleData name="Restriction">Staff</SimpleData>
		<SimpleData name="Lanes">0</SimpleData>
		<SimpleData name="GlobalID">{184C16CA-2AFE-4B4E-967E-E20E9CDFEF4E}</SimpleData>
		<SimpleData name="created_user">WELNIG</SimpleData>
		<SimpleData name="last_edited_user">WELNIG</SimpleData>
		<SimpleData name="VehicleTravel">Unknown</SimpleData>
		<SimpleData name="VehicleRequirement">Unknown</SimpleData>
		<SimpleData name="VehicleLimitation">Unknown</SimpleData>
		<SimpleData name="SHAPE_Length">24.8267476619</SimpleData>
	</SchemaData></ExtendedData>
      <MultiGeometry><LineString><coordinates>144.145504610677,-35.1465405411986 144.145582208948,-35.1463695739577</coordinates></LineString></MultiGeometry>
  </Placemark>
  <Placemark>
	<name>NULL</name>
	<Style><LineStyle><color>ff0000ff</color></LineStyle><PolyStyle><fill>0</fill></PolyStyle></Style>
	<ExtendedData><SchemaData schemaUrl="#tracks">
		<SimpleData name="fid">129</SimpleData>
		<SimpleData name="FType">0</SimpleData>
		<SimpleData name="Owner">DTE</SimpleData>
		<SimpleData name="Usage">Unknown</SimpleData>
		<SimpleData name="Status">Unknown</SimpleData>
		<SimpleData name="Surface">Unknown</SimpleData>
		<SimpleData name="Restriction">Staff</SimpleData>
		<SimpleData name="Lanes">0</SimpleData>
		<SimpleData name="GlobalID">{08D88AE1-30CA-40DA-A730-9B6C07216AB8}</SimpleData>
		<SimpleData name="created_user">WELNIG</SimpleData>
		<SimpleData name="last_edited_user">WELNIG</SimpleData>
		<SimpleData name="VehicleTravel">Unknown</SimpleData>
		<SimpleData name="VehicleRequirement">Unknown</SimpleData>
		<SimpleData name="VehicleLimitation">Unknown</SimpleData>
		<SimpleData name="SHAPE_Length">38.6190661589</SimpleData>
	</SchemaData></ExtendedData>
      <MultiGeometry><LineString><coordinates>144.145582208948,-35.1463695739577 144.145834985885,-35.1465638627317</coordinates></LineString></MultiGeometry>
  </Placemark>
  <Placemark>
	<name>NULL</name>
	<Style><LineStyle><color>ff0000ff</color></LineStyle><PolyStyle><fill>0</fill></PolyStyle></Style>
	<ExtendedData><SchemaData schemaUrl="#tracks">
		<SimpleData name="fid">130</SimpleData>
		<SimpleData name="FType">0</SimpleData>
		<SimpleData name="Owner">DTE</SimpleData>
		<SimpleData name="Usage">Unknown</SimpleData>
		<SimpleData name="Status">Unknown</SimpleData>
		<SimpleData name="Surface">Unknown</SimpleData>
		<SimpleData name="Restriction">Staff</SimpleData>
		<SimpleData name="Lanes">0</SimpleData>
		<SimpleData name="GlobalID">{F509E70B-BF57-453B-BE3E-6743155908CC}</SimpleData>
		<SimpleData name="created_user">WELNIG</SimpleData>
		<SimpleData name="last_edited_user">WELNIG</SimpleData>
		<SimpleData name="VehicleTravel">Unknown</SimpleData>
		<SimpleData name="VehicleRequirement">Unknown</SimpleData>
		<SimpleData name="VehicleLimitation">Unknown</SimpleData>
		<SimpleData name="SHAPE_Length">181.520326733</SimpleData>
	</SchemaData></ExtendedData>
      <MultiGeometry><LineString><coordinates>144.147415556356,-35.1463423071635 144.14728483172,-35.1464181026733 144.147173122621,-35.1464550286088 144.146704893745,-35.146521106093 144.146255678611,-35.1465716363297 144.146022752644,-35.1465755234957 144.145834985885,-35.1465638627317</coordinates></LineString></MultiGeometry>
  </Placemark>
  <Placemark>
	<name>NULL</name>
	<Style><LineStyle><color>ff0000ff</color></LineStyle><PolyStyle><fill>0</fill></PolyStyle></Style>
	<ExtendedData><SchemaData schemaUrl="#tracks">
		<SimpleData name="fid">131</SimpleData>
		<SimpleData name="FType">0</SimpleData>
		<SimpleData name="Owner">DTE</SimpleData>
		<SimpleData name="Usage">Unknown</SimpleData>
		<SimpleData name="Status">Unknown</SimpleData>
		<SimpleData name="Surface">Unknown</SimpleData>
		<SimpleData name="Restriction">Staff</SimpleData>
		<SimpleData name="Lanes">0</SimpleData>
		<SimpleData name="GlobalID">{6CC44DFE-5BB4-4528-9FB6-B02BF24D59DB}</SimpleData>
		<SimpleData name="created_user">WELNIG</SimpleData>
		<SimpleData name="last_edited_user">WELNIG</SimpleData>
		<SimpleData name="VehicleTravel">Unknown</SimpleData>
		<SimpleData name="VehicleRequirement">Unknown</SimpleData>
		<SimpleData name="VehicleLimitation">Unknown</SimpleData>
		<SimpleData name="SHAPE_Length">55.3926918209</SimpleData>
	</SchemaData></ExtendedData>
      <MultiGeometry><LineString><coordinates>144.147312224946,-35.1467403172739 144.147415556356,-35.1463423071635</coordinates></LineString></MultiGeometry>
  </Placemark>
  <Placemark>
	<name>NULL</name>
	<Style><LineStyle><color>ff0000ff</color></LineStyle><PolyStyle><fill>0</fill></PolyStyle></Style>
	<ExtendedData><SchemaData schemaUrl="#tracks">
		<SimpleData name="fid">133</SimpleData>
		<SimpleData name="FType">0</SimpleData>
		<SimpleData name="Owner">DTE</SimpleData>
		<SimpleData name="Usage">Unknown</SimpleData>
		<SimpleData name="Status">Unknown</SimpleData>
		<SimpleData name="Surface">Unknown</SimpleData>
		<SimpleData name="Restriction">Staff</SimpleData>
		<SimpleData name="Lanes">0</SimpleData>
		<SimpleData name="GlobalID">{6B9D078D-8EEE-4E4E-AEF7-4250AC4ECF91}</SimpleData>
		<SimpleData name="created_user">WELNIG</SimpleData>
		<SimpleData name="last_edited_user">WELNIG</SimpleData>
		<SimpleData name="VehicleTravel">Unknown</SimpleData>
		<SimpleData name="VehicleRequirement">Unknown</SimpleData>
		<SimpleData name="VehicleLimitation">Unknown</SimpleData>
		<SimpleData name="SHAPE_Length">161.854677016</SimpleData>
	</SchemaData></ExtendedData>
      <MultiGeometry><LineString><coordinates>144.14487475961,-35.1465376258229 144.144734529001,-35.1465249932614 144.144313835377,-35.1464977845477 144.144033373261,-35.146453085023 144.143738650389,-35.1463967246858 144.143541376759,-35.1463423071635 144.143462942157,-35.146299551143</coordinates></LineString></MultiGeometry>
  </Placemark>
  <Placemark>
	<name>NULL</name>
	<Style><LineStyle><color>ff0000ff</color></LineStyle><PolyStyle><fill>0</fill></PolyStyle></Style>
	<ExtendedData><SchemaData schemaUrl="#tracks">
		<SimpleData name="fid">134</SimpleData>
		<SimpleData name="FType">0</SimpleData>
		<SimpleData name="Owner">DTE</SimpleData>
		<SimpleData name="Usage">Unknown</SimpleData>
		<SimpleData name="Status">Unknown</SimpleData>
		<SimpleData name="Surface">Unknown</SimpleData>
		<SimpleData name="Restriction">Staff</SimpleData>
		<SimpleData name="Lanes">0</SimpleData>
		<SimpleData name="GlobalID">{38FBF4FA-4859-49CE-857B-5B28A81FDBBF}</SimpleData>
		<SimpleData name="created_user">WELNIG</SimpleData>
		<SimpleData name="last_edited_user">WELNIG</SimpleData>
		<SimpleData name="VehicleTravel">Unknown</SimpleData>
		<SimpleData name="VehicleRequirement">Unknown</SimpleData>
		<SimpleData name="VehicleLimitation">Unknown</SimpleData>
		<SimpleData name="SHAPE_Length">8.83316820086</SimpleData>
	</SchemaData></ExtendedData>
      <MultiGeometry><LineString><coordinates>144.143462942157,-35.146299551143 144.143414521166,-35.1462481488393</coordinates></LineString></MultiGeometry>
  </Placemark>
  <Placemark>
	<name>NULL</name>
	<Style><LineStyle><color>ff0000ff</color></LineStyle><PolyStyle><fill>0</fill></PolyStyle></Style>
	<ExtendedData><SchemaData schemaUrl="#tracks">
		<SimpleData name="fid">135</SimpleData>
		<SimpleData name="FType">0</SimpleData>
		<SimpleData name="Owner">DTE</SimpleData>
		<SimpleData name="Usage">Unknown</SimpleData>
		<SimpleData name="Status">Unknown</SimpleData>
		<SimpleData name="Surface">Unknown</SimpleData>
		<SimpleData name="Restriction">Staff</SimpleData>
		<SimpleData name="Lanes">0</SimpleData>
		<SimpleData name="GlobalID">{7B979683-3054-4F0F-94D9-12AB5154A87F}</SimpleData>
		<SimpleData name="created_user">WELNIG</SimpleData>
		<SimpleData name="last_edited_user">WELNIG</SimpleData>
		<SimpleData name="VehicleTravel">Unknown</SimpleData>
		<SimpleData name="VehicleRequirement">Unknown</SimpleData>
		<SimpleData name="VehicleLimitation">Unknown</SimpleData>
		<SimpleData name="SHAPE_Length">0.359813977502</SimpleData>
	</SchemaData></ExtendedData>
      <MultiGeometry><LineString><coordinates>144.143414521166,-35.1462481488393 144.14341743081,-35.1462492998622</coordinates></LineString></MultiGeometry>
  </Placemark>
  <Placemark>
	<name>NULL</name>
	<Style><LineStyle><color>ff0000ff</color></LineStyle><PolyStyle><fill>0</fill></PolyStyle></Style>
	<ExtendedData><SchemaData schemaUrl="#tracks">
		<SimpleData name="fid">136</SimpleData>
		<SimpleData name="FType">0</SimpleData>
		<SimpleData name="Owner">DTE</SimpleData>
		<SimpleData name="Usage">Unknown</SimpleData>
		<SimpleData name="Status">Unknown</SimpleData>
		<SimpleData name="Surface">Unknown</SimpleData>
		<SimpleData name="Restriction">Staff</SimpleData>
		<SimpleData name="Lanes">0</SimpleData>
		<SimpleData name="GlobalID">{00D43308-FB9E-40AB-8B65-4C0249987303}</SimpleData>
		<SimpleData name="created_user">WELNIG</SimpleData>
		<SimpleData name="last_edited_user">WELNIG</SimpleData>
		<SimpleData name="VehicleTravel">Unknown</SimpleData>
		<SimpleData name="VehicleRequirement">Unknown</SimpleData>
		<SimpleData name="VehicleLimitation">Unknown</SimpleData>
		<SimpleData name="SHAPE_Length">82.7448457617</SimpleData>
	</SchemaData></ExtendedData>
      <MultiGeometry><LineString><coordinates>144.140691467927,-35.145775638956 144.14065425342,-35.1459343920113 144.140639759103,-35.1460861063884 144.140612329944,-35.1461579694096 144.140555762132,-35.1461728364984 144.140470554232,-35.1461539852643 144.140366569747,-35.1461053983625</coordinates></LineString></MultiGeometry>
  </Placemark>
  <Placemark>
	<name>NULL</name>
	<Style><LineStyle><color>ff0000ff</color></LineStyle><PolyStyle><fill>0</fill></PolyStyle></Style>
	<ExtendedData><SchemaData schemaUrl="#tracks">
		<SimpleData name="fid">137</SimpleData>
		<SimpleData name="FType">0</SimpleData>
		<SimpleData name="Owner">DTE</SimpleData>
		<SimpleData name="Usage">Unknown</SimpleData>
		<SimpleData name="Status">Unknown</SimpleData>
		<SimpleData name="Surface">Unknown</SimpleData>
		<SimpleData name="Restriction">Staff</SimpleData>
		<SimpleData name="Lanes">0</SimpleData>
		<SimpleData name="GlobalID">{91DEA118-BE61-440E-8745-5C1072891726}</SimpleData>
		<SimpleData name="created_user">WELNIG</SimpleData>
		<SimpleData name="last_edited_user">WELNIG</SimpleData>
		<SimpleData name="VehicleTravel">Unknown</SimpleData>
		<SimpleData name="VehicleRequirement">Unknown</SimpleData>
		<SimpleData name="VehicleLimitation">Unknown</SimpleData>
		<SimpleData name="SHAPE_Length">328.019002899</SimpleData>
	</SchemaData></ExtendedData>
      <MultiGeometry><LineString><coordinates>144.140691467927,-35.145775638956 144.140853813262,-35.1458673216836 144.141109318383,-35.1459377731083 144.141266781374,-35.145947490364 144.141442070534,-35.1458794688146 144.141614388067,-35.1458017292017 144.141780764142,-35.145758001096 144.142036269264,-35.1457750065141 144.142383875956,-35.1458697515507 144.142612642723,-35.1459207677242 144.143108799322,-35.1461272619577 144.143414521166,-35.1462481488393</coordinates></LineString></MultiGeometry>
  </Placemark>
  <Placemark>
	<name>NULL</name>
	<Style><LineStyle><color>ff0000ff</color></LineStyle><PolyStyle><fill>0</fill></PolyStyle></Style>
	<ExtendedData><SchemaData schemaUrl="#tracks">
		<SimpleData name="fid">138</SimpleData>
		<SimpleData name="FType">0</SimpleData>
		<SimpleData name="Owner">DTE</SimpleData>
		<SimpleData name="Usage">Unknown</SimpleData>
		<SimpleData name="Status">Unknown</SimpleData>
		<SimpleData name="Surface">Unknown</SimpleData>
		<SimpleData name="Restriction">Staff</SimpleData>
		<SimpleData name="Lanes">0</SimpleData>
		<SimpleData name="GlobalID">{7DD98C11-AA8D-4B62-8F37-60C6853E8EEC}</SimpleData>
		<SimpleData name="created_user">WELNIG</SimpleData>
		<SimpleData name="last_edited_user">WELNIG</SimpleData>
		<SimpleData name="VehicleTravel">Unknown</SimpleData>
		<SimpleData name="VehicleRequirement">Unknown</SimpleData>
		<SimpleData name="VehicleLimitation">Unknown</SimpleData>
		<SimpleData name="SHAPE_Length">220.31405858</SimpleData>
	</SchemaData></ExtendedData>
      <MultiGeometry><LineString><coordinates>144.140411681344,-35.1447984757717 144.140214632293,-35.1449532861948 144.140048257116,-35.1450941898309 144.139841164002,-35.1454260865911 144.139513165735,-35.1456126619576 144.139056820673,-35.1459449973287</coordinates></LineString></MultiGeometry>
  </Placemark>
  <Placemark>
	<name>NULL</name>
	<Style><LineStyle><color>ff0000ff</color></LineStyle><PolyStyle><fill>0</fill></PolyStyle></Style>
	<ExtendedData><SchemaData schemaUrl="#tracks">
		<SimpleData name="fid">139</SimpleData>
		<SimpleData name="FType">0</SimpleData>
		<SimpleData name="Owner">DTE</SimpleData>
		<SimpleData name="Usage">Unknown</SimpleData>
		<SimpleData name="Status">Unknown</SimpleData>
		<SimpleData name="Surface">Unknown</SimpleData>
		<SimpleData name="Restriction">Staff</SimpleData>
		<SimpleData name="Lanes">0</SimpleData>
		<SimpleData name="GlobalID">{C40E9D8A-E3DA-4838-A489-EE15CD0161F2}</SimpleData>
		<SimpleData name="created_user">WELNIG</SimpleData>
		<SimpleData name="last_edited_user">WELNIG</SimpleData>
		<SimpleData name="VehicleTravel">Unknown</SimpleData>
		<SimpleData name="VehicleRequirement">Unknown</SimpleData>
		<SimpleData name="VehicleLimitation">Unknown</SimpleData>
		<SimpleData name="SHAPE_Length">142.8750921</SimpleData>
	</SchemaData></ExtendedData>
      <MultiGeometry><LineString><coordinates>144.140411681344,-35.1447984757717 144.140385790999,-35.1449781000551 144.140408282119,-35.1451519232079 144.140470910864,-35.1454360624684 144.140519397431,-35.1455682197722 144.14067034584,-35.1456696912733 144.140691467927,-35.145775638956</coordinates></LineString></MultiGeometry>
  </Placemark>
  <Placemark>
	<name>NULL</name>
	<Style><LineStyle><color>ff0000ff</color></LineStyle><PolyStyle><fill>0</fill></PolyStyle></Style>
	<ExtendedData><SchemaData schemaUrl="#tracks">
		<SimpleData name="fid">140</SimpleData>
		<SimpleData name="FType">0</SimpleData>
		<SimpleData name="Owner">DTE</SimpleData>
		<SimpleData name="Usage">Unknown</SimpleData>
		<SimpleData name="Status">Unknown</SimpleData>
		<SimpleData name="Surface">Unknown</SimpleData>
		<SimpleData name="Restriction">Staff</SimpleData>
		<SimpleData name="Lanes">0</SimpleData>
		<SimpleData name="GlobalID">{8A93238F-D9A5-4922-B6BC-CE08E420C212}</SimpleData>
		<SimpleData name="created_user">WELNIG</SimpleData>
		<SimpleData name="last_edited_user">WELNIG</SimpleData>
		<SimpleData name="VehicleTravel">Unknown</SimpleData>
		<SimpleData name="VehicleRequirement">Unknown</SimpleData>
		<SimpleData name="VehicleLimitation">Unknown</SimpleData>
		<SimpleData name="SHAPE_Length">33.3985290183</SimpleData>
	</SchemaData></ExtendedData>
      <MultiGeometry><LineString><coordinates>144.140639333301,-35.1446398909171 144.140522657417,-35.1447082866556 144.140411681344,-35.1447984757717</coordinates></LineString></MultiGeometry>
  </Placemark>
  <Placemark>
	<name>NULL</name>
	<Style><LineStyle><color>ff0000ff</color></LineStyle><PolyStyle><fill>0</fill></PolyStyle></Style>
	<ExtendedData><SchemaData schemaUrl="#tracks">
		<SimpleData name="fid">141</SimpleData>
		<SimpleData name="FType">0</SimpleData>
		<SimpleData name="Owner">DTE</SimpleData>
		<SimpleData name="Usage">Unknown</SimpleData>
		<SimpleData name="Status">Unknown</SimpleData>
		<SimpleData name="Surface">Unknown</SimpleData>
		<SimpleData name="Restriction">Staff</SimpleData>
		<SimpleData name="Lanes">0</SimpleData>
		<SimpleData name="GlobalID">{DCB112AC-3F44-4484-80F2-3907533F590C}</SimpleData>
		<SimpleData name="created_user">WELNIG</SimpleData>
		<SimpleData name="last_edited_user">WELNIG</SimpleData>
		<SimpleData name="VehicleTravel">Unknown</SimpleData>
		<SimpleData name="VehicleRequirement">Unknown</SimpleData>
		<SimpleData name="VehicleLimitation">Unknown</SimpleData>
		<SimpleData name="SHAPE_Length">27.4423539508</SimpleData>
	</SchemaData></ExtendedData>
      <MultiGeometry><LineString><coordinates>144.140411681344,-35.1447984757717 144.140374968096,-35.1446700649098 144.140318341894,-35.1446179608125</coordinates></LineString></MultiGeometry>
  </Placemark>
  <Placemark>
	<name>NULL</name>
	<Style><LineStyle><color>ff0000ff</color></LineStyle><PolyStyle><fill>0</fill></PolyStyle></Style>
	<ExtendedData><SchemaData schemaUrl="#tracks">
		<SimpleData name="fid">142</SimpleData>
		<SimpleData name="FType">0</SimpleData>
		<SimpleData name="Owner">DTE</SimpleData>
		<SimpleData name="Usage">Unknown</SimpleData>
		<SimpleData name="Status">Unknown</SimpleData>
		<SimpleData name="Surface">Unknown</SimpleData>
		<SimpleData name="Restriction">Staff</SimpleData>
		<SimpleData name="Lanes">0</SimpleData>
		<SimpleData name="GlobalID">{15FC06B5-13D9-4A72-81D8-7884A0ACE2B5}</SimpleData>
		<SimpleData name="created_user">WELNIG</SimpleData>
		<SimpleData name="last_edited_user">WELNIG</SimpleData>
		<SimpleData name="VehicleTravel">Unknown</SimpleData>
		<SimpleData name="VehicleRequirement">Unknown</SimpleData>
		<SimpleData name="VehicleLimitation">Unknown</SimpleData>
		<SimpleData name="SHAPE_Length">37.9524030373</SimpleData>
	</SchemaData></ExtendedData>
      <MultiGeometry><LineString><coordinates>144.140639333301,-35.1446398909171 144.140467167584,-35.1446739066243 144.140419631434,-35.1446569009761 144.140318341894,-35.1446179608125</coordinates></LineString></MultiGeometry>
  </Placemark>
  <Placemark>
	<name>NULL</name>
	<Style><LineStyle><color>ff0000ff</color></LineStyle><PolyStyle><fill>0</fill></PolyStyle></Style>
	<ExtendedData><SchemaData schemaUrl="#tracks">
		<SimpleData name="fid">143</SimpleData>
		<SimpleData name="FType">0</SimpleData>
		<SimpleData name="Owner">DTE</SimpleData>
		<SimpleData name="Usage">Unknown</SimpleData>
		<SimpleData name="Status">Unknown</SimpleData>
		<SimpleData name="Surface">Unknown</SimpleData>
		<SimpleData name="Restriction">Staff</SimpleData>
		<SimpleData name="Lanes">0</SimpleData>
		<SimpleData name="GlobalID">{E196C66B-44F7-4BC5-A824-2D3B8B928C72}</SimpleData>
		<SimpleData name="created_user">WELNIG</SimpleData>
		<SimpleData name="last_edited_user">WELNIG</SimpleData>
		<SimpleData name="VehicleTravel">Unknown</SimpleData>
		<SimpleData name="VehicleRequirement">Unknown</SimpleData>
		<SimpleData name="VehicleLimitation">Unknown</SimpleData>
		<SimpleData name="SHAPE_Length">353.38532181</SimpleData>
	</SchemaData></ExtendedData>
      <MultiGeometry><LineString><coordinates>144.143414521166,-35.1462481488393 144.143327464534,-35.1461557342042 144.143234769176,-35.1459691600827 144.143168219285,-35.145879760428 144.143068393999,-35.1457845298698 144.142947177131,-35.1456601466023 144.142766540301,-35.1455143849254 144.142550252032,-35.1454385885739 144.142293557541,-35.1453511319487 144.142063008516,-35.1452500699283 144.141749271005,-35.1450770983283 144.141511051267,-35.1449107938829 144.141340982217,-35.1447412276833 144.141240734723,-35.1446031779133 144.141137133818,-35.1445463491182</coordinates></LineString></MultiGeometry>
  </Placemark>
  <Placemark>
	<name>NULL</name>
	<Style><LineStyle><color>ff0000ff</color></LineStyle><PolyStyle><fill>0</fill></PolyStyle></Style>
	<ExtendedData><SchemaData schemaUrl="#tracks">
		<SimpleData name="fid">144</SimpleData>
		<SimpleData name="FType">0</SimpleData>
		<SimpleData name="Owner">DTE</SimpleData>
		<SimpleData name="Usage">Unknown</SimpleData>
		<SimpleData name="Status">Unknown</SimpleData>
		<SimpleData name="Surface">Unknown</SimpleData>
		<SimpleData name="Restriction">Staff</SimpleData>
		<SimpleData name="Lanes">0</SimpleData>
		<SimpleData name="GlobalID">{12972247-EC0A-4691-AA27-1B22749C414A}</SimpleData>
		<SimpleData name="created_user">WELNIG</SimpleData>
		<SimpleData name="last_edited_user">WELNIG</SimpleData>
		<SimpleData name="VehicleTravel">Unknown</SimpleData>
		<SimpleData name="VehicleRequirement">Unknown</SimpleData>
		<SimpleData name="VehicleLimitation">Unknown</SimpleData>
		<SimpleData name="SHAPE_Length">58.3884111766</SimpleData>
	</SchemaData></ExtendedData>
      <MultiGeometry><LineString><coordinates>144.141137133818,-35.1445463491182 144.141025431007,-35.1445270244541 144.140850586513,-35.144585016062 144.140639333301,-35.1446398909171</coordinates></LineString></MultiGeometry>
  </Placemark>
  <Placemark>
	<name>NULL</name>
	<Style><LineStyle><color>ff0000ff</color></LineStyle><PolyStyle><fill>0</fill></PolyStyle></Style>
	<ExtendedData><SchemaData schemaUrl="#tracks">
		<SimpleData name="fid">145</SimpleData>
		<SimpleData name="FType">0</SimpleData>
		<SimpleData name="Owner">DTE</SimpleData>
		<SimpleData name="Usage">Unknown</SimpleData>
		<SimpleData name="Status">Unknown</SimpleData>
		<SimpleData name="Surface">Unknown</SimpleData>
		<SimpleData name="Restriction">Staff</SimpleData>
		<SimpleData name="Lanes">0</SimpleData>
		<SimpleData name="GlobalID">{E5C2AA88-3962-4CEE-A290-C224087A523C}</SimpleData>
		<SimpleData name="created_user">WELNIG</SimpleData>
		<SimpleData name="last_edited_user">WELNIG</SimpleData>
		<SimpleData name="VehicleTravel">Unknown</SimpleData>
		<SimpleData name="VehicleRequirement">Unknown</SimpleData>
		<SimpleData name="VehicleLimitation">Unknown</SimpleData>
		<SimpleData name="SHAPE_Length">122.388425819</SimpleData>
	</SchemaData></ExtendedData>
      <MultiGeometry><LineString><coordinates>144.141137133818,-35.1445463491182 144.141272922258,-35.1443406610893 144.141486492225,-35.1441011857904 144.141528737298,-35.1440129241201 144.141584262165,-35.1439110759276 144.14178103184,-35.143887699277</coordinates></LineString></MultiGeometry>
  </Placemark>
  <Placemark>
	<name>NULL</name>
	<Style><LineStyle><color>ff0000ff</color></LineStyle><PolyStyle><fill>0</fill></PolyStyle></Style>
	<ExtendedData><SchemaData schemaUrl="#tracks">
		<SimpleData name="fid">146</SimpleData>
		<SimpleData name="FType">0</SimpleData>
		<SimpleData name="Owner">DTE</SimpleData>
		<SimpleData name="Usage">Unknown</SimpleData>
		<SimpleData name="Status">Unknown</SimpleData>
		<SimpleData name="Surface">Unknown</SimpleData>
		<SimpleData name="Restriction">Staff</SimpleData>
		<SimpleData name="Lanes">0</SimpleData>
		<SimpleData name="GlobalID">{CE4A9259-B806-4BAC-B9DC-7B90190AF7E6}</SimpleData>
		<SimpleData name="created_user">WELNIG</SimpleData>
		<SimpleData name="last_edited_user">WELNIG</SimpleData>
		<SimpleData name="VehicleTravel">Unknown</SimpleData>
		<SimpleData name="VehicleRequirement">Unknown</SimpleData>
		<SimpleData name="VehicleLimitation">Unknown</SimpleData>
		<SimpleData name="SHAPE_Length">96.8538509829</SimpleData>
	</SchemaData></ExtendedData>
      <MultiGeometry><LineString><coordinates>144.14178103184,-35.143887699277 144.142081858764,-35.1438821673015 144.142393561591,-35.1438702615429 144.142631241443,-35.1437900908163</coordinates></LineString></MultiGeometry>
  </Placemark>
  <Placemark>
	<name>NULL</name>
	<Style><LineStyle><color>ff0000ff</color></LineStyle><PolyStyle><fill>0</fill></PolyStyle></Style>
	<ExtendedData><SchemaData schemaUrl="#tracks">
		<SimpleData name="fid">147</SimpleData>
		<SimpleData name="FType">0</SimpleData>
		<SimpleData name="Owner">DTE</SimpleData>
		<SimpleData name="Usage">Unknown</SimpleData>
		<SimpleData name="Status">Unknown</SimpleData>
		<SimpleData name="Surface">Unknown</SimpleData>
		<SimpleData name="Restriction">Staff</SimpleData>
		<SimpleData name="Lanes">0</SimpleData>
		<SimpleData name="GlobalID">{5F49D9C4-9051-45A2-8BD8-B150ABEDD213}</SimpleData>
		<SimpleData name="created_user">WELNIG</SimpleData>
		<SimpleData name="last_edited_user">WELNIG</SimpleData>
		<SimpleData name="VehicleTravel">Unknown</SimpleData>
		<SimpleData name="VehicleRequirement">Unknown</SimpleData>
		<SimpleData name="VehicleLimitation">Unknown</SimpleData>
		<SimpleData name="SHAPE_Length">410.030465166</SimpleData>
	</SchemaData></ExtendedData>
      <MultiGeometry><LineString><coordinates>144.148891720134,-35.1436063033459 144.148672881547,-35.1439809568236 144.148378158676,-35.1445815048927 144.148235551124,-35.1449799232098 144.148073928933,-35.1453958320786 144.14793845131,-35.1456815247834 144.147810104514,-35.145885590492 144.147679380776,-35.1460779948553 144.14754152621,-35.1462354163355 144.147415556356,-35.1463423071635</coordinates></LineString></MultiGeometry>
  </Placemark>
  <Placemark>
	<name>Friendship Drive</name>
	<Style><LineStyle><color>ff0000ff</color></LineStyle><PolyStyle><fill>0</fill></PolyStyle></Style>
	<ExtendedData><SchemaData schemaUrl="#tracks">
		<SimpleData name="fid">148</SimpleData>
		<SimpleData name="FType">0</SimpleData>
		<SimpleData name="Owner">DTE</SimpleData>
		<SimpleData name="Usage">Unknown</SimpleData>
		<SimpleData name="Status">Unknown</SimpleData>
		<SimpleData name="Surface">Unknown</SimpleData>
		<SimpleData name="Restriction">Staff</SimpleData>
		<SimpleData name="Lanes">0</SimpleData>
		<SimpleData name="GlobalID">{7898ECB8-AFB5-48CF-BD49-9FF9AB589455}</SimpleData>
		<SimpleData name="created_user">WELNIG</SimpleData>
		<SimpleData name="last_edited_user">WELNIG</SimpleData>
		<SimpleData name="VehicleTravel">Unknown</SimpleData>
		<SimpleData name="VehicleRequirement">Unknown</SimpleData>
		<SimpleData name="VehicleLimitation">Unknown</SimpleData>
		<SimpleData name="SHAPE_Length">998.092409705</SimpleData>
	</SchemaData></ExtendedData>
      <MultiGeometry><LineString><coordinates>144.148891720134,-35.1436063033459 144.149064037666,-35.1436646100026 144.14924823991,-35.14369862171 144.149485918863,-35.1437180567551 144.149788961033,-35.1437472100486 144.150062292322,-35.143771504207 144.150252436024,-35.1437909392347 144.150430695912,-35.1438006567468 144.150593832455,-35.1438365803578 144.15072069106,-35.1439120867459 144.150775717908,-35.1440390958785 144.150793158044,-35.1441796446907 144.150727795726,-35.1444080081335 144.1506089558,-35.1446995351892 144.15054359438,-35.1448793095396 144.150454464436,-35.1451076710192 144.150341565968,-35.1453700428671 144.150228668398,-35.1456081202661 144.150145480809,-35.1458073278902 144.150062292322,-35.1459482300478 144.149961278565,-35.1461182844056 144.149818671014,-35.1463660768216 144.149693888733,-35.1465749997713 144.149592874976,-35.1467790632396 144.14947403505,-35.1470414296992 144.149384905106,-35.1472795022088 144.149307659873,-35.1475078569537 144.149206645218,-35.1477605040256 144.149147225255,-35.1479791404087 144.149064037666,-35.1482123520502 144.148826357815,-35.1489314160303 144.148689692619,-35.1493735407079</coordinates></LineString></MultiGeometry>
  </Placemark>
  <Placemark>
	<name>NULL</name>
	<Style><LineStyle><color>ff0000ff</color></LineStyle><PolyStyle><fill>0</fill></PolyStyle></Style>
	<ExtendedData><SchemaData schemaUrl="#tracks">
		<SimpleData name="fid">149</SimpleData>
		<SimpleData name="FType">0</SimpleData>
		<SimpleData name="Owner">DTE</SimpleData>
		<SimpleData name="Usage">Unknown</SimpleData>
		<SimpleData name="Status">Unknown</SimpleData>
		<SimpleData name="Surface">Unknown</SimpleData>
		<SimpleData name="Restriction">Staff</SimpleData>
		<SimpleData name="Lanes">0</SimpleData>
		<SimpleData name="GlobalID">{0D7605AA-D788-42AC-AA0D-91B99E019CDC}</SimpleData>
		<SimpleData name="created_user">WELNIG</SimpleData>
		<SimpleData name="last_edited_user">WELNIG</SimpleData>
		<SimpleData name="VehicleTravel">Unknown</SimpleData>
		<SimpleData name="VehicleRequirement">Unknown</SimpleData>
		<SimpleData name="VehicleLimitation">Unknown</SimpleData>
		<SimpleData name="SHAPE_Length">277.833988116</SimpleData>
	</SchemaData></ExtendedData>
      <MultiGeometry><LineString><coordinates>144.14178103184,-35.143887699277 144.141507935011,-35.1437759622611 144.141278605,-35.1436821322554 144.141146083733,-35.1436704394907 144.14104413483,-35.1436697585512 144.140962531869,-35.1436679236141 144.140932750023,-35.143615844585 144.140869731409,-35.1433726575995 144.140828680197,-35.143242040789 144.140809820966,-35.1429974570064 144.140751567016,-35.1428797753658 144.140745782764,-35.1427375339152 144.1407476297,-35.1425680865961 144.140771397326,-35.1423980248204 144.140787022622,-35.1423748622308</coordinates></LineString></MultiGeometry>
  </Placemark>
  <Placemark>
	<name>NULL</name>
	<Style><LineStyle><color>ff0000ff</color></LineStyle><PolyStyle><fill>0</fill></PolyStyle></Style>
	<ExtendedData><SchemaData schemaUrl="#tracks">
		<SimpleData name="fid">150</SimpleData>
		<SimpleData name="FType">0</SimpleData>
		<SimpleData name="Owner">DTE</SimpleData>
		<SimpleData name="Usage">Unknown</SimpleData>
		<SimpleData name="Status">Unknown</SimpleData>
		<SimpleData name="Surface">Unknown</SimpleData>
		<SimpleData name="Restriction">Staff</SimpleData>
		<SimpleData name="Lanes">0</SimpleData>
		<SimpleData name="GlobalID">{2799B2F5-0939-4A6B-9456-40F0355BF43D}</SimpleData>
		<SimpleData name="created_user">WELNIG</SimpleData>
		<SimpleData name="last_edited_user">WELNIG</SimpleData>
		<SimpleData name="VehicleTravel">Unknown</SimpleData>
		<SimpleData name="VehicleRequirement">Unknown</SimpleData>
		<SimpleData name="VehicleLimitation">Unknown</SimpleData>
		<SimpleData name="SHAPE_Length">964.702032287</SimpleData>
	</SchemaData></ExtendedData>
      <MultiGeometry><LineString><coordinates>144.140787022622,-35.1423748622308 144.140805295253,-35.1423477748036 144.140968232578,-35.1422703183017 144.141101201206,-35.1422442871591 144.141197064922,-35.1422702426405 144.141341134931,-35.1423550529666 144.141398277664,-35.1424247493515 144.141624073702,-35.1424709084821 144.142081607236,-35.1425632281339 144.142277692395,-35.1425850926807 144.142450009927,-35.1425875226457 144.142607068677,-35.1425017510057 144.142757775439,-35.1424261457761 144.142873528753,-35.1424407307358 144.143074833123,-35.14255478055 144.14321624861,-35.1426063210822 144.143396895322,-35.1426907630379 144.143591691398,-35.1428045891924 144.143769387145,-35.1427672899079 144.143908694286,-35.1427280623575 144.144105849338,-35.1427647710651 144.144234918379,-35.1428730687449 144.144370033981,-35.1430881489935 144.144337931786,-35.1432870513296 144.144306883315,-35.1434062426466 144.144390070904,-35.1435374314187 144.144575255905,-35.1436642294992 144.144712434937,-35.1438212303373 144.144829778269,-35.1440427494296 144.144924850569,-35.1441982312068 144.144954085341,-35.1443725922512 144.144902117802,-35.1445763556672 144.144909996925,-35.144687248317 144.145027761568,-35.1448665371558 144.145068916984,-35.1451614958514 144.145067575799,-35.1452910812145 144.144990601858,-35.1454834789033 144.14494209912,-35.1456192317274 144.144951487414,-35.1457247600512 144.145070594139,-35.145897847067 144.145275699281,-35.1461332940025 144.145551464107,-35.1463459431283 144.145582208948,-35.1463695739577</coordinates></LineString></MultiGeometry>
  </Placemark>
  <Placemark>
	<name>NULL</name>
	<Style><LineStyle><color>ff0000ff</color></LineStyle><PolyStyle><fill>0</fill></PolyStyle></Style>
	<ExtendedData><SchemaData schemaUrl="#tracks">
		<SimpleData name="fid">151</SimpleData>
		<SimpleData name="FType">0</SimpleData>
		<SimpleData name="Owner">DTE</SimpleData>
		<SimpleData name="Usage">Unknown</SimpleData>
		<SimpleData name="Status">Unknown</SimpleData>
		<SimpleData name="Surface">Unknown</SimpleData>
		<SimpleData name="Restriction">Staff</SimpleData>
		<SimpleData name="Lanes">0</SimpleData>
		<SimpleData name="GlobalID">{AC47337C-E063-4A35-9EA5-6843C5BC8EBA}</SimpleData>
		<SimpleData name="created_user">WELNIG</SimpleData>
		<SimpleData name="last_edited_user">WELNIG</SimpleData>
		<SimpleData name="VehicleTravel">Unknown</SimpleData>
		<SimpleData name="VehicleRequirement">Unknown</SimpleData>
		<SimpleData name="VehicleLimitation">Unknown</SimpleData>
		<SimpleData name="SHAPE_Length">511.302463509</SimpleData>
	</SchemaData></ExtendedData>
      <MultiGeometry><LineString><coordinates>144.140318341894,-35.1446179608125 144.140243931744,-35.1445433984125 144.140177672907,-35.1444949097141 144.139885461725,-35.1444671391214 144.139589772266,-35.1444519580658 144.13947259602,-35.144433785897 144.139353400362,-35.1443858781671 144.139294812239,-35.1443280583036 144.139264507573,-35.1442338954454 144.139310973829,-35.1441248635487 144.139538119137,-35.1438527459416 144.13961114678,-35.1437017678399 144.139696846956,-35.1435119714375 144.139836377778,-35.1433688518172 144.139977665704,-35.1432757338713 144.140022593146,-35.1431849598217 144.139949382247,-35.1430328881784 144.139910996337,-35.1429370710413 144.139894922782,-35.1428102755009 144.139951402558,-35.1426727476742 144.140066558493,-35.1424893727147 144.140185754151,-35.142340689833 144.140304109885,-35.1422574397297 144.140416066021,-35.1422266999541 144.140515059467,-35.1422415677611 144.140787022622,-35.1423748622308</coordinates></LineString></MultiGeometry>
  </Placemark>
  <Placemark>
	<name>NULL</name>
	<Style><LineStyle><color>ff0000ff</color></LineStyle><PolyStyle><fill>0</fill></PolyStyle></Style>
	<ExtendedData><SchemaData schemaUrl="#tracks">
		<SimpleData name="fid">152</SimpleData>
		<SimpleData name="FType">0</SimpleData>
		<SimpleData name="Owner">DTE</SimpleData>
		<SimpleData name="Usage">Unknown</SimpleData>
		<SimpleData name="Status">Unknown</SimpleData>
		<SimpleData name="Surface">Unknown</SimpleData>
		<SimpleData name="Restriction">Staff</SimpleData>
		<SimpleData name="Lanes">0</SimpleData>
		<SimpleData name="GlobalID">{8A9A9782-61E4-4905-87E0-69665EA5712F}</SimpleData>
		<SimpleData name="created_user">WELNIG</SimpleData>
		<SimpleData name="last_edited_user">WELNIG</SimpleData>
		<SimpleData name="VehicleTravel">Unknown</SimpleData>
		<SimpleData name="VehicleRequirement">Unknown</SimpleData>
		<SimpleData name="VehicleLimitation">Unknown</SimpleData>
		<SimpleData name="SHAPE_Length">565.736381095</SimpleData>
	</SchemaData></ExtendedData>
      <MultiGeometry><LineString><coordinates>144.14542729807,-35.1406142885317 144.145576087827,-35.1407395382449 144.145831593847,-35.1409824884801 144.146021737548,-35.1412060023499 144.146217822707,-35.141390642949 144.146396082595,-35.1415169764451 144.146663472428,-35.1416918985761 144.146901152279,-35.1418425263388 144.147180425924,-35.1420708963389 144.147429989588,-35.1422944064854 144.147721147046,-35.1425324936158 144.147850104925,-35.1427439949392 144.147998628424,-35.1428731964786 144.148107376804,-35.1429989467114 144.148214332917,-35.143139853731 144.148362882824,-35.1432661845122 144.148600562675,-35.143436244474 144.148808531647,-35.14355285652 144.148891720134,-35.1436063033459</coordinates></LineString></MultiGeometry>
  </Placemark>
  <Placemark>
	<name>NULL</name>
	<Style><LineStyle><color>ff0000ff</color></LineStyle><PolyStyle><fill>0</fill></PolyStyle></Style>
	<ExtendedData><SchemaData schemaUrl="#tracks">
		<SimpleData name="fid">153</SimpleData>
		<SimpleData name="FType">0</SimpleData>
		<SimpleData name="Owner">DTE</SimpleData>
		<SimpleData name="Usage">Unknown</SimpleData>
		<SimpleData name="Status">Unknown</SimpleData>
		<SimpleData name="Surface">Unknown</SimpleData>
		<SimpleData name="Restriction">Staff</SimpleData>
		<SimpleData name="Lanes">0</SimpleData>
		<SimpleData name="GlobalID">{8BC5350E-DC3B-4CAF-8B38-377A63BD1834}</SimpleData>
		<SimpleData name="created_user">WELNIG</SimpleData>
		<SimpleData name="last_edited_user">WELNIG</SimpleData>
		<SimpleData name="VehicleTravel">Unknown</SimpleData>
		<SimpleData name="VehicleRequirement">Unknown</SimpleData>
		<SimpleData name="VehicleLimitation">Unknown</SimpleData>
		<SimpleData name="SHAPE_Length">57.1894042993</SimpleData>
	</SchemaData></ExtendedData>
      <MultiGeometry><LineString><coordinates>144.145059134331,-35.1403216625849 144.145189858069,-35.1404334205038 144.145374060313,-35.1405694733834 144.14542729807,-35.1406142885317</coordinates></LineString></MultiGeometry>
  </Placemark>
  <Placemark>
	<name>NULL</name>
	<Style><LineStyle><color>ff0000ff</color></LineStyle><PolyStyle><fill>0</fill></PolyStyle></Style>
	<ExtendedData><SchemaData schemaUrl="#tracks">
		<SimpleData name="fid">154</SimpleData>
		<SimpleData name="FType">0</SimpleData>
		<SimpleData name="Owner">DTE</SimpleData>
		<SimpleData name="Usage">Unknown</SimpleData>
		<SimpleData name="Status">Unknown</SimpleData>
		<SimpleData name="Surface">Unknown</SimpleData>
		<SimpleData name="Restriction">Staff</SimpleData>
		<SimpleData name="Lanes">0</SimpleData>
		<SimpleData name="GlobalID">{83E9E3D3-ED63-455C-9AC3-AD54983C3C89}</SimpleData>
		<SimpleData name="created_user">WELNIG</SimpleData>
		<SimpleData name="last_edited_user">WELNIG</SimpleData>
		<SimpleData name="VehicleTravel">Unknown</SimpleData>
		<SimpleData name="VehicleRequirement">Unknown</SimpleData>
		<SimpleData name="VehicleLimitation">Unknown</SimpleData>
		<SimpleData name="SHAPE_Length">346.485333407</SimpleData>
	</SchemaData></ExtendedData>
      <MultiGeometry><LineString><coordinates>144.14338938361,-35.138236317448 144.143409133071,-35.1382829711432 144.14349586092,-35.1384390942177 144.143594854366,-35.1385217003011 144.143828048929,-35.1386986740155 144.143977341743,-35.138846822145 144.144169999829,-35.1392411261097 144.144251556077,-35.1394821032731 144.144331865463,-35.1396606462062 144.144427031188,-35.1397845890685 144.144740166828,-35.1400503248911 144.145059134331,-35.1403216625849</coordinates></LineString></MultiGeometry>
  </Placemark>
  <Placemark>
	<name>NULL</name>
	<Style><LineStyle><color>ff0000ff</color></LineStyle><PolyStyle><fill>0</fill></PolyStyle></Style>
	<ExtendedData><SchemaData schemaUrl="#tracks">
		<SimpleData name="fid">157</SimpleData>
		<SimpleData name="FType">0</SimpleData>
		<SimpleData name="Owner">DTE</SimpleData>
		<SimpleData name="Usage">Unknown</SimpleData>
		<SimpleData name="Status">Unknown</SimpleData>
		<SimpleData name="Surface">Unknown</SimpleData>
		<SimpleData name="Restriction">Staff</SimpleData>
		<SimpleData name="Lanes">0</SimpleData>
		<SimpleData name="GlobalID">{B3DCCC16-3757-4498-97AC-838011A75A73}</SimpleData>
		<SimpleData name="created_user">WELNIG</SimpleData>
		<SimpleData name="last_edited_user">WELNIG</SimpleData>
		<SimpleData name="VehicleTravel">Unknown</SimpleData>
		<SimpleData name="VehicleRequirement">Unknown</SimpleData>
		<SimpleData name="VehicleLimitation">Unknown</SimpleData>
		<SimpleData name="SHAPE_Length">1842.48076081</SimpleData>
	</SchemaData></ExtendedData>
      <MultiGeometry><LineString><coordinates>144.149955520364,-35.1483225221192 144.150172997105,-35.1480076869287 144.150589517603,-35.1469187447947 144.150774918117,-35.146403583019 144.150676878317,-35.1458854332999 144.150800471229,-35.1454500923062 144.150971601189,-35.1451469069719 144.151420932347,-35.144749427404 144.151779712144,-35.1445405336495 144.152084797548,-35.1442999545817 144.152244458973,-35.1442058214225 144.152405579881,-35.1441198399508 144.152573537732,-35.1440378390807 144.152774335836,-35.1439976756557 144.153025005496,-35.144043122413 144.153180239571,-35.1431042646735 144.153195095011,-35.1429803635943 144.153177268842,-35.1428904743716 144.153135675048,-35.1428127319037 144.153055458188,-35.1427252724568 144.153007922038,-35.1426742535458 144.152993067496,-35.1425600694722 144.153022777478,-35.1423171239456 144.153126761964,-35.1417000399296 144.153293138039,-35.1407112367322 144.15359617931,-35.1388477844788 144.153905162937,-35.1369648529158 144.153994947871,-35.1363674254233</coordinates></LineString></MultiGeometry>
  </Placemark>
  <Placemark>
	<name>NULL</name>
	<Style><LineStyle><color>ff0000ff</color></LineStyle><PolyStyle><fill>0</fill></PolyStyle></Style>
	<ExtendedData><SchemaData schemaUrl="#tracks">
		<SimpleData name="fid">158</SimpleData>
		<SimpleData name="FType">0</SimpleData>
		<SimpleData name="Owner">Other</SimpleData>
		<SimpleData name="Usage">Unknown</SimpleData>
		<SimpleData name="Status">Unknown</SimpleData>
		<SimpleData name="Surface">Unknown</SimpleData>
		<SimpleData name="Restriction">Unknown</SimpleData>
		<SimpleData name="Lanes">0</SimpleData>
		<SimpleData name="GlobalID">{7336A938-7EC5-415B-971A-22BAF949BC4B}</SimpleData>
		<SimpleData name="created_user">WELNIG</SimpleData>
		<SimpleData name="last_edited_user">WELNIG</SimpleData>
		<SimpleData name="VehicleTravel">Unknown</SimpleData>
		<SimpleData name="VehicleRequirement">Unknown</SimpleData>
		<SimpleData name="VehicleLimitation">Unknown</SimpleData>
		<SimpleData name="SHAPE_Length">1617.48041878</SimpleData>
	</SchemaData></ExtendedData>
      <MultiGeometry><LineString><coordinates>144.136399998423,-35.1507566770835 144.136419013062,-35.1506167549945 144.136421390004,-35.1504651717255 144.136399998423,-35.1503544000619 144.13634057846,-35.1501581188145 144.13621936249,-35.149889931892 144.136112406378,-35.1496858762244 144.136045855588,-35.1495245751283 144.135998320337,-35.1493632729779 144.135965044942,-35.1492175179336 144.135946030302,-35.1490601022218 144.135917508792,-35.1488463275648 144.135893741166,-35.1486228346765 144.135846205016,-35.1484323798684 144.135774901241,-35.1481466968204 144.13571785822,-35.1479193156436 144.13564180056,-35.1476861031623 144.135549105202,-35.1474120781386 144.135513453764,-35.1472896409245 144.135515829808,-35.1472021855539 144.135549710667,-35.1471165113279 144.135589510525,-35.1470136709934 144.135639423618,-35.1469242717516 144.135656061315,-35.1468484774478 144.135665568186,-35.1467318693891 144.135677451999,-35.1466288662361 144.13568933671,-35.1465103150128 144.135710727393,-35.1464248023912 144.135744002788,-35.1462751549037 144.135779655125,-35.1461760383578 144.135850958901,-35.1459914078797 144.135903248037,-35.145894233853 144.136036348717,-35.1457115463392 144.136200347851,-35.1454997064945 144.136350086229,-35.1453345091412 144.136509331477,-35.1452120695361 144.136789793594,-35.1450488152184 144.136996574993,-35.1449555273095 144.137141559486,-35.1449049960694 144.137367355524,-35.1448641821831 144.137709613648,-35.1448253126356 144.138041969642,-35.1447786685664 144.138160809567,-35.1447252217759 144.138232806842,-35.1446722612246 144.138286284449,-35.1446042386093 144.138310052075,-35.1445362152027 144.138307081347,-35.1444147454793 144.138283313721,-35.1442641232112 144.138229835215,-35.1440989240845 144.138176357608,-35.1439191472759 144.138096140748,-35.1437005007201 144.13804563387,-35.1435255821711 144.138024836973,-35.1434016817333 144.138027807701,-35.143260775167 144.138060488411,-35.1431125792436 144.138105053832,-35.1429279425505 144.138134763814,-35.1427773167964 144.138128821458,-35.1426315499566 144.138137734542,-35.142490642057 144.138164473795,-35.1422185432272 144.138179328337,-35.1419755966812 144.138200125234,-35.1418589823755 144.138235777571,-35.1417520849247 144.138307081347,-35.1415990284693 144.138405124375,-35.1414459709915 144.138559616638,-35.1412589005132 144.138693311105,-35.1411155602285 144.138951787853,-35.140894476126 144.139201351517,-35.1407389880378 144.139394465947,-35.1406150833582</coordinates></LineString></MultiGeometry>
  </Placemark>
  <Placemark>
	<name>NULL</name>
	<Style><LineStyle><color>ff0000ff</color></LineStyle><PolyStyle><fill>0</fill></PolyStyle></Style>
	<ExtendedData><SchemaData schemaUrl="#tracks">
		<SimpleData name="fid">159</SimpleData>
		<SimpleData name="FType">0</SimpleData>
		<SimpleData name="Owner">Other</SimpleData>
		<SimpleData name="Usage">Unknown</SimpleData>
		<SimpleData name="Status">Unknown</SimpleData>
		<SimpleData name="Surface">Unknown</SimpleData>
		<SimpleData name="Restriction">Unknown</SimpleData>
		<SimpleData name="Lanes">0</SimpleData>
		<SimpleData name="GlobalID">{85A51BB0-0715-48EF-9131-217C6C8F7A9C}</SimpleData>
		<SimpleData name="created_user">WELNIG</SimpleData>
		<SimpleData name="last_edited_user">WELNIG</SimpleData>
		<SimpleData name="VehicleTravel">Unknown</SimpleData>
		<SimpleData name="VehicleRequirement">Unknown</SimpleData>
		<SimpleData name="VehicleLimitation">Unknown</SimpleData>
		<SimpleData name="SHAPE_Length">90.7590317885</SimpleData>
	</SchemaData></ExtendedData>
      <MultiGeometry><LineString><coordinates>144.139394465947,-35.1406150833582 144.139629175069,-35.140500896396 144.140080766248,-35.1402555154235</coordinates></LineString></MultiGeometry>
  </Placemark>
  <Placemark>
	<name>NULL</name>
	<Style><LineStyle><color>ff0000ff</color></LineStyle><PolyStyle><fill>0</fill></PolyStyle></Style>
	<ExtendedData><SchemaData schemaUrl="#tracks">
		<SimpleData name="fid">160</SimpleData>
		<SimpleData name="FType">0</SimpleData>
		<SimpleData name="Owner">Other</SimpleData>
		<SimpleData name="Usage">Unknown</SimpleData>
		<SimpleData name="Status">Unknown</SimpleData>
		<SimpleData name="Surface">Unknown</SimpleData>
		<SimpleData name="Restriction">Unknown</SimpleData>
		<SimpleData name="Lanes">0</SimpleData>
		<SimpleData name="GlobalID">{D13C9C4A-07B5-4DA9-8382-D46663F88B26}</SimpleData>
		<SimpleData name="created_user">WELNIG</SimpleData>
		<SimpleData name="last_edited_user">WELNIG</SimpleData>
		<SimpleData name="VehicleTravel">Unknown</SimpleData>
		<SimpleData name="VehicleRequirement">Unknown</SimpleData>
		<SimpleData name="VehicleLimitation">Unknown</SimpleData>
		<SimpleData name="SHAPE_Length">1486.55037976</SimpleData>
	</SchemaData></ExtendedData>
      <MultiGeometry><LineString><coordinates>144.139394465947,-35.1406150833582 144.139147675382,-35.1406262586759 144.138781648735,-35.1406301461259 144.138553475754,-35.1405757254826 144.138396607448,-35.1405290782436 144.13825756531,-35.1404663970529 144.138156550654,-35.1404445312024 144.137981262393,-35.1404226660807 144.137877277009,-35.1404226660807 144.137717278074,-35.1404351409175 144.13720286142,-35.1403619278049 144.136861196184,-35.1403060488155 144.13661163252,-35.1402064386994 144.136489821866,-35.1401408416555 144.136317504333,-35.1400728152532 144.135963955285,-35.1399440502064 144.135643087846,-35.1398201443168 144.135485624854,-35.1397885603028 144.135271713527,-35.1397569762765 144.135084540555,-35.1397399696011 144.134876570685,-35.1396962382386 144.134674543171,-35.1396476474817 144.134514109451,-35.1396087747085 144.134353675731,-35.1396063453891 144.134074402086,-35.1396330701021 144.133899112926,-35.1396549361706 144.133631723094,-35.1396938081872 144.133474260102,-35.1397108148723 144.133296000214,-35.1397059562395 144.133099915055,-35.1396622241242 144.132924625896,-35.1396184927199 144.132796872886,-35.1396087747085 144.132666149148,-35.1396330701021 144.132395788586,-35.1396768014985 144.132238325595,-35.1396913788703 144.132104631128,-35.1396743721812 144.131956081221,-35.1396282107301 144.131709488286,-35.1395528952021 144.131584706903,-35.1395310291063 144.131400504659,-35.1395115930614 144.131168767163,-35.1395043043598 144.131011304172,-35.1394727202232 144.130871667349,-35.1394217000081 144.130684494377,-35.1393488136161 144.13039036619,-35.1392419136036 144.130155657067,-35.1391447315186 144.129962542638,-35.1390864223588 144.129843702712,-35.1390548380601 144.129742688955,-35.1390426899106 144.129555515982,-35.1390354011669 144.129350516841,-35.1390402605743 144.129133634786,-35.1390426899106 144.128970229439,-35.1390402605743 144.1288395057,-35.1390281131572 144.128747405027,-35.1390062469204 144.128551318971,-35.1389333601565 144.128438421401,-35.1389066352138 144.12835367793,-35.1388878888145 144.128200741549,-35.1389114938942 144.128079483359,-35.1389189912769 144.127936322446,-35.1389042051388 144.12786403232,-35.1388824064524 144.127630310446,-35.1388337483607 144.127440165846,-35.1387924458551 144.12730350065,-35.1387535726735 144.127199515266,-35.1387001219266 144.127149008388,-35.1386418124484 144.127169805285,-35.1384620243214 144.127220745152,-35.1383298591524 144.127223640422,-35.1382932174982 144.127190557266,-35.1382728966859 144.127102066923,-35.1382341297748</coordinates></LineString></MultiGeometry>
  </Placemark>
  <Placemark>
	<Style><LineStyle><color>ff0000ff</color></LineStyle><PolyStyle><fill>0</fill></PolyStyle></Style>
	<ExtendedData><SchemaData schemaUrl="#tracks">
		<SimpleData name="fid">210</SimpleData>
		<SimpleData name="FType">0</SimpleData>
		<SimpleData name="Owner">DTE</SimpleData>
		<SimpleData name="Usage">Unknown</SimpleData>
		<SimpleData name="created_user">mattcen</SimpleData>
		<SimpleData name="Source">Trevor</SimpleData>
	</SchemaData></ExtendedData>
      <MultiGeometry><LineString><coordinates>144.142368555861,-35.1476809315974 144.142634,-35.147624 144.142701,-35.147605 144.142838,-35.1476 144.142952,-35.14761 144.14328,-35.147588</coordinates></LineString></MultiGeometry>
  </Placemark>
  <Placemark>
	<Style><LineStyle><color>ff0000ff</color></LineStyle><PolyStyle><fill>0</fill></PolyStyle></Style>
	<ExtendedData><SchemaData schemaUrl="#tracks">
		<SimpleData name="fid">211</SimpleData>
		<SimpleData name="FType">0</SimpleData>
		<SimpleData name="Owner">DTE</SimpleData>
		<SimpleData name="Usage">Unknown</SimpleData>
		<SimpleData name="created_user">mattcen</SimpleData>
		<SimpleData name="Source">Trevor</SimpleData>
	</SchemaData></ExtendedData>
      <MultiGeometry><LineString><coordinates>144.14328,-35.147588 144.143269,-35.147441 144.143285,-35.147416 144.143325,-35.147403 144.143427,-35.147413 144.143486,-35.147432 144.143611,-35.147534 144.143738,-35.147587</coordinates></LineString></MultiGeometry>
  </Placemark>
  <Placemark>
	<Style><LineStyle><color>ff0000ff</color></LineStyle><PolyStyle><fill>0</fill></PolyStyle></Style>
	<ExtendedData><SchemaData schemaUrl="#tracks">
		<SimpleData name="fid">212</SimpleData>
		<SimpleData name="FType">0</SimpleData>
		<SimpleData name="Owner">DTE</SimpleData>
		<SimpleData name="Usage">Unknown</SimpleData>
		<SimpleData name="created_user">mattcen</SimpleData>
		<SimpleData name="Source">Trevor</SimpleData>
	</SchemaData></ExtendedData>
      <MultiGeometry><LineString><coordinates>144.14328,-35.147588 144.143645,-35.147599 144.143738,-35.147587</coordinates></LineString></MultiGeometry>
  </Placemark>
  <Placemark>
	<Style><LineStyle><color>ff0000ff</color></LineStyle><PolyStyle><fill>0</fill></PolyStyle></Style>
	<ExtendedData><SchemaData schemaUrl="#tracks">
		<SimpleData name="fid">213</SimpleData>
		<SimpleData name="FType">0</SimpleData>
		<SimpleData name="Owner">DTE</SimpleData>
		<SimpleData name="Usage">Unknown</SimpleData>
		<SimpleData name="created_user">mattcen</SimpleData>
		<SimpleData name="Source">Trevor</SimpleData>
	</SchemaData></ExtendedData>
      <MultiGeometry><LineString><coordinates>144.142154,-35.147483 144.14222,-35.1476 144.142349,-35.14767 144.14241,-35.147728</coordinates></LineString></MultiGeometry>
  </Placemark>
  <Placemark>
	<Style><LineStyle><color>ff0000ff</color></LineStyle><PolyStyle><fill>0</fill></PolyStyle></Style>
	<ExtendedData><SchemaData schemaUrl="#tracks">
		<SimpleData name="fid">214</SimpleData>
		<SimpleData name="FType">0</SimpleData>
		<SimpleData name="Owner">DTE</SimpleData>
		<SimpleData name="Usage">Unknown</SimpleData>
		<SimpleData name="created_user">mattcen</SimpleData>
		<SimpleData name="Source">Trevor</SimpleData>
	</SchemaData></ExtendedData>
      <MultiGeometry><LineString><coordinates>144.14241,-35.147728 144.142487,-35.14781 144.142551374456,-35.1479209026206 144.1429512,-35.147981 144.142996,-35.148096</coordinates></LineString></MultiGeometry>
  </Placemark>
  <Placemark>
	<Style><LineStyle><color>ff0000ff</color></LineStyle><PolyStyle><fill>0</fill></PolyStyle></Style>
	<ExtendedData><SchemaData schemaUrl="#tracks">
		<SimpleData name="fid">215</SimpleData>
		<SimpleData name="FType">0</SimpleData>
		<SimpleData name="Owner">DTE</SimpleData>
		<SimpleData name="Usage">Unknown</SimpleData>
		<SimpleData name="created_user">mattcen</SimpleData>
		<SimpleData name="Source">Trevor</SimpleData>
	</SchemaData></ExtendedData>
      <MultiGeometry><LineString><coordinates>144.142597,-35.148193 144.142996,-35.148096</coordinates></LineString></MultiGeometry>
  </Placemark>
  <Placemark>
	<Style><LineStyle><color>ff0000ff</color></LineStyle><PolyStyle><fill>0</fill></PolyStyle></Style>
	<ExtendedData><SchemaData schemaUrl="#tracks">
		<SimpleData name="fid">216</SimpleData>
		<SimpleData name="FType">0</SimpleData>
		<SimpleData name="Owner">DTE</SimpleData>
		<SimpleData name="Usage">Unknown</SimpleData>
		<SimpleData name="created_user">mattcen</SimpleData>
		<SimpleData name="Source">Trevor</SimpleData>
	</SchemaData></ExtendedData>
      <MultiGeometry><LineString><coordinates>144.1425467,-35.1479202 144.142597,-35.148193</coordinates></LineString></MultiGeometry>
  </Placemark>
  <Placemark>
	<Style><LineStyle><color>ff0000ff</color></LineStyle><PolyStyle><fill>0</fill></PolyStyle></Style>
	<ExtendedData><SchemaData schemaUrl="#tracks">
		<SimpleData name="fid">217</SimpleData>
		<SimpleData name="FType">0</SimpleData>
		<SimpleData name="Owner">DTE</SimpleData>
		<SimpleData name="Usage">Unknown</SimpleData>
		<SimpleData name="created_user">mattcen</SimpleData>
		<SimpleData name="Source">Trevor</SimpleData>
	</SchemaData></ExtendedData>
      <MultiGeometry><LineString><coordinates>144.142996,-35.148096 144.1431809,-35.1481485 144.143297,-35.148085 144.143413,-35.148023 144.143668,-35.147855</coordinates></LineString></MultiGeometry>
  </Placemark>
  <Placemark>
	<Style><LineStyle><color>ff0000ff</color></LineStyle><PolyStyle><fill>0</fill></PolyStyle></Style>
	<ExtendedData><SchemaData schemaUrl="#tracks">
		<SimpleData name="fid">218</SimpleData>
		<SimpleData name="FType">0</SimpleData>
		<SimpleData name="Owner">DTE</SimpleData>
		<SimpleData name="Usage">Unknown</SimpleData>
		<SimpleData name="created_user">mattcen</SimpleData>
		<SimpleData name="Source">Trevor</SimpleData>
	</SchemaData></ExtendedData>
      <MultiGeometry><LineString><coordinates>144.143668,-35.147855 144.143747,-35.147751 144.143775,-35.147687 144.143778,-35.147631 144.143738,-35.147587</coordinates></LineString></MultiGeometry>
  </Placemark>
  <Placemark>
	<Style><LineStyle><color>ff0000ff</color></LineStyle><PolyStyle><fill>0</fill></PolyStyle></Style>
	<ExtendedData><SchemaData schemaUrl="#tracks">
		<SimpleData name="fid">219</SimpleData>
		<SimpleData name="FType">0</SimpleData>
		<SimpleData name="Owner">DTE</SimpleData>
		<SimpleData name="Usage">Unknown</SimpleData>
		<SimpleData name="created_user">mattcen</SimpleData>
		<SimpleData name="Source">Trevor</SimpleData>
	</SchemaData></ExtendedData>
      <MultiGeometry><LineString><coordinates>144.143668,-35.147855 144.143896339314,-35.1478904544495 144.14415,-35.147768 144.14429,-35.147754 144.144444,-35.147721 144.144603340164,-35.1476983721141 144.144750140033,-35.147573322324</coordinates></LineString></MultiGeometry>
  </Placemark>
  <Placemark>
	<Style><LineStyle><color>ff0000ff</color></LineStyle><PolyStyle><fill>0</fill></PolyStyle></Style>
	<ExtendedData><SchemaData schemaUrl="#tracks">
		<SimpleData name="fid">221</SimpleData>
		<SimpleData name="FType">0</SimpleData>
		<SimpleData name="Owner">DTE</SimpleData>
		<SimpleData name="Usage">Unknown</SimpleData>
		<SimpleData name="created_user">mattcen</SimpleData>
		<SimpleData name="Source">Trevor</SimpleData>
	</SchemaData></ExtendedData>
      <MultiGeometry><LineString><coordinates>144.142597,-35.148193 144.142513,-35.148235 144.142459,-35.148247 144.142337,-35.148238 144.14216,-35.148198 144.1421,-35.148205 144.142058,-35.148226 144.141882,-35.148406 144.141834,-35.148492 144.141844,-35.148532 144.14193,-35.148663</coordinates></LineString></MultiGeometry>
  </Placemark>
  <Placemark>
	<Style><LineStyle><color>ff0000ff</color></LineStyle><PolyStyle><fill>0</fill></PolyStyle></Style>
	<ExtendedData><SchemaData schemaUrl="#tracks">
		<SimpleData name="fid">222</SimpleData>
		<SimpleData name="FType">0</SimpleData>
		<SimpleData name="Owner">DTE</SimpleData>
		<SimpleData name="Usage">Unknown</SimpleData>
		<SimpleData name="created_user">mattcen</SimpleData>
		<SimpleData name="Source">Trevor</SimpleData>
	</SchemaData></ExtendedData>
      <MultiGeometry><LineString><coordinates>144.141928,-35.14866 144.141911,-35.148718 144.141842,-35.148777 144.141689,-35.148869 144.141495791998,-35.1489832709496 144.141398228851,-35.1490134376249 144.140749,-35.148967 144.140705084192,-35.1489955717447</coordinates></LineString></MultiGeometry>
  </Placemark>
  <Placemark>
	<Style><LineStyle><color>ff0000ff</color></LineStyle><PolyStyle><fill>0</fill></PolyStyle></Style>
	<ExtendedData><SchemaData schemaUrl="#tracks">
		<SimpleData name="fid">223</SimpleData>
		<SimpleData name="FType">0</SimpleData>
		<SimpleData name="Owner">DTE</SimpleData>
		<SimpleData name="Usage">Unknown</SimpleData>
		<SimpleData name="created_user">mattcen</SimpleData>
		<SimpleData name="Source">Trevor</SimpleData>
	</SchemaData></ExtendedData>
      <MultiGeometry><LineString><coordinates>144.141928,-35.14866 144.142017,-35.148696 144.142435,-35.148659 144.142483,-35.148641 144.142484274876,-35.1486023630706</coordinates></LineString></MultiGeometry>
  </Placemark>
  <Placemark>
	<Style><LineStyle><color>ff0000ff</color></LineStyle><PolyStyle><fill>0</fill></PolyStyle></Style>
	<ExtendedData><SchemaData schemaUrl="#tracks">
		<SimpleData name="fid">224</SimpleData>
		<SimpleData name="FType">0</SimpleData>
		<SimpleData name="Owner">DTE</SimpleData>
		<SimpleData name="Usage">Unknown</SimpleData>
		<SimpleData name="created_user">mattcen</SimpleData>
		<SimpleData name="Source">Trevor</SimpleData>
	</SchemaData></ExtendedData>
      <MultiGeometry><LineString><coordinates>144.142597,-35.148193 144.142505,-35.148279 144.1424612,-35.1483287 144.142484274876,-35.1486023630706 144.142555,-35.148644 144.142643,-35.14866 144.142713,-35.148651 144.142946,-35.148526 144.143061,-35.148494 144.143163,-35.14849 144.143277,-35.148521</coordinates></LineString></MultiGeometry>
  </Placemark>
  <Placemark>
	<Style><LineStyle><color>ff0000ff</color></LineStyle><PolyStyle><fill>0</fill></PolyStyle></Style>
	<ExtendedData><SchemaData schemaUrl="#tracks">
		<SimpleData name="fid">225</SimpleData>
		<SimpleData name="FType">0</SimpleData>
		<SimpleData name="Owner">DTE</SimpleData>
		<SimpleData name="Usage">Unknown</SimpleData>
		<SimpleData name="created_user">mattcen</SimpleData>
		<SimpleData name="Source">Trevor</SimpleData>
	</SchemaData></ExtendedData>
      <MultiGeometry><LineString><coordinates>144.143277,-35.148521 144.143293,-35.148293 144.143364,-35.148175 144.143413,-35.148023</coordinates></LineString></MultiGeometry>
  </Placemark>
  <Placemark>
	<name>Battery Track</name>
	<Style><LineStyle><color>ff0000ff</color></LineStyle><PolyStyle><fill>0</fill></PolyStyle></Style>
	<ExtendedData><SchemaData schemaUrl="#tracks">
		<SimpleData name="fid">228</SimpleData>
		<SimpleData name="FType">0</SimpleData>
		<SimpleData name="Owner">DTE</SimpleData>
		<SimpleData name="Usage">Unknown</SimpleData>
		<SimpleData name="created_user">mattcen</SimpleData>
		<SimpleData name="Source">John</SimpleData>
	</SchemaData></ExtendedData>
      <MultiGeometry><LineString><coordinates>144.14944,-35.152776 144.149455,-35.152804 144.149446,-35.152848 144.149418,-35.152887 144.149335,-35.152929 144.149048,-35.15297 144.148902,-35.152964 144.148845,-35.152931 144.148765,-35.152839 144.148558,-35.152685 144.148417,-35.152483 144.148183,-35.152399 144.14806,-35.152284 144.147927,-35.152132 144.147761,-35.152059 144.147471,-35.151981 144.147413,-35.151946 144.147384,-35.151889 144.147375,-35.15176 144.147343,-35.151658 144.147189,-35.151452 144.14697,-35.151217 144.146863,-35.151077 144.146771978134,-35.1508362518801</coordinates></LineString></MultiGeometry>
  </Placemark>
  <Placemark>
	<name>Evolution Road</name>
	<Style><LineStyle><color>ff0000ff</color></LineStyle><PolyStyle><fill>0</fill></PolyStyle></Style>
	<ExtendedData><SchemaData schemaUrl="#tracks">
		<SimpleData name="fid">230</SimpleData>
		<SimpleData name="FType">0</SimpleData>
		<SimpleData name="Owner">DTE</SimpleData>
		<SimpleData name="Usage">Unknown</SimpleData>
		<SimpleData name="created_user">mattcen</SimpleData>
		<SimpleData name="Source">John</SimpleData>
	</SchemaData></ExtendedData>
      <MultiGeometry><LineString><coordinates>144.149434707365,-35.1527618863087 144.149473,-35.152726 144.149584,-35.152617 144.149673,-35.152555 144.149785,-35.152518 144.150012,-35.152471 144.150336,-35.152353 144.150404,-35.152315 144.150425,-35.152259 144.15038,-35.152103 144.150345,-35.15204 144.150271,-35.151953 144.150229,-35.151815 144.150177,-35.151708 144.149963,-35.15137 144.149857,-35.15125 144.14981,-35.15114 144.149824,-35.150942 144.14989,-35.150756 144.149917,-35.1506 144.149858,-35.150275 144.149846,-35.150069 144.149824,-35.14999 144.149602,-35.149681 144.149374143155,-35.1494433302644</coordinates></LineString></MultiGeometry>
  </Placemark>
  <Placemark>
	<name>Mislocation Road</name>
	<Style><LineStyle><color>ff0000ff</color></LineStyle><PolyStyle><fill>0</fill></PolyStyle></Style>
	<ExtendedData><SchemaData schemaUrl="#tracks">
		<SimpleData name="fid">232</SimpleData>
		<SimpleData name="FType">0</SimpleData>
		<SimpleData name="Owner">DTE</SimpleData>
		<SimpleData name="Usage">Unknown</SimpleData>
		<SimpleData name="created_user">mattcen</SimpleData>
		<SimpleData name="Source">John</SimpleData>
	</SchemaData></ExtendedData>
      <MultiGeometry><LineString><coordinates>144.144001642968,-35.1495381238921 144.143991,-35.14948 144.143809,-35.149206 144.143606,-35.148936 144.143584,-35.148859 144.14359,-35.148767 144.143577,-35.14872 144.143469,-35.148622 144.143342,-35.148555 144.143277,-35.148521</coordinates></LineString></MultiGeometry>
  </Placemark>
  <Placemark>
	<name>Tortoise Track</name>
	<Style><LineStyle><color>ff0000ff</color></LineStyle><PolyStyle><fill>0</fill></PolyStyle></Style>
	<ExtendedData><SchemaData schemaUrl="#tracks">
		<SimpleData name="fid">233</SimpleData>
		<SimpleData name="FType">0</SimpleData>
		<SimpleData name="Owner">DTE</SimpleData>
		<SimpleData name="Usage">Unknown</SimpleData>
		<SimpleData name="created_user">mattcen</SimpleData>
		<SimpleData name="Source">John</SimpleData>
	</SchemaData></ExtendedData>
      <MultiGeometry><LineString><coordinates>144.147552578183,-35.1505321633447 144.147622,-35.15058 144.147816,-35.150721 144.147848,-35.150843 144.147885,-35.150901 144.148132,-35.151058 144.148283,-35.151131 144.148363,-35.151205 144.148419,-35.151301 144.148489,-35.151547 144.148597,-35.151794 144.148691,-35.151871 144.148866,-35.151946 144.148981,-35.152028 144.149035,-35.152104 144.149079,-35.152246 144.149127,-35.152288 144.149276,-35.152368 144.14932,-35.152463 144.149427,-35.152589 144.149441,-35.152654 144.149431,-35.152752 144.14944,-35.152776</coordinates></LineString></MultiGeometry>
  </Placemark>
  <Placemark>
	<Style><LineStyle><color>ff0000ff</color></LineStyle><PolyStyle><fill>0</fill></PolyStyle></Style>
	<ExtendedData><SchemaData schemaUrl="#tracks">
		<SimpleData name="fid">256</SimpleData>
		<SimpleData name="Usage">Unknown</SimpleData>
	</SchemaData></ExtendedData>
      <MultiGeometry><LineString><coordinates>144.145262824631,-35.1507683977967 144.1452168,-35.1508394 144.1450384,-35.1511305 144.145301,-35.1512708 144.1455095,-35.1513175</coordinates></LineString></MultiGeometry>
  </Placemark>
  <Placemark>
	<Style><LineStyle><color>ff0000ff</color></LineStyle><PolyStyle><fill>0</fill></PolyStyle></Style>
	<ExtendedData><SchemaData schemaUrl="#tracks">
		<SimpleData name="fid">257</SimpleData>
		<SimpleData name="Usage">Unknown</SimpleData>
	</SchemaData></ExtendedData>
      <MultiGeometry><LineString><coordinates>144.1455095,-35.1513175 144.1458845,-35.1514758</coordinates></LineString></MultiGeometry>
  </Placemark>
  <Placemark>
	<Style><LineStyle><color>ff0000ff</color></LineStyle><PolyStyle><fill>0</fill></PolyStyle></Style>
	<ExtendedData><SchemaData schemaUrl="#tracks">
		<SimpleData name="fid">258</SimpleData>
		<SimpleData name="Usage">Unknown</SimpleData>
	</SchemaData></ExtendedData>
      <MultiGeometry><LineString><coordinates>144.1458845,-35.1514758 144.1459177,-35.1515321</coordinates></LineString></MultiGeometry>
  </Placemark>
  <Placemark>
	<Style><LineStyle><color>ff0000ff</color></LineStyle><PolyStyle><fill>0</fill></PolyStyle></Style>
	<ExtendedData><SchemaData schemaUrl="#tracks">
		<SimpleData name="fid">259</SimpleData>
		<SimpleData name="Usage">Unknown</SimpleData>
	</SchemaData></ExtendedData>
      <MultiGeometry><LineString><coordinates>144.1465047,-35.1515691 144.1462336,-35.1515162 144.1460162,-35.1512905</coordinates></LineString></MultiGeometry>
  </Placemark>
  <Placemark>
	<Style><LineStyle><color>ff0000ff</color></LineStyle><PolyStyle><fill>0</fill></PolyStyle></Style>
	<ExtendedData><SchemaData schemaUrl="#tracks">
		<SimpleData name="fid">260</SimpleData>
		<SimpleData name="Usage">Unknown</SimpleData>
	</SchemaData></ExtendedData>
      <MultiGeometry><LineString><coordinates>144.1459177,-35.1515321 144.1460162,-35.1512905 144.1460378,-35.1512542 144.1458407,-35.1510067 144.145814270933,-35.1509637890424</coordinates></LineString></MultiGeometry>
  </Placemark>
  <Placemark>
	<Style><LineStyle><color>ff0000ff</color></LineStyle><PolyStyle><fill>0</fill></PolyStyle></Style>
	<ExtendedData><SchemaData schemaUrl="#tracks">
		<SimpleData name="fid">261</SimpleData>
		<SimpleData name="Usage">Unknown</SimpleData>
	</SchemaData></ExtendedData>
      <MultiGeometry><LineString><coordinates>144.1466078,-35.1512333 144.146851343895,-35.151046170288</coordinates></LineString></MultiGeometry>
  </Placemark>
  <Placemark>
	<Style><LineStyle><color>ff0000ff</color></LineStyle><PolyStyle><fill>0</fill></PolyStyle></Style>
	<ExtendedData><SchemaData schemaUrl="#tracks">
		<SimpleData name="fid">262</SimpleData>
		<SimpleData name="Usage">Unknown</SimpleData>
	</SchemaData></ExtendedData>
      <MultiGeometry><LineString><coordinates>144.1465677,-35.1509273 144.1465677,-35.1509273 144.1466078,-35.1512333</coordinates></LineString></MultiGeometry>
  </Placemark>
  <Placemark>
	<Style><LineStyle><color>ff0000ff</color></LineStyle><PolyStyle><fill>0</fill></PolyStyle></Style>
	<ExtendedData><SchemaData schemaUrl="#tracks">
		<SimpleData name="fid">263</SimpleData>
		<SimpleData name="Usage">Unknown</SimpleData>
	</SchemaData></ExtendedData>
      <MultiGeometry><LineString><coordinates>144.1459985,-35.1517358 144.1459177,-35.1515321</coordinates></LineString></MultiGeometry>
  </Placemark>
  <Placemark>
	<Style><LineStyle><color>ff0000ff</color></LineStyle><PolyStyle><fill>0</fill></PolyStyle></Style>
	<ExtendedData><SchemaData schemaUrl="#tracks">
		<SimpleData name="fid">264</SimpleData>
		<SimpleData name="Usage">Unknown</SimpleData>
	</SchemaData></ExtendedData>
      <MultiGeometry><LineString><coordinates>144.147381203442,-35.151848916055 144.1469335,-35.1518816 144.1465137,-35.1520033 144.1464462,-35.1517175 144.1465047,-35.1515691</coordinates></LineString></MultiGeometry>
  </Placemark>
  <Placemark>
	<Style><LineStyle><color>ff0000ff</color></LineStyle><PolyStyle><fill>0</fill></PolyStyle></Style>
	<ExtendedData><SchemaData schemaUrl="#tracks">
		<SimpleData name="fid">265</SimpleData>
		<SimpleData name="Usage">Unknown</SimpleData>
	</SchemaData></ExtendedData>
      <MultiGeometry><LineString><coordinates>144.1464462,-35.1517175 144.1459985,-35.1517358 144.1462336,-35.1515162</coordinates></LineString></MultiGeometry>
  </Placemark>
  <Placemark>
	<Style><LineStyle><color>ff0000ff</color></LineStyle><PolyStyle><fill>0</fill></PolyStyle></Style>
	<ExtendedData><SchemaData schemaUrl="#tracks">
		<SimpleData name="fid">266</SimpleData>
		<SimpleData name="Usage">Unknown</SimpleData>
	</SchemaData></ExtendedData>
      <MultiGeometry><LineString><coordinates>144.149014163693,-35.1497012531021 144.1494102,-35.1501821 144.1497667,-35.1508299 144.149831893518,-35.1509197546683</coordinates></LineString></MultiGeometry>
  </Placemark>
  <Placemark>
	<Style><LineStyle><color>ff0000ff</color></LineStyle><PolyStyle><fill>0</fill></PolyStyle></Style>
	<ExtendedData><SchemaData schemaUrl="#tracks">
		<SimpleData name="fid">267</SimpleData>
		<SimpleData name="Usage">Unknown</SimpleData>
	</SchemaData></ExtendedData>
      <MultiGeometry><LineString><coordinates>144.1479407,-35.1516481 144.1482428,-35.1517779</coordinates></LineString></MultiGeometry>
  </Placemark>
  <Placemark>
	<Style><LineStyle><color>ff0000ff</color></LineStyle><PolyStyle><fill>0</fill></PolyStyle></Style>
	<ExtendedData><SchemaData schemaUrl="#tracks">
		<SimpleData name="fid">268</SimpleData>
		<SimpleData name="Usage">Unknown</SimpleData>
	</SchemaData></ExtendedData>
      <MultiGeometry><LineString><coordinates>144.1473292,-35.1515998 144.1474923,-35.1514318 144.14768177115,-35.1512414040178 144.1479232,-35.1510825</coordinates></LineString></MultiGeometry>
  </Placemark>
  <Placemark>
	<Style><LineStyle><color>ff0000ff</color></LineStyle><PolyStyle><fill>0</fill></PolyStyle></Style>
	<ExtendedData><SchemaData schemaUrl="#tracks">
		<SimpleData name="fid">269</SimpleData>
		<SimpleData name="Usage">Unknown</SimpleData>
	</SchemaData></ExtendedData>
      <MultiGeometry><LineString><coordinates>144.149796725953,-35.1499520376209 144.14956320079,-35.1500069593871 144.149347622484,-35.1501061220479</coordinates></LineString></MultiGeometry>
  </Placemark>
  <Placemark>
	<Style><LineStyle><color>ff0000ff</color></LineStyle><PolyStyle><fill>0</fill></PolyStyle></Style>
	<ExtendedData><SchemaData schemaUrl="#tracks">
		<SimpleData name="fid">270</SimpleData>
		<SimpleData name="Usage">Unknown</SimpleData>
	</SchemaData></ExtendedData>
      <MultiGeometry><LineString><coordinates>144.148441756763,-35.1513809739282 144.148612815994,-35.151284345813</coordinates></LineString></MultiGeometry>
  </Placemark>
  <Placemark>
	<Style><LineStyle><color>ff0000ff</color></LineStyle><PolyStyle><fill>0</fill></PolyStyle></Style>
	<ExtendedData><SchemaData schemaUrl="#tracks">
		<SimpleData name="fid">271</SimpleData>
		<SimpleData name="Usage">Unknown</SimpleData>
	</SchemaData></ExtendedData>
      <MultiGeometry><LineString><coordinates>144.148612815994,-35.151284345813 144.148731130014,-35.1512260117879 144.1488278,-35.1512099 144.1493306,-35.1513419</coordinates></LineString></MultiGeometry>
  </Placemark>
  <Placemark>
	<Style><LineStyle><color>ff0000ff</color></LineStyle><PolyStyle><fill>0</fill></PolyStyle></Style>
	<ExtendedData><SchemaData schemaUrl="#tracks">
		<SimpleData name="fid">272</SimpleData>
		<SimpleData name="Usage">Unknown</SimpleData>
	</SchemaData></ExtendedData>
      <MultiGeometry><LineString><coordinates>144.1493306,-35.1513419 144.1496488,-35.151145 144.149819739168,-35.1510022604226</coordinates></LineString></MultiGeometry>
  </Placemark>
  <Placemark>
	<Style><LineStyle><color>ff0000ff</color></LineStyle><PolyStyle><fill>0</fill></PolyStyle></Style>
	<ExtendedData><SchemaData schemaUrl="#tracks">
		<SimpleData name="fid">273</SimpleData>
		<SimpleData name="Usage">Unknown</SimpleData>
	</SchemaData></ExtendedData>
      <MultiGeometry><LineString><coordinates>144.1482428,-35.1517779 144.1484219,-35.1519358</coordinates></LineString></MultiGeometry>
  </Placemark>
  <Placemark>
	<Style><LineStyle><color>ff0000ff</color></LineStyle><PolyStyle><fill>0</fill></PolyStyle></Style>
	<ExtendedData><SchemaData schemaUrl="#tracks">
		<SimpleData name="fid">274</SimpleData>
		<SimpleData name="Usage">Unknown</SimpleData>
	</SchemaData></ExtendedData>
      <MultiGeometry><LineString><coordinates>144.148568832025,-35.1517295789475 144.1484219,-35.1519358</coordinates></LineString></MultiGeometry>
  </Placemark>
  <Placemark>
	<Style><LineStyle><color>ff0000ff</color></LineStyle><PolyStyle><fill>0</fill></PolyStyle></Style>
	<ExtendedData><SchemaData schemaUrl="#tracks">
		<SimpleData name="fid">275</SimpleData>
		<SimpleData name="Usage">Unknown</SimpleData>
	</SchemaData></ExtendedData>
      <MultiGeometry><LineString><coordinates>144.148011687426,-35.1509815261515 144.1479232,-35.1510825 144.1479407,-35.1516481</coordinates></LineString></MultiGeometry>
  </Placemark>
  <Placemark>
	<Style><LineStyle><color>ff0000ff</color></LineStyle><PolyStyle><fill>0</fill></PolyStyle></Style>
	<ExtendedData><SchemaData schemaUrl="#tracks">
		<SimpleData name="fid">276</SimpleData>
		<SimpleData name="Usage">Unknown</SimpleData>
	</SchemaData></ExtendedData>
      <MultiGeometry><LineString><coordinates>144.1479407,-35.1516481 144.1476044,-35.1519901 144.147587168034,-35.1520122452949</coordinates></LineString></MultiGeometry>
  </Placemark>
  <Placemark>
	<Style><LineStyle><color>ff0000ff</color></LineStyle><PolyStyle><fill>0</fill></PolyStyle></Style>
	<ExtendedData><SchemaData schemaUrl="#tracks">
		<SimpleData name="fid">277</SimpleData>
		<SimpleData name="Usage">Unknown</SimpleData>
	</SchemaData></ExtendedData>
      <MultiGeometry><LineString><coordinates>144.1482428,-35.1517779 144.1476956,-35.1520004 144.147654047463,-35.1520302335519</coordinates></LineString></MultiGeometry>
  </Placemark>
  <Placemark>
	<Style><LineStyle><color>ff0000ff</color></LineStyle><PolyStyle><fill>0</fill></PolyStyle></Style>
	<ExtendedData><SchemaData schemaUrl="#tracks">
		<SimpleData name="fid">278</SimpleData>
		<SimpleData name="Usage">Unknown</SimpleData>
	</SchemaData></ExtendedData>
      <MultiGeometry><LineString><coordinates>144.1427886,-35.1475479 144.1423491,-35.1476548</coordinates></LineString></MultiGeometry>
  </Placemark>
  <Placemark>
	<Style><LineStyle><color>ff0000ff</color></LineStyle><PolyStyle><fill>0</fill></PolyStyle></Style>
	<ExtendedData><SchemaData schemaUrl="#tracks">
		<SimpleData name="fid">279</SimpleData>
		<SimpleData name="Usage">Unknown</SimpleData>
	</SchemaData></ExtendedData>
      <MultiGeometry><LineString><coordinates>144.1423491,-35.1476548 144.141896,-35.1476999</coordinates></LineString></MultiGeometry>
  </Placemark>
  <Placemark>
	<Style><LineStyle><color>ff0000ff</color></LineStyle><PolyStyle><fill>0</fill></PolyStyle></Style>
	<ExtendedData><SchemaData schemaUrl="#tracks">
		<SimpleData name="fid">280</SimpleData>
		<SimpleData name="Usage">Unknown</SimpleData>
	</SchemaData></ExtendedData>
      <MultiGeometry><LineString><coordinates>144.1404458,-35.1486164 144.1406747,-35.1489625 144.140705084192,-35.1489955717447</coordinates></LineString></MultiGeometry>
  </Placemark>
  <Placemark>
	<Style><LineStyle><color>ff0000ff</color></LineStyle><PolyStyle><fill>0</fill></PolyStyle></Style>
	<ExtendedData><SchemaData schemaUrl="#tracks">
		<SimpleData name="fid">282</SimpleData>
		<SimpleData name="Usage">Unknown</SimpleData>
	</SchemaData></ExtendedData>
      <MultiGeometry><LineString><coordinates>144.140705084192,-35.1489955717447 144.1406121,-35.1494781</coordinates></LineString></MultiGeometry>
  </Placemark>
  <Placemark>
	<Style><LineStyle><color>ff0000ff</color></LineStyle><PolyStyle><fill>0</fill></PolyStyle></Style>
	<ExtendedData><SchemaData schemaUrl="#tracks">
		<SimpleData name="fid">287</SimpleData>
		<SimpleData name="Usage">Unknown</SimpleData>
	</SchemaData></ExtendedData>
      <MultiGeometry><LineString><coordinates>144.14216,-35.148198 144.1420777,-35.1481453</coordinates></LineString></MultiGeometry>
  </Placemark>
  <Placemark>
	<Style><LineStyle><color>ff0000ff</color></LineStyle><PolyStyle><fill>0</fill></PolyStyle></Style>
	<ExtendedData><SchemaData schemaUrl="#tracks">
		<SimpleData name="fid">288</SimpleData>
		<SimpleData name="Usage">Unknown</SimpleData>
	</SchemaData></ExtendedData>
      <MultiGeometry><LineString><coordinates>144.1420132,-35.1481829 144.1420777,-35.1481453</coordinates></LineString></MultiGeometry>
  </Placemark>
  <Placemark>
	<Style><LineStyle><color>ff0000ff</color></LineStyle><PolyStyle><fill>0</fill></PolyStyle></Style>
	<ExtendedData><SchemaData schemaUrl="#tracks">
		<SimpleData name="fid">289</SimpleData>
		<SimpleData name="Usage">Unknown</SimpleData>
	</SchemaData></ExtendedData>
      <MultiGeometry><LineString><coordinates>144.141896,-35.1476999 144.141731971289,-35.1478868890749</coordinates></LineString></MultiGeometry>
  </Placemark>
  <Placemark>
	<Style><LineStyle><color>ff0000ff</color></LineStyle><PolyStyle><fill>0</fill></PolyStyle></Style>
	<ExtendedData><SchemaData schemaUrl="#tracks">
		<SimpleData name="fid">292</SimpleData>
		<SimpleData name="Usage">Unknown</SimpleData>
	</SchemaData></ExtendedData>
      <MultiGeometry><LineString><coordinates>144.140801654477,-35.148330997469 144.1410654,-35.1485097 144.141066100814,-35.1489733718537 144.141063706136,-35.1489895105371</coordinates></LineString></MultiGeometry>
  </Placemark>
  <Placemark>
	<Style><LineStyle><color>ff0000ff</color></LineStyle><PolyStyle><fill>0</fill></PolyStyle></Style>
	<ExtendedData><SchemaData schemaUrl="#tracks">
		<SimpleData name="fid">293</SimpleData>
		<SimpleData name="Usage">Unknown</SimpleData>
	</SchemaData></ExtendedData>
      <MultiGeometry><LineString><coordinates>144.1401458,-35.1494543 144.1406121,-35.1494781</coordinates></LineString></MultiGeometry>
  </Placemark>
  <Placemark>
	<Style><LineStyle><color>ff0000ff</color></LineStyle><PolyStyle><fill>0</fill></PolyStyle></Style>
	<ExtendedData><SchemaData schemaUrl="#tracks">
		<SimpleData name="fid">294</SimpleData>
		<SimpleData name="Usage">Unknown</SimpleData>
	</SchemaData></ExtendedData>
      <MultiGeometry><LineString><coordinates>144.140935024139,-35.1489803061745 144.141069,-35.1493346 144.1412862,-35.1495342</coordinates></LineString></MultiGeometry>
  </Placemark>
  <Placemark>
	<Style><LineStyle><color>ff0000ff</color></LineStyle><PolyStyle><fill>0</fill></PolyStyle></Style>
	<ExtendedData><SchemaData schemaUrl="#tracks">
		<SimpleData name="fid">295</SimpleData>
		<SimpleData name="Usage">Unknown</SimpleData>
	</SchemaData></ExtendedData>
      <MultiGeometry><LineString><coordinates>144.141731971289,-35.1478868890749 144.1419445,-35.1480731 144.1420777,-35.1481453</coordinates></LineString></MultiGeometry>
  </Placemark>
  <Placemark>
	<Style><LineStyle><color>ff0000ff</color></LineStyle><PolyStyle><fill>0</fill></PolyStyle></Style>
	<ExtendedData><SchemaData schemaUrl="#tracks">
		<SimpleData name="fid">296</SimpleData>
		<SimpleData name="Usage">Unknown</SimpleData>
	</SchemaData></ExtendedData>
      <MultiGeometry><LineString><coordinates>144.1423491,-35.1476548 144.1422491,-35.1477784 144.1419445,-35.1480731</coordinates></LineString></MultiGeometry>
  </Placemark>
  <Placemark>
	<Style><LineStyle><color>ff0000ff</color></LineStyle><PolyStyle><fill>0</fill></PolyStyle></Style>
	<ExtendedData><SchemaData schemaUrl="#tracks">
		<SimpleData name="fid">297</SimpleData>
		<SimpleData name="Usage">Unknown</SimpleData>
	</SchemaData></ExtendedData>
      <MultiGeometry><LineString><coordinates>144.141731971289,-35.1478868890749 144.1413932,-35.148083 144.140801654477,-35.148330997469 144.1404458,-35.1486164</coordinates></LineString></MultiGeometry>
  </Placemark>
  <Placemark>
	<Style><LineStyle><color>ff0000ff</color></LineStyle><PolyStyle><fill>0</fill></PolyStyle></Style>
	<ExtendedData><SchemaData schemaUrl="#tracks">
		<SimpleData name="fid">298</SimpleData>
		<SimpleData name="Usage">Unknown</SimpleData>
	</SchemaData></ExtendedData>
      <MultiGeometry><LineString><coordinates>144.143944090327,-35.1494093779416 144.14395,-35.1494015 144.1441253,-35.1491529 144.1441507,-35.1488678</coordinates></LineString></MultiGeometry>
  </Placemark>
  <Placemark>
	<Style><LineStyle><color>ff0000ff</color></LineStyle><PolyStyle><fill>0</fill></PolyStyle></Style>
	<ExtendedData><SchemaData schemaUrl="#tracks">
		<SimpleData name="fid">299</SimpleData>
		<SimpleData name="Usage">Unknown</SimpleData>
	</SchemaData></ExtendedData>
      <MultiGeometry><LineString><coordinates>144.143769931508,-35.149154037141 144.1441285,-35.1487945</coordinates></LineString></MultiGeometry>
  </Placemark>
  <Placemark>
	<Style><LineStyle><color>ff0000ff</color></LineStyle><PolyStyle><fill>0</fill></PolyStyle></Style>
	<ExtendedData><SchemaData schemaUrl="#tracks">
		<SimpleData name="fid">300</SimpleData>
		<SimpleData name="Usage">Unknown</SimpleData>
	</SchemaData></ExtendedData>
      <MultiGeometry><LineString><coordinates>144.1441507,-35.1488678 144.1441365,-35.148817 144.1441285,-35.1487945</coordinates></LineString></MultiGeometry>
  </Placemark>
  <Placemark>
	<Style><LineStyle><color>ff0000ff</color></LineStyle><PolyStyle><fill>0</fill></PolyStyle></Style>
	<ExtendedData><SchemaData schemaUrl="#tracks">
		<SimpleData name="fid">301</SimpleData>
		<SimpleData name="Usage">Unknown</SimpleData>
	</SchemaData></ExtendedData>
      <MultiGeometry><LineString><coordinates>144.1435835,-35.1488637 144.1441285,-35.1487945</coordinates></LineString></MultiGeometry>
  </Placemark>
  <Placemark>
	<Style><LineStyle><color>ff0000ff</color></LineStyle><PolyStyle><fill>0</fill></PolyStyle></Style>
	<ExtendedData><SchemaData schemaUrl="#tracks">
		<SimpleData name="fid">302</SimpleData>
		<SimpleData name="Usage">Unknown</SimpleData>
	</SchemaData></ExtendedData>
      <MultiGeometry><LineString><coordinates>144.1435269,-35.1486669 144.144057,-35.14846</coordinates></LineString></MultiGeometry>
  </Placemark>
  <Placemark>
	<Style><LineStyle><color>ff0000ff</color></LineStyle><PolyStyle><fill>0</fill></PolyStyle></Style>
	<ExtendedData><SchemaData schemaUrl="#tracks">
		<SimpleData name="fid">303</SimpleData>
		<SimpleData name="Usage">Unknown</SimpleData>
	</SchemaData></ExtendedData>
      <MultiGeometry><LineString><coordinates>144.144057,-35.14846 144.1440554,-35.1482281 144.1441272,-35.1481227</coordinates></LineString></MultiGeometry>
  </Placemark>
  <Placemark>
	<Style><LineStyle><color>ff0000ff</color></LineStyle><PolyStyle><fill>0</fill></PolyStyle></Style>
	<ExtendedData><SchemaData schemaUrl="#tracks">
		<SimpleData name="fid">304</SimpleData>
		<SimpleData name="Usage">Unknown</SimpleData>
	</SchemaData></ExtendedData>
      <MultiGeometry><LineString><coordinates>144.144057,-35.14846 144.1441285,-35.1487945</coordinates></LineString></MultiGeometry>
  </Placemark>
  <Placemark>
	<Style><LineStyle><color>ff0000ff</color></LineStyle><PolyStyle><fill>0</fill></PolyStyle></Style>
	<ExtendedData><SchemaData schemaUrl="#tracks">
		<SimpleData name="fid">305</SimpleData>
		<SimpleData name="Usage">Unknown</SimpleData>
	</SchemaData></ExtendedData>
      <MultiGeometry><LineString><coordinates>144.145513253863,-35.1482565291773 144.1454323,-35.1482818 144.1450926,-35.1483964 144.1447342,-35.1485054 144.1441285,-35.1487945</coordinates></LineString></MultiGeometry>
  </Placemark>
  <Placemark>
	<Style><LineStyle><color>ff0000ff</color></LineStyle><PolyStyle><fill>0</fill></PolyStyle></Style>
	<ExtendedData><SchemaData schemaUrl="#tracks">
		<SimpleData name="fid">306</SimpleData>
		<SimpleData name="Usage">Unknown</SimpleData>
	</SchemaData></ExtendedData>
      <MultiGeometry><LineString><coordinates>144.1441272,-35.1481227 144.1444754,-35.1479161</coordinates></LineString></MultiGeometry>
  </Placemark>
  <Placemark>
	<Style><LineStyle><color>ff0000ff</color></LineStyle><PolyStyle><fill>0</fill></PolyStyle></Style>
	<ExtendedData><SchemaData schemaUrl="#tracks">
		<SimpleData name="fid">307</SimpleData>
		<SimpleData name="Usage">Unknown</SimpleData>
	</SchemaData></ExtendedData>
      <MultiGeometry><LineString><coordinates>144.144556067061,-35.1477050853854 144.144553266118,-35.1477135807181 144.1444754,-35.1479161</coordinates></LineString></MultiGeometry>
  </Placemark>
  <Placemark>
	<Style><LineStyle><color>ff0000ff</color></LineStyle><PolyStyle><fill>0</fill></PolyStyle></Style>
	<ExtendedData><SchemaData schemaUrl="#tracks">
		<SimpleData name="fid">308</SimpleData>
		<SimpleData name="Usage">Unknown</SimpleData>
	</SchemaData></ExtendedData>
      <MultiGeometry><LineString><coordinates>144.144338831042,-35.1477435362272 144.1444754,-35.1479161</coordinates></LineString></MultiGeometry>
  </Placemark>
  <Placemark>
	<Style><LineStyle><color>ff0000ff</color></LineStyle><PolyStyle><fill>0</fill></PolyStyle></Style>
	<ExtendedData><SchemaData schemaUrl="#tracks">
		<SimpleData name="fid">309</SimpleData>
		<SimpleData name="Usage">Unknown</SimpleData>
	</SchemaData></ExtendedData>
      <MultiGeometry><LineString><coordinates>144.143896339314,-35.1478904544495 144.1437641,-35.1480547 144.14328933144,-35.1483452771148</coordinates></LineString></MultiGeometry>
  </Placemark>
  <Placemark>
	<Style><LineStyle><color>ff0000ff</color></LineStyle><PolyStyle><fill>0</fill></PolyStyle></Style>
	<ExtendedData><SchemaData schemaUrl="#tracks">
		<SimpleData name="fid">310</SimpleData>
		<SimpleData name="Usage">Unknown</SimpleData>
	</SchemaData></ExtendedData>
      <MultiGeometry><LineString><coordinates>144.1435159,-35.1479785 144.1435159,-35.1479785 144.1437641,-35.1480547</coordinates></LineString></MultiGeometry>
  </Placemark>
  <Placemark>
	<Style><LineStyle><color>ff0000ff</color></LineStyle><PolyStyle><fill>0</fill></PolyStyle></Style>
	<ExtendedData><SchemaData schemaUrl="#tracks">
		<SimpleData name="fid">312</SimpleData>
		<SimpleData name="Usage">Unknown</SimpleData>
	</SchemaData></ExtendedData>
      <MultiGeometry><LineString><coordinates>144.150775717906,-35.1440390958777 144.150757035244,-35.143840420983 144.150707739246,-35.1436084023308 144.150673433172,-35.1434528834931 144.15064475561,-35.1433047492041</coordinates></LineString></MultiGeometry>
  </Placemark>
  <Placemark>
	<Style><LineStyle><color>ff0000ff</color></LineStyle><PolyStyle><fill>0</fill></PolyStyle></Style>
	<ExtendedData><SchemaData schemaUrl="#tracks">
		<SimpleData name="fid">313</SimpleData>
		<SimpleData name="Usage">Unknown</SimpleData>
	</SchemaData></ExtendedData>
      <MultiGeometry><LineString><coordinates>144.150644755608,-35.1433047492034 144.150571602715,-35.1430395346095 144.150474795344,-35.142819693272 144.150408733678,-35.1426465054434</coordinates></LineString></MultiGeometry>
  </Placemark>
  <Placemark>
	<Style><LineStyle><color>ff0000ff</color></LineStyle><PolyStyle><fill>0</fill></PolyStyle></Style>
	<ExtendedData><SchemaData schemaUrl="#tracks">
		<SimpleData name="fid">314</SimpleData>
		<SimpleData name="Usage">Unknown</SimpleData>
	</SchemaData></ExtendedData>
      <MultiGeometry><LineString><coordinates>144.150408733676,-35.1426465054426 144.150146772943,-35.1419093884701 144.149932091505,-35.1413144976958 144.149859363598,-35.1410372058674 144.14955310135,-35.1405368534494 144.14906269948,-35.1399161312328 144.148549118684,-35.1392851918465 144.148159527566,-35.1388118822071 144.147875942218,-35.1385054493046</coordinates></LineString></MultiGeometry>
  </Placemark>
  <Placemark>
	<Style><LineStyle><color>ff0000ff</color></LineStyle><PolyStyle><fill>0</fill></PolyStyle></Style>
	<ExtendedData><SchemaData schemaUrl="#tracks">
		<SimpleData name="fid">315</SimpleData>
		<SimpleData name="Usage">Unknown</SimpleData>
	</SchemaData></ExtendedData>
      <MultiGeometry><LineString><coordinates>144.147875942216,-35.1385054493038 144.147737006399,-35.1383547172804 144.14762034015,-35.1381561623603 144.147496107237,-35.1380057764249 144.147355402067,-35.1379057670136 144.147171423829,-35.1378651721064 144.147015078368,-35.1378759926926 144.146912069647,-35.1379605908177 144.146811241993,-35.1380669965399 144.14673435882,-35.1381618795634 144.146540703802,-35.1382298371493 144.146393600531,-35.1382287878768 144.146224324039,-35.1381885379921 144.146056755348,-35.1380543396564</coordinates></LineString></MultiGeometry>
  </Placemark>
  <Placemark>
	<Style><LineStyle><color>ff0000ff</color></LineStyle><PolyStyle><fill>0</fill></PolyStyle></Style>
	<ExtendedData><SchemaData schemaUrl="#tracks">
		<SimpleData name="fid">316</SimpleData>
		<SimpleData name="Usage">Unknown</SimpleData>
	</SchemaData></ExtendedData>
      <MultiGeometry><LineString><coordinates>144.145106853735,-35.149619746221 144.144587099995,-35.1498262999984 144.144026702573,-35.1498959965099</coordinates></LineString></MultiGeometry>
  </Placemark>
  <Placemark>
	<Style><LineStyle><color>ff0000ff</color></LineStyle><PolyStyle><fill>0</fill></PolyStyle></Style>
	<ExtendedData><SchemaData schemaUrl="#tracks">
		<SimpleData name="fid">317</SimpleData>
		<SimpleData name="Usage">Unknown</SimpleData>
	</SchemaData></ExtendedData>
      <MultiGeometry><LineString><coordinates>144.144587100371,-35.1498262998458 144.144459892653,-35.1500466448788</coordinates></LineString></MultiGeometry>
  </Placemark>
  <Placemark>
	<Style><LineStyle><color>ff0000ff</color></LineStyle><PolyStyle><fill>0</fill></PolyStyle></Style>
	<ExtendedData><SchemaData schemaUrl="#tracks">
		<SimpleData name="fid">318</SimpleData>
		<SimpleData name="Usage">Unknown</SimpleData>
	</SchemaData></ExtendedData>
      <MultiGeometry><LineString><coordinates>144.144326240129,-35.1498587434245 144.144326199995,-35.1498572999984 144.144360999995,-35.1495622999984</coordinates></LineString></MultiGeometry>
  </Placemark>
  <Placemark>
	<Style><LineStyle><color>ff0000ff</color></LineStyle><PolyStyle><fill>0</fill></PolyStyle></Style>
	<ExtendedData><SchemaData schemaUrl="#tracks">
		<SimpleData name="fid">319</SimpleData>
		<SimpleData name="Usage">Unknown</SimpleData>
	</SchemaData></ExtendedData>
      <MultiGeometry><LineString><coordinates>144.143180899995,-35.1481484999984 144.143317270093,-35.1482526638252</coordinates></LineString></MultiGeometry>
  </Placemark>
</Folder>
</Document></kml>
